INFO     planner time limit: 300s
INFO     planner memory limit: 4096 MB

INFO     Running translator.
INFO     translator stdin: None
INFO     translator time limit: 299s
INFO     translator memory limit: 4096 MB
INFO     translator command line string: /usr/bin/python3 /home/buser/planopt/planopt-hs25/demo/fast-downward/builds/release/bin/translate/translate.py /home/buser/KRP_Project/Spider_Axioms/domain.pddl /home/buser/KRP_Project/Spider_Axioms/instances/sat_p03.pddl --sas-file output.sas
Parsing...
Parsing: [0.000s CPU, 0.006s wall-clock]
Normalizing task... [0.000s CPU, 0.000s wall-clock]
Instantiating...
Generating Datalog program... [0.000s CPU, 0.001s wall-clock]
Normalizing Datalog program...
Trivial rules: Converted to facts.
Normalizing Datalog program: [0.000s CPU, 0.003s wall-clock]
Preparing model... [0.000s CPU, 0.002s wall-clock]
Generated 85 rules.
Computing model... [0.210s CPU, 0.210s wall-clock]
26085 relevant atoms
13450 auxiliary atoms
39535 final queue length
84540 total queue pushes
Completing instantiation... [1.140s CPU, 1.133s wall-clock]
Instantiating: [1.350s CPU, 1.357s wall-clock]
Computing fact groups...
Finding invariants...
13 initial candidates
Finding invariants: [0.010s CPU, 0.004s wall-clock]
Checking invariant weight... [0.000s CPU, 0.000s wall-clock]
Instantiating groups... [0.000s CPU, 0.002s wall-clock]
Collecting mutex groups... [0.000s CPU, 0.000s wall-clock]
Choosing groups...
371 uncovered facts
Choosing groups: [0.000s CPU, 0.001s wall-clock]
Building translation key... [0.000s CPU, 0.001s wall-clock]
Computing fact groups: [0.010s CPU, 0.011s wall-clock]
Building STRIPS to SAS dictionary... [0.000s CPU, 0.001s wall-clock]
Building dictionary for full mutex groups... [0.000s CPU, 0.000s wall-clock]
Building mutex information...
Building mutex information: [0.010s CPU, 0.000s wall-clock]
Translating task...
Processing axioms...
Simplifying axioms... [0.010s CPU, 0.015s wall-clock]
Translator axioms removed by simplifying: 72
Processing axioms: [0.120s CPU, 0.131s wall-clock]
Translating task: [1.350s CPU, 1.362s wall-clock]
21826 effect conditions simplified
0 implied preconditions added
Detecting unreachable propositions...
0 operators removed
0 axioms removed
37 propositions removed
Detecting unreachable propositions: [0.690s CPU, 0.695s wall-clock]
Reordering and filtering variables...
407 of 408 variables necessary.
0 of 37 mutex groups necessary.
19993 of 19993 operators necessary.
3458 of 3458 axiom rules necessary.
Reordering and filtering variables: [0.240s CPU, 0.232s wall-clock]
Translator variables: 407
Translator derived variables: 252
Translator facts: 1538
Translator goal facts: 44
Translator mutex groups: 0
Translator total mutex groups size: 0
Translator operators: 19993
Translator axioms: 3458
Translator task size: 243315
Translator peak memory: 156944 KB
Writing output... [0.220s CPU, 0.211s wall-clock]
Done! [3.920s CPU, 3.922s wall-clock]
translate exit code: 0

INFO     Running search (release).
INFO     search stdin: output.sas
INFO     search time limit: 295s
INFO     search memory limit: 4096 MB
INFO     search command line string: /home/buser/planopt/planopt-hs25/demo/fast-downward/builds/release/bin/downward --search --if-unit-cost 'let(hlm,landmark_sum(lm_reasonable_orders_hps(lm_rhw()),pref=false),let(hff,ff(),iterated([lazy_greedy([hff,hlm],preferred=[hff,hlm]),lazy_wastar([hff,hlm],preferred=[hff,hlm],w=5),lazy_wastar([hff,hlm],preferred=[hff,hlm],w=3),lazy_wastar([hff,hlm],preferred=[hff,hlm],w=2),lazy_wastar([hff,hlm],preferred=[hff,hlm],w=1)],repeat_last=true,continue_on_fail=true)))' --if-non-unit-cost 'let(hlm1,landmark_sum(lm_reasonable_orders_hps(lm_rhw()),transform=adapt_costs(one),pref=false),let(hff1,ff(transform=adapt_costs(one)),let(hlm2,landmark_sum(lm_reasonable_orders_hps(lm_rhw()),transform=adapt_costs(plusone),pref=false),let(hff2,ff(transform=adapt_costs(plusone)),iterated([lazy_greedy([hff1,hlm1],preferred=[hff1,hlm1],cost_type=one,reopen_closed=false),lazy_greedy([hff2,hlm2],preferred=[hff2,hlm2],reopen_closed=false),lazy_wastar([hff2,hlm2],preferred=[hff2,hlm2],w=5),lazy_wastar([hff2,hlm2],preferred=[hff2,hlm2],w=3),lazy_wastar([hff2,hlm2],preferred=[hff2,hlm2],w=2),lazy_wastar([hff2,hlm2],preferred=[hff2,hlm2],w=1)],repeat_last=true,continue_on_fail=true)))))' --always --internal-plan-file /home/buser/KRP_Project/runs/axioms_sat_p03_lama.plan < output.sas
[t=0.000000s, 14580 KB] reading input...
[t=0.139906s, 24056 KB] done reading input!
[t=0.148108s, 24452 KB] Initializing landmark sum heuristic...
[t=0.151929s, 24452 KB] Generating landmark graph...
[t=0.151929s, 24716 KB] Building a landmark graph with reasonable orders.
[t=0.151929s, 25112 KB] Initializing Exploration...
[t=0.171900s, 31828 KB] Generating landmarks using the RPG/SAS+ approach
[t=1.847854s, 35992 KB] Landmarks generation time: 1.695925s
[t=1.847854s, 35992 KB] Discovered 351 landmarks, of which 0 are disjunctive and 0 are conjunctive.
[t=1.847854s, 35992 KB] 4179 edges
[t=1.847854s, 35992 KB] approx. reasonable orders
[t=2.211830s, 35992 KB] Landmarks generation time: 2.059900s
[t=2.211830s, 35992 KB] Discovered 351 landmarks, of which 0 are disjunctive and 0 are conjunctive.
[t=2.211830s, 35992 KB] 4329 edges
[t=2.211830s, 35992 KB] Landmark graph generation time: 2.059900s
[t=2.211830s, 35992 KB] Landmark graph contains 351 landmarks, of which 0 are disjunctive and 0 are conjunctive.
[t=2.211830s, 35992 KB] Landmark graph contains 4329 orderings.
[t=2.231996s, 39884 KB] Simplifying 65823 unary operators... done! [65823 unary operators]
[t=2.263838s, 40280 KB] time to simplify: 0.031842s
[t=2.267860s, 42176 KB] Initializing additive heuristic...
[t=2.267860s, 42176 KB] Initializing FF heuristic...
[t=2.271858s, 42176 KB] Initializing landmark sum heuristic...
[t=2.271858s, 42176 KB] Generating landmark graph...
[t=2.271858s, 42176 KB] Building a landmark graph with reasonable orders.
[t=2.275852s, 42176 KB] Initializing Exploration...
[t=2.287852s, 42336 KB] Generating landmarks using the RPG/SAS+ approach
[t=3.987798s, 46364 KB] Landmarks generation time: 1.719944s
[t=3.991801s, 46364 KB] Discovered 351 landmarks, of which 0 are disjunctive and 0 are conjunctive.
[t=3.991801s, 46364 KB] 4179 edges
[t=3.991801s, 46364 KB] approx. reasonable orders
[t=4.359721s, 46364 KB] Landmarks generation time: 2.087864s
[t=4.359721s, 46364 KB] Discovered 351 landmarks, of which 0 are disjunctive and 0 are conjunctive.
[t=4.359721s, 46364 KB] 4329 edges
[t=4.359721s, 46364 KB] Landmark graph generation time: 2.087864s
[t=4.359721s, 46364 KB] Landmark graph contains 351 landmarks, of which 0 are disjunctive and 0 are conjunctive.
[t=4.359721s, 46364 KB] Landmark graph contains 4329 orderings.
[t=4.375715s, 51236 KB] Simplifying 65823 unary operators... done! [65823 unary operators]
[t=4.411665s, 51236 KB] time to simplify: 0.035950s
[t=4.415688s, 53132 KB] Initializing additive heuristic...
[t=4.415688s, 53132 KB] Initializing FF heuristic...
[t=4.415688s, 53132 KB] Building successor generator...done!
[t=4.423897s, 53132 KB] peak memory difference for successor generator creation: 0 KB
[t=4.423897s, 53132 KB] time for successor generation creation: 0.008209s
[t=4.423897s, 53132 KB] Variables: 407
[t=4.423897s, 53132 KB] FactPairs: 1538
[t=4.423897s, 53132 KB] Bytes per state: 68
[t=4.423897s, 53132 KB] Building successor generator...done!
[t=4.423897s, 53132 KB] peak memory difference for successor generator creation: 0 KB
[t=4.423897s, 53132 KB] time for successor generation creation: 0.000000s
[t=4.423897s, 53132 KB] Variables: 407
[t=4.423897s, 53132 KB] FactPairs: 1538
[t=4.423897s, 53132 KB] Bytes per state: 68
[t=4.423897s, 53132 KB] Starting search: lazy_greedy
[t=4.423897s, 53132 KB] Conducting lazy best first search, (real) bound = 2147483647
[t=4.427662s, 53132 KB] New best heuristic value for landmark_sum_heuristic: 174
[t=4.427662s, 53132 KB] New best heuristic value for ff: 105
[t=4.427662s, 53132 KB] g=0, 1 evaluated, 0 expanded
[t=4.427662s, 53132 KB] Initial heuristic value for landmark_sum_heuristic: 174
[t=4.427662s, 53132 KB] Initial heuristic value for ff: 105
[t=4.427662s, 53132 KB] New best heuristic value for landmark_sum_heuristic: 171
[t=4.427662s, 53132 KB] New best heuristic value for ff: 104
[t=4.427662s, 53132 KB] g=1, 2 evaluated, 1 expanded
[t=4.431679s, 53132 KB] New best heuristic value for landmark_sum_heuristic: 168
[t=4.431679s, 53132 KB] g=2, 3 evaluated, 2 expanded
[t=4.431679s, 53132 KB] New best heuristic value for landmark_sum_heuristic: 165
[t=4.431679s, 53132 KB] New best heuristic value for ff: 100
[t=4.431679s, 53132 KB] g=3, 4 evaluated, 3 expanded
[t=4.435885s, 53132 KB] New best heuristic value for landmark_sum_heuristic: 162
[t=4.435885s, 53132 KB] g=4, 5 evaluated, 4 expanded
[t=4.435885s, 53132 KB] New best heuristic value for landmark_sum_heuristic: 159
[t=4.435885s, 53132 KB] g=5, 6 evaluated, 5 expanded
[t=4.443665s, 53132 KB] New best heuristic value for ff: 99
[t=4.443665s, 53132 KB] g=4, 13 evaluated, 12 expanded
[t=4.443665s, 53132 KB] New best heuristic value for landmark_sum_heuristic: 156
[t=4.443665s, 53132 KB] g=6, 14 evaluated, 13 expanded
[t=4.447732s, 53132 KB] New best heuristic value for ff: 97
[t=4.447732s, 53132 KB] g=5, 15 evaluated, 14 expanded
[t=4.455658s, 53132 KB] New best heuristic value for landmark_sum_heuristic: 153
[t=4.455658s, 53132 KB] g=7, 22 evaluated, 21 expanded
[t=4.459660s, 53132 KB] New best heuristic value for landmark_sum_heuristic: 150
[t=4.459660s, 53132 KB] g=8, 23 evaluated, 22 expanded
[t=4.471661s, 53132 KB] New best heuristic value for landmark_sum_heuristic: 149
[t=4.471661s, 53132 KB] g=9, 30 evaluated, 29 expanded
[t=4.475660s, 53132 KB] New best heuristic value for landmark_sum_heuristic: 146
[t=4.475660s, 53132 KB] g=10, 34 evaluated, 33 expanded
[t=4.475660s, 53132 KB] New best heuristic value for ff: 96
[t=4.475660s, 53132 KB] g=8, 37 evaluated, 36 expanded
[t=4.483739s, 53132 KB] New best heuristic value for ff: 93
[t=4.483739s, 53132 KB] g=10, 41 evaluated, 40 expanded
[t=4.487663s, 53132 KB] New best heuristic value for ff: 92
[t=4.487663s, 53132 KB] g=11, 43 evaluated, 42 expanded
[t=4.491684s, 53132 KB] New best heuristic value for ff: 90
[t=4.491684s, 53132 KB] g=13, 47 evaluated, 46 expanded
[t=4.495660s, 53132 KB] New best heuristic value for landmark_sum_heuristic: 143
[t=4.495660s, 53132 KB] g=11, 48 evaluated, 47 expanded
[t=4.499658s, 53132 KB] New best heuristic value for ff: 89
[t=4.499658s, 53132 KB] g=16, 53 evaluated, 52 expanded
[t=4.503668s, 53132 KB] New best heuristic value for ff: 86
[t=4.503668s, 53132 KB] g=17, 55 evaluated, 54 expanded
[t=4.511689s, 53132 KB] New best heuristic value for ff: 85
[t=4.511689s, 53132 KB] g=18, 59 evaluated, 58 expanded
[t=4.515680s, 53132 KB] New best heuristic value for landmark_sum_heuristic: 142
[t=4.515680s, 53132 KB] g=21, 65 evaluated, 64 expanded
[t=4.519658s, 53132 KB] New best heuristic value for landmark_sum_heuristic: 141
[t=4.519658s, 53132 KB] g=22, 66 evaluated, 65 expanded
[t=4.519658s, 53132 KB] New best heuristic value for ff: 84
[t=4.519658s, 53132 KB] g=23, 67 evaluated, 66 expanded
[t=4.519658s, 53132 KB] New best heuristic value for landmark_sum_heuristic: 140
[t=4.519658s, 53132 KB] g=24, 68 evaluated, 67 expanded
[t=4.519658s, 53132 KB] New best heuristic value for landmark_sum_heuristic: 139
[t=4.519658s, 53132 KB] New best heuristic value for ff: 83
[t=4.519658s, 53132 KB] g=25, 69 evaluated, 68 expanded
[t=4.523657s, 53132 KB] New best heuristic value for landmark_sum_heuristic: 136
[t=4.523657s, 53132 KB] New best heuristic value for ff: 81
[t=4.523657s, 53132 KB] g=26, 72 evaluated, 71 expanded
[t=4.527656s, 53132 KB] New best heuristic value for landmark_sum_heuristic: 135
[t=4.527656s, 53132 KB] g=27, 75 evaluated, 74 expanded
[t=4.531658s, 53132 KB] New best heuristic value for landmark_sum_heuristic: 133
[t=4.531658s, 53132 KB] g=28, 78 evaluated, 77 expanded
[t=4.535675s, 53132 KB] New best heuristic value for ff: 80
[t=4.535675s, 53132 KB] g=29, 86 evaluated, 85 expanded
[t=4.539664s, 53132 KB] New best heuristic value for landmark_sum_heuristic: 132
[t=4.539664s, 53132 KB] g=29, 90 evaluated, 89 expanded
[t=4.547669s, 53132 KB] New best heuristic value for landmark_sum_heuristic: 131
[t=4.547669s, 53132 KB] g=31, 98 evaluated, 97 expanded
[t=4.555658s, 53132 KB] New best heuristic value for ff: 79
[t=4.555658s, 53132 KB] g=32, 107 evaluated, 106 expanded
[t=4.555658s, 53132 KB] New best heuristic value for landmark_sum_heuristic: 129
[t=4.555658s, 53132 KB] New best heuristic value for ff: 78
[t=4.555658s, 53132 KB] g=33, 110 evaluated, 109 expanded
[t=4.559666s, 53132 KB] New best heuristic value for landmark_sum_heuristic: 128
[t=4.559666s, 53132 KB] g=34, 113 evaluated, 112 expanded
[t=4.571664s, 53132 KB] New best heuristic value for landmark_sum_heuristic: 127
[t=4.571664s, 53132 KB] g=35, 122 evaluated, 121 expanded
[t=4.611658s, 53132 KB] New best heuristic value for ff: 77
[t=4.611658s, 53132 KB] g=38, 172 evaluated, 171 expanded
[t=4.623657s, 53132 KB] New best heuristic value for landmark_sum_heuristic: 126
[t=4.623657s, 53132 KB] g=41, 186 evaluated, 185 expanded
[t=4.691664s, 53132 KB] New best heuristic value for landmark_sum_heuristic: 125
[t=4.691664s, 53132 KB] New best heuristic value for ff: 76
[t=4.691664s, 53132 KB] g=46, 269 evaluated, 268 expanded
[t=4.691664s, 53132 KB] New best heuristic value for landmark_sum_heuristic: 124
[t=4.691664s, 53132 KB] g=47, 272 evaluated, 271 expanded
[t=4.699658s, 53132 KB] New best heuristic value for landmark_sum_heuristic: 121
[t=4.699658s, 53132 KB] New best heuristic value for ff: 74
[t=4.699658s, 53132 KB] g=49, 280 evaluated, 279 expanded
[t=4.699658s, 53132 KB] New best heuristic value for landmark_sum_heuristic: 120
[t=4.699658s, 53132 KB] g=50, 283 evaluated, 282 expanded
[t=4.723686s, 53132 KB] New best heuristic value for ff: 73
[t=4.723686s, 53132 KB] g=52, 312 evaluated, 311 expanded
[t=4.723686s, 53132 KB] New best heuristic value for landmark_sum_heuristic: 119
[t=4.723686s, 53132 KB] g=53, 314 evaluated, 313 expanded
[t=4.847658s, 53132 KB] New best heuristic value for ff: 72
[t=4.847658s, 53132 KB] g=51, 485 evaluated, 484 expanded
[t=4.851660s, 53132 KB] New best heuristic value for landmark_sum_heuristic: 118
[t=4.851660s, 53132 KB] g=52, 488 evaluated, 487 expanded
[t=4.855663s, 53132 KB] New best heuristic value for landmark_sum_heuristic: 117
[t=4.855663s, 53132 KB] g=53, 494 evaluated, 493 expanded
[t=4.855663s, 53132 KB] New best heuristic value for landmark_sum_heuristic: 116
[t=4.855663s, 53132 KB] New best heuristic value for ff: 71
[t=4.855663s, 53132 KB] g=55, 499 evaluated, 498 expanded
[t=4.859658s, 53132 KB] New best heuristic value for landmark_sum_heuristic: 115
[t=4.859658s, 53132 KB] g=56, 502 evaluated, 501 expanded
[t=4.867661s, 53132 KB] New best heuristic value for ff: 70
[t=4.867661s, 53132 KB] g=57, 511 evaluated, 510 expanded
[t=4.867661s, 53132 KB] New best heuristic value for landmark_sum_heuristic: 114
[t=4.867661s, 53132 KB] New best heuristic value for ff: 68
[t=4.867661s, 53132 KB] g=58, 512 evaluated, 511 expanded
[t=4.867661s, 53132 KB] New best heuristic value for landmark_sum_heuristic: 111
[t=4.867661s, 53132 KB] New best heuristic value for ff: 67
[t=4.867661s, 53132 KB] g=59, 513 evaluated, 512 expanded
[t=4.867661s, 53132 KB] New best heuristic value for landmark_sum_heuristic: 110
[t=4.867661s, 53132 KB] g=60, 514 evaluated, 513 expanded
[t=4.883658s, 53132 KB] New best heuristic value for landmark_sum_heuristic: 109
[t=4.883658s, 53132 KB] g=62, 533 evaluated, 532 expanded
[t=4.887663s, 53132 KB] New best heuristic value for landmark_sum_heuristic: 108
[t=4.887663s, 53132 KB] New best heuristic value for ff: 65
[t=4.887663s, 53132 KB] g=62, 536 evaluated, 535 expanded
[t=4.891663s, 53132 KB] New best heuristic value for landmark_sum_heuristic: 107
[t=4.891663s, 53132 KB] New best heuristic value for ff: 63
[t=4.891663s, 53132 KB] g=63, 537 evaluated, 536 expanded
[t=4.891663s, 53132 KB] New best heuristic value for landmark_sum_heuristic: 105
[t=4.891663s, 53132 KB] g=64, 538 evaluated, 537 expanded
[t=4.895664s, 53132 KB] New best heuristic value for landmark_sum_heuristic: 103
[t=4.895664s, 53132 KB] New best heuristic value for ff: 61
[t=4.895664s, 53132 KB] g=65, 539 evaluated, 538 expanded
[t=4.895664s, 53132 KB] New best heuristic value for landmark_sum_heuristic: 101
[t=4.895664s, 53132 KB] New best heuristic value for ff: 60
[t=4.895664s, 53132 KB] g=66, 540 evaluated, 539 expanded
[t=4.899664s, 53132 KB] New best heuristic value for landmark_sum_heuristic: 99
[t=4.899664s, 53132 KB] New best heuristic value for ff: 58
[t=4.899664s, 53132 KB] g=67, 541 evaluated, 540 expanded
[t=4.899664s, 53132 KB] New best heuristic value for landmark_sum_heuristic: 97
[t=4.899664s, 53132 KB] New best heuristic value for ff: 57
[t=4.899664s, 53132 KB] g=68, 542 evaluated, 541 expanded
[t=4.899664s, 53132 KB] New best heuristic value for landmark_sum_heuristic: 95
[t=4.899664s, 53132 KB] New best heuristic value for ff: 56
[t=4.899664s, 53132 KB] g=69, 543 evaluated, 542 expanded
[t=4.903686s, 53132 KB] New best heuristic value for landmark_sum_heuristic: 93
[t=4.903686s, 53132 KB] New best heuristic value for ff: 55
[t=4.903686s, 53132 KB] g=70, 544 evaluated, 543 expanded
[t=4.903686s, 53132 KB] New best heuristic value for landmark_sum_heuristic: 91
[t=4.903686s, 53132 KB] New best heuristic value for ff: 53
[t=4.903686s, 53132 KB] g=71, 545 evaluated, 544 expanded
[t=4.903686s, 53132 KB] New best heuristic value for landmark_sum_heuristic: 88
[t=4.903686s, 53132 KB] New best heuristic value for ff: 52
[t=4.903686s, 53132 KB] g=72, 546 evaluated, 545 expanded
[t=4.903686s, 53132 KB] New best heuristic value for landmark_sum_heuristic: 85
[t=4.903686s, 53132 KB] New best heuristic value for ff: 51
[t=4.903686s, 53132 KB] g=73, 547 evaluated, 546 expanded
[t=4.907664s, 53132 KB] New best heuristic value for landmark_sum_heuristic: 83
[t=4.907664s, 53132 KB] New best heuristic value for ff: 50
[t=4.907664s, 53132 KB] g=74, 549 evaluated, 548 expanded
[t=4.907664s, 53132 KB] New best heuristic value for landmark_sum_heuristic: 80
[t=4.907664s, 53132 KB] New best heuristic value for ff: 48
[t=4.907664s, 53132 KB] g=75, 551 evaluated, 550 expanded
[t=4.907664s, 53132 KB] New best heuristic value for landmark_sum_heuristic: 78
[t=4.907664s, 53132 KB] New best heuristic value for ff: 47
[t=4.907664s, 53132 KB] g=76, 552 evaluated, 551 expanded
[t=4.911660s, 53132 KB] New best heuristic value for landmark_sum_heuristic: 77
[t=4.911660s, 53132 KB] New best heuristic value for ff: 46
[t=4.911660s, 53132 KB] g=77, 554 evaluated, 553 expanded
[t=4.915678s, 53132 KB] New best heuristic value for landmark_sum_heuristic: 75
[t=4.915678s, 53132 KB] New best heuristic value for ff: 44
[t=4.915678s, 53132 KB] g=78, 557 evaluated, 556 expanded
[t=4.919661s, 53132 KB] New best heuristic value for landmark_sum_heuristic: 74
[t=4.919661s, 53132 KB] g=79, 563 evaluated, 562 expanded
[t=4.927667s, 53132 KB] New best heuristic value for landmark_sum_heuristic: 73
[t=4.927667s, 53132 KB] New best heuristic value for ff: 43
[t=4.927667s, 53132 KB] g=80, 572 evaluated, 571 expanded
[t=4.927667s, 53132 KB] New best heuristic value for ff: 42
[t=4.927667s, 53132 KB] g=81, 574 evaluated, 573 expanded
[t=4.931663s, 53132 KB] New best heuristic value for landmark_sum_heuristic: 72
[t=4.931663s, 53132 KB] g=81, 579 evaluated, 578 expanded
[t=4.943659s, 53132 KB] New best heuristic value for landmark_sum_heuristic: 71
[t=4.943659s, 53132 KB] New best heuristic value for ff: 40
[t=4.943659s, 53132 KB] g=82, 597 evaluated, 596 expanded
[t=4.947657s, 53132 KB] New best heuristic value for landmark_sum_heuristic: 68
[t=4.947657s, 53132 KB] New best heuristic value for ff: 39
[t=4.947657s, 53132 KB] g=83, 599 evaluated, 598 expanded
[t=4.947657s, 53132 KB] New best heuristic value for landmark_sum_heuristic: 67
[t=4.947657s, 53132 KB] g=84, 601 evaluated, 600 expanded
[t=4.951662s, 53132 KB] New best heuristic value for landmark_sum_heuristic: 65
[t=4.951662s, 53132 KB] New best heuristic value for ff: 38
[t=4.951662s, 53132 KB] g=85, 602 evaluated, 601 expanded
[t=4.951662s, 53132 KB] New best heuristic value for landmark_sum_heuristic: 64
[t=4.951662s, 53132 KB] New best heuristic value for ff: 37
[t=4.951662s, 53132 KB] g=86, 603 evaluated, 602 expanded
[t=4.951662s, 53132 KB] New best heuristic value for landmark_sum_heuristic: 62
[t=4.951662s, 53132 KB] New best heuristic value for ff: 35
[t=4.951662s, 53132 KB] g=87, 604 evaluated, 603 expanded
[t=4.955666s, 53132 KB] New best heuristic value for landmark_sum_heuristic: 60
[t=4.955666s, 53132 KB] New best heuristic value for ff: 34
[t=4.955666s, 53132 KB] g=88, 605 evaluated, 604 expanded
[t=4.955666s, 53132 KB] New best heuristic value for landmark_sum_heuristic: 58
[t=4.955666s, 53132 KB] New best heuristic value for ff: 33
[t=4.955666s, 53132 KB] g=89, 606 evaluated, 605 expanded
[t=4.959668s, 53132 KB] New best heuristic value for landmark_sum_heuristic: 57
[t=4.959668s, 53132 KB] New best heuristic value for ff: 31
[t=4.959668s, 53132 KB] g=90, 610 evaluated, 609 expanded
[t=4.959668s, 53132 KB] New best heuristic value for landmark_sum_heuristic: 55
[t=4.959668s, 53132 KB] New best heuristic value for ff: 30
[t=4.959668s, 53132 KB] g=91, 611 evaluated, 610 expanded
[t=4.959668s, 53132 KB] New best heuristic value for landmark_sum_heuristic: 53
[t=4.959668s, 53132 KB] New best heuristic value for ff: 29
[t=4.959668s, 53132 KB] g=92, 612 evaluated, 611 expanded
[t=4.963685s, 53132 KB] New best heuristic value for landmark_sum_heuristic: 51
[t=4.963685s, 53132 KB] New best heuristic value for ff: 28
[t=4.963685s, 53132 KB] g=93, 613 evaluated, 612 expanded
[t=4.963685s, 53132 KB] New best heuristic value for landmark_sum_heuristic: 49
[t=4.963685s, 53132 KB] New best heuristic value for ff: 27
[t=4.963685s, 53132 KB] g=94, 614 evaluated, 613 expanded
[t=4.963685s, 53132 KB] New best heuristic value for landmark_sum_heuristic: 47
[t=4.963685s, 53132 KB] New best heuristic value for ff: 26
[t=4.963685s, 53132 KB] g=95, 615 evaluated, 614 expanded
[t=4.963685s, 53132 KB] New best heuristic value for landmark_sum_heuristic: 45
[t=4.963685s, 53132 KB] New best heuristic value for ff: 25
[t=4.963685s, 53132 KB] g=96, 616 evaluated, 615 expanded
[t=4.967667s, 53132 KB] New best heuristic value for landmark_sum_heuristic: 43
[t=4.967667s, 53132 KB] New best heuristic value for ff: 24
[t=4.967667s, 53132 KB] g=97, 617 evaluated, 616 expanded
[t=4.967667s, 53132 KB] New best heuristic value for landmark_sum_heuristic: 41
[t=4.967667s, 53132 KB] New best heuristic value for ff: 23
[t=4.967667s, 53132 KB] g=98, 618 evaluated, 617 expanded
[t=4.967667s, 53132 KB] New best heuristic value for landmark_sum_heuristic: 39
[t=4.967667s, 53132 KB] New best heuristic value for ff: 22
[t=4.967667s, 53132 KB] g=99, 619 evaluated, 618 expanded
[t=4.971671s, 53132 KB] New best heuristic value for landmark_sum_heuristic: 38
[t=4.971671s, 53132 KB] New best heuristic value for ff: 20
[t=4.971671s, 53132 KB] g=100, 622 evaluated, 621 expanded
[t=4.975668s, 53132 KB] New best heuristic value for landmark_sum_heuristic: 36
[t=4.975668s, 53132 KB] New best heuristic value for ff: 19
[t=4.975668s, 53132 KB] g=101, 623 evaluated, 622 expanded
[t=4.975668s, 53132 KB] New best heuristic value for landmark_sum_heuristic: 34
[t=4.975668s, 53132 KB] New best heuristic value for ff: 18
[t=4.975668s, 53132 KB] g=102, 624 evaluated, 623 expanded
[t=4.975668s, 53132 KB] New best heuristic value for landmark_sum_heuristic: 32
[t=4.975668s, 53132 KB] New best heuristic value for ff: 17
[t=4.975668s, 53132 KB] g=103, 625 evaluated, 624 expanded
[t=4.975668s, 53132 KB] New best heuristic value for landmark_sum_heuristic: 30
[t=4.975668s, 53132 KB] New best heuristic value for ff: 16
[t=4.975668s, 53132 KB] g=104, 626 evaluated, 625 expanded
[t=4.979669s, 53132 KB] New best heuristic value for landmark_sum_heuristic: 28
[t=4.979669s, 53132 KB] New best heuristic value for ff: 15
[t=4.979669s, 53132 KB] g=105, 627 evaluated, 626 expanded
[t=4.979669s, 53132 KB] New best heuristic value for landmark_sum_heuristic: 26
[t=4.979669s, 53132 KB] New best heuristic value for ff: 14
[t=4.979669s, 53132 KB] g=106, 628 evaluated, 627 expanded
[t=4.979669s, 53132 KB] New best heuristic value for landmark_sum_heuristic: 24
[t=4.979669s, 53132 KB] New best heuristic value for ff: 13
[t=4.979669s, 53132 KB] g=107, 629 evaluated, 628 expanded
[t=4.979669s, 53132 KB] New best heuristic value for landmark_sum_heuristic: 22
[t=4.979669s, 53132 KB] New best heuristic value for ff: 12
[t=4.983665s, 53132 KB] g=108, 630 evaluated, 629 expanded
[t=4.983665s, 53132 KB] New best heuristic value for landmark_sum_heuristic: 20
[t=4.983665s, 53132 KB] New best heuristic value for ff: 11
[t=4.983665s, 53132 KB] g=109, 631 evaluated, 630 expanded
[t=4.983665s, 53132 KB] New best heuristic value for landmark_sum_heuristic: 18
[t=4.983665s, 53132 KB] New best heuristic value for ff: 9
[t=4.983665s, 53132 KB] g=110, 633 evaluated, 632 expanded
[t=4.983665s, 53132 KB] New best heuristic value for landmark_sum_heuristic: 16
[t=4.983665s, 53132 KB] New best heuristic value for ff: 8
[t=4.983665s, 53132 KB] g=111, 634 evaluated, 633 expanded
[t=4.983665s, 53132 KB] New best heuristic value for landmark_sum_heuristic: 14
[t=4.983665s, 53132 KB] New best heuristic value for ff: 7
[t=4.983665s, 53132 KB] g=112, 635 evaluated, 634 expanded
[t=4.983665s, 53132 KB] New best heuristic value for landmark_sum_heuristic: 12
[t=4.983665s, 53132 KB] New best heuristic value for ff: 6
[t=4.983665s, 53132 KB] g=113, 636 evaluated, 635 expanded
[t=4.987671s, 53132 KB] New best heuristic value for landmark_sum_heuristic: 10
[t=4.987671s, 53132 KB] New best heuristic value for ff: 5
[t=4.987671s, 53132 KB] g=114, 637 evaluated, 636 expanded
[t=4.987671s, 53132 KB] New best heuristic value for landmark_sum_heuristic: 8
[t=4.987671s, 53132 KB] New best heuristic value for ff: 4
[t=4.987671s, 53132 KB] g=115, 638 evaluated, 637 expanded
[t=4.987671s, 53132 KB] New best heuristic value for landmark_sum_heuristic: 6
[t=4.987671s, 53132 KB] New best heuristic value for ff: 3
[t=4.987671s, 53132 KB] g=116, 639 evaluated, 638 expanded
[t=4.987671s, 53132 KB] New best heuristic value for landmark_sum_heuristic: 4
[t=4.987671s, 53132 KB] New best heuristic value for ff: 2
[t=4.987671s, 53132 KB] g=117, 640 evaluated, 639 expanded
[t=4.987671s, 53132 KB] New best heuristic value for landmark_sum_heuristic: 2
[t=4.987671s, 53132 KB] New best heuristic value for ff: 1
[t=4.987671s, 53132 KB] g=118, 641 evaluated, 640 expanded
[t=4.987671s, 53132 KB] Solution found!
[t=4.987671s, 53132 KB] Actual search time: 0.563773s
move-to-card card-d0-s0-v7 card-d0-s0-v5 card-d0-s0-v8 pile-2 (1)
move-to-card card-d0-s0-v4 card-d0-s3-v2 card-d0-s0-v5 pile-5 (1)
move-to-card card-d0-s3-v1 card-d0-s3-v0 card-d0-s3-v2 pile-3 (1)
move-to-card card-d0-s3-v0 card-d0-s3-v5 card-d0-s3-v1 pile-3 (1)
move-to-card card-d0-s3-v4 card-d0-s1-v3 card-d0-s3-v5 pile-4 (1)
move-to-card card-d0-s0-v5 card-d0-s0-v1 card-d0-s0-v6 pile-0 (1)
move-to-card card-d0-s0-v6 card-d0-s0-v2 card-d0-s0-v7 pile-2 (1)
start-dealing  (1)
deal-card card-d0-s2-v4 card-d0-s3-v8 deal-0 card-d0-s0-v2 pile-0 (0)
deal-card card-d0-s3-v8 card-d0-s0-v0 deal-0 card-d0-s1-v3 pile-1 (0)
deal-card card-d0-s0-v0 card-d0-s2-v5 deal-0 card-d0-s0-v4 pile-2 (0)
deal-card card-d0-s2-v5 card-d0-s3-v7 deal-0 card-d0-s3-v0 pile-3 (0)
deal-card card-d0-s3-v7 card-d0-s2-v8 deal-0 card-d0-s3-v4 pile-4 (0)
deal-card card-d0-s2-v8 deal-0 deal-0 card-d0-s0-v1 pile-5 (0)
finish-dealing deal-0 deal-1 (0)
move-to-card card-d0-s2-v4 card-d0-s0-v2 card-d0-s2-v5 pile-3 (1)
move-to-card card-d0-s3-v7 card-d0-s3-v4 card-d0-s3-v8 pile-1 (1)
start-dealing  (1)
deal-card card-d0-s2-v7 card-d0-s1-v5 deal-1 card-d0-s0-v2 pile-0 (0)
deal-card card-d0-s1-v5 card-d0-s2-v0 deal-1 card-d0-s3-v7 pile-1 (0)
deal-card card-d0-s2-v0 card-d0-s1-v8 deal-1 card-d0-s0-v0 pile-2 (0)
deal-card card-d0-s1-v8 card-d0-s2-v6 deal-1 card-d0-s2-v4 pile-3 (0)
deal-card card-d0-s2-v6 card-d0-s1-v1 deal-1 card-d0-s3-v4 pile-4 (0)
deal-card card-d0-s1-v1 deal-1 deal-1 card-d0-s2-v8 pile-5 (0)
finish-dealing deal-1 deal-2 (0)
move-to-card card-d0-s2-v6 card-d0-s3-v4 card-d0-s2-v7 pile-0 (1)
move-to-card card-d0-s3-v5 card-d0-s1-v4 card-d0-s2-v6 pile-0 (1)
move-to-card card-d0-s1-v4 pile-4 card-d0-s1-v5 pile-1 (1)
move-to-tableau card-d0-s3-v5 card-d0-s2-v6 pile-4 (1)
move-to-card card-d0-s2-v7 card-d0-s0-v2 card-d0-s1-v8 pile-3 (1)
move-to-card card-d0-s3-v5 pile-4 card-d0-s2-v6 pile-3 (1)
move-to-tableau card-d0-s0-v2 card-d0-s1-v6 pile-4 (1)
move-to-card card-d0-s1-v5 card-d0-s3-v7 card-d0-s1-v6 pile-0 (1)
move-to-card card-d0-s1-v6 card-d0-s2-v3 card-d0-s3-v7 pile-1 (1)
move-to-card card-d0-s2-v3 pile-0 card-d0-s1-v4 pile-1 (1)
move-to-tableau card-d0-s3-v5 card-d0-s2-v6 pile-0 (1)
move-to-card card-d0-s1-v1 card-d0-s2-v8 card-d0-s0-v2 pile-4 (1)
move-to-card card-d0-s2-v7 card-d0-s1-v8 card-d0-s2-v8 pile-5 (1)
move-to-card card-d0-s3-v5 pile-0 card-d0-s2-v6 pile-5 (1)
move-to-tableau card-d0-s1-v1 card-d0-s0-v2 pile-0 (1)
move-to-card card-d0-s0-v2 pile-4 card-d0-s2-v3 pile-1 (1)
move-to-tableau card-d0-s3-v5 card-d0-s2-v6 pile-4 (1)
move-to-card card-d0-s1-v1 pile-0 card-d0-s0-v2 pile-1 (1)
move-to-tableau card-d0-s2-v8 card-d0-s0-v1 pile-0 (1)
move-to-card card-d0-s3-v5 pile-4 card-d0-s2-v6 pile-0 (1)
move-to-tableau card-d0-s1-v1 card-d0-s0-v2 pile-4 (1)
move-to-card card-d0-s0-v1 card-d0-s1-v7 card-d0-s0-v2 pile-1 (1)
move-to-card card-d0-s1-v7 pile-5 card-d0-s1-v8 pile-3 (1)
move-to-tableau card-d0-s0-v2 card-d0-s2-v3 pile-5 (1)
move-to-card card-d0-s2-v3 card-d0-s1-v4 card-d0-s3-v4 pile-0 (1)
move-to-card card-d0-s1-v6 card-d0-s3-v7 card-d0-s1-v7 pile-3 (1)
move-to-card card-d0-s2-v3 card-d0-s3-v4 card-d0-s1-v4 pile-3 (1)
move-to-card card-d0-s2-v0 card-d0-s0-v0 card-d0-s0-v1 pile-5 (1)
move-to-card card-d0-s2-v0 card-d0-s0-v1 card-d0-s1-v1 pile-4 (1)
move-to-card card-d0-s0-v0 card-d0-s0-v4 card-d0-s0-v1 pile-5 (1)
move-to-card card-d0-s0-v2 pile-5 card-d0-s2-v3 pile-3 (1)
move-to-tableau card-d0-s3-v8 card-d0-s1-v3 pile-5 (1)
move-to-card card-d0-s1-v3 card-d0-s0-v3 card-d0-s0-v4 pile-2 (1)
move-to-card card-d0-s0-v2 card-d0-s2-v3 card-d0-s0-v3 pile-1 (1)
move-to-card card-d0-s1-v3 card-d0-s0-v4 card-d0-s3-v4 pile-0 (1)
move-to-card card-d0-s0-v3 card-d0-s2-v1 card-d0-s0-v4 pile-2 (1)
move-to-card card-d0-s2-v0 card-d0-s1-v1 card-d0-s2-v1 pile-1 (1)
start-collecting-deck card-d0-s0-v0 (1)
collect-card card-d0-s0-v0 card-d0-s0-v1 pile-2 (0)
collect-card card-d0-s0-v1 card-d0-s0-v2 pile-2 (0)
collect-card card-d0-s0-v2 card-d0-s0-v3 pile-2 (0)
collect-card card-d0-s0-v3 card-d0-s0-v4 pile-2 (0)
collect-card card-d0-s0-v4 card-d0-s0-v5 pile-2 (0)
collect-card card-d0-s0-v5 card-d0-s0-v6 pile-2 (0)
collect-card card-d0-s0-v6 card-d0-s0-v7 pile-2 (0)
collect-card card-d0-s0-v7 card-d0-s0-v8 pile-2 (0)
finish-collecting-deck card-d0-s0-v8 card-d0-s3-v6 pile-2 (0)
move-to-card card-d0-s3-v6 card-d0-s2-v2 card-d0-s3-v7 pile-5 (1)
move-to-card card-d0-s2-v1 pile-1 card-d0-s2-v2 pile-2 (1)
move-to-card card-d0-s2-v2 card-d0-s1-v0 card-d0-s2-v3 pile-3 (1)
move-to-card card-d0-s1-v0 pile-2 card-d0-s1-v1 pile-4 (1)
move-to-tableau card-d0-s1-v3 card-d0-s3-v4 pile-1 (1)
move-to-card card-d0-s3-v5 card-d0-s2-v6 card-d0-s3-v6 pile-5 (1)
move-to-card card-d0-s2-v3 card-d0-s1-v4 card-d0-s3-v4 pile-5 (1)
move-to-card card-d0-s1-v3 pile-1 card-d0-s1-v4 pile-3 (1)
move-to-tableau card-d0-s1-v8 card-d0-s2-v4 pile-1 (1)
move-to-card card-d0-s2-v3 card-d0-s3-v4 card-d0-s2-v4 pile-3 (1)
move-to-card card-d0-s2-v5 card-d0-s3-v0 card-d0-s2-v6 pile-0 (1)
move-to-card card-d0-s3-v2 card-d0-s1-v2 card-d0-s1-v3 pile-1 (1)
move-to-card card-d0-s1-v1 pile-4 card-d0-s1-v2 pile-3 (1)
move-to-tableau card-d0-s1-v2 card-d0-s3-v3 pile-2 (1)
move-to-card card-d0-s3-v2 card-d0-s1-v3 card-d0-s3-v3 pile-3 (1)
move-to-card card-d0-s1-v2 pile-2 card-d0-s1-v3 pile-1 (1)
move-to-card card-d0-s3-v3 pile-3 card-d0-s3-v4 pile-5 (1)
start-collecting-deck card-d0-s1-v0 (1)
collect-card card-d0-s1-v0 card-d0-s1-v1 pile-1 (0)
collect-card card-d0-s1-v1 card-d0-s1-v2 pile-1 (0)
collect-card card-d0-s1-v2 card-d0-s1-v3 pile-1 (0)
collect-card card-d0-s1-v3 card-d0-s1-v4 pile-1 (0)
collect-card card-d0-s1-v4 card-d0-s1-v5 pile-1 (0)
collect-card card-d0-s1-v5 card-d0-s1-v6 pile-1 (0)
collect-card card-d0-s1-v6 card-d0-s1-v7 pile-1 (0)
collect-card card-d0-s1-v7 card-d0-s1-v8 pile-1 (0)
finish-collecting-deck card-d0-s1-v8 pile-1 pile-1 (0)
start-collecting-deck card-d0-s3-v0 (1)
collect-card card-d0-s3-v0 card-d0-s3-v1 pile-5 (0)
collect-card card-d0-s3-v1 card-d0-s3-v2 pile-5 (0)
collect-card card-d0-s3-v2 card-d0-s3-v3 pile-5 (0)
collect-card card-d0-s3-v3 card-d0-s3-v4 pile-5 (0)
collect-card card-d0-s3-v4 card-d0-s3-v5 pile-5 (0)
collect-card card-d0-s3-v5 card-d0-s3-v6 pile-5 (0)
collect-card card-d0-s3-v6 card-d0-s3-v7 pile-5 (0)
collect-card card-d0-s3-v7 card-d0-s3-v8 pile-5 (0)
finish-collecting-deck card-d0-s3-v8 pile-5 pile-5 (0)
start-collecting-deck card-d0-s2-v0 (1)
collect-card card-d0-s2-v0 card-d0-s2-v1 pile-0 (0)
collect-card card-d0-s2-v1 card-d0-s2-v2 pile-0 (0)
collect-card card-d0-s2-v2 card-d0-s2-v3 pile-0 (0)
collect-card card-d0-s2-v3 card-d0-s2-v4 pile-0 (0)
collect-card card-d0-s2-v4 card-d0-s2-v5 pile-0 (0)
collect-card card-d0-s2-v5 card-d0-s2-v6 pile-0 (0)
collect-card card-d0-s2-v6 card-d0-s2-v7 pile-0 (0)
collect-card card-d0-s2-v7 card-d0-s2-v8 pile-0 (0)
finish-collecting-deck card-d0-s2-v8 pile-0 pile-0 (0)
[t=4.991670s, 53132 KB] Plan length: 119 step(s).
[t=4.991670s, 53132 KB] Plan cost: 69
[t=4.991670s, 53132 KB] Expanded 641 state(s).
[t=4.991670s, 53132 KB] Reopened 0 state(s).
[t=4.991670s, 53132 KB] Evaluated 642 state(s).
[t=4.991670s, 53132 KB] Evaluations: 1284
[t=4.991670s, 53132 KB] Generated 4276 state(s).
[t=4.991670s, 53132 KB] Dead ends: 0 state(s).
[t=4.991670s, 53132 KB] Number of registered states: 642
[t=4.991670s, 53132 KB] Int hash set load factor: 642/1024 = 0.626953
[t=4.991670s, 53132 KB] Int hash set resizes: 10
[t=4.991670s, 53132 KB] Best solution cost so far: 69
[t=4.991670s, 53132 KB] Solution found - keep searching
[t=4.991670s, 53132 KB] Building successor generator...done!
[t=4.991670s, 53132 KB] peak memory difference for successor generator creation: 0 KB
[t=4.991670s, 53132 KB] time for successor generation creation: 0.000000s
[t=4.991670s, 53132 KB] Variables: 407
[t=4.991670s, 53132 KB] FactPairs: 1538
[t=4.991670s, 53132 KB] Bytes per state: 68
[t=4.991670s, 53132 KB] Starting search: lazy_greedy
[t=4.991670s, 53132 KB] Conducting lazy best first search, (real) bound = 69
[t=4.995665s, 53132 KB] New best heuristic value for landmark_sum_heuristic: 226
[t=4.995665s, 53132 KB] New best heuristic value for ff: 150
[t=4.995665s, 53132 KB] g=0, 1 evaluated, 0 expanded
[t=4.995665s, 53132 KB] Initial heuristic value for landmark_sum_heuristic: 226
[t=4.995665s, 53132 KB] Initial heuristic value for ff: 150
[t=4.995665s, 53132 KB] New best heuristic value for landmark_sum_heuristic: 221
[t=4.995665s, 53132 KB] New best heuristic value for ff: 149
[t=4.995665s, 53132 KB] g=1, 2 evaluated, 1 expanded
[t=4.999665s, 53132 KB] New best heuristic value for landmark_sum_heuristic: 216
[t=4.999665s, 53132 KB] g=2, 3 evaluated, 2 expanded
[t=4.999665s, 53132 KB] New best heuristic value for landmark_sum_heuristic: 211
[t=4.999665s, 53132 KB] New best heuristic value for ff: 141
[t=4.999665s, 53132 KB] g=3, 4 evaluated, 3 expanded
[t=4.999665s, 53132 KB] New best heuristic value for landmark_sum_heuristic: 206
[t=4.999665s, 53132 KB] g=4, 5 evaluated, 4 expanded
[t=5.003662s, 53132 KB] New best heuristic value for landmark_sum_heuristic: 201
[t=5.003662s, 53132 KB] g=5, 6 evaluated, 5 expanded
[t=5.003662s, 53132 KB] New best heuristic value for landmark_sum_heuristic: 200
[t=5.007684s, 53132 KB] g=6, 8 evaluated, 7 expanded
[t=5.011663s, 53132 KB] New best heuristic value for landmark_sum_heuristic: 195
[t=5.011663s, 53132 KB] g=7, 12 evaluated, 11 expanded
[t=5.015661s, 53132 KB] New best heuristic value for ff: 140
[t=5.015661s, 53132 KB] g=4, 13 evaluated, 12 expanded
[t=5.015661s, 53132 KB] New best heuristic value for landmark_sum_heuristic: 194
[t=5.015661s, 53132 KB] New best heuristic value for ff: 139
[t=5.015661s, 53132 KB] g=8, 14 evaluated, 13 expanded
[t=5.015661s, 53132 KB] New best heuristic value for landmark_sum_heuristic: 193
[t=5.015661s, 53132 KB] g=9, 15 evaluated, 14 expanded
[t=5.019663s, 53132 KB] New best heuristic value for landmark_sum_heuristic: 189
[t=5.019663s, 53132 KB] g=10, 16 evaluated, 15 expanded
[t=5.019663s, 53132 KB] New best heuristic value for ff: 138
[t=5.019663s, 53132 KB] g=9, 17 evaluated, 16 expanded
[t=5.023664s, 53132 KB] New best heuristic value for landmark_sum_heuristic: 185
[t=5.023664s, 53132 KB] g=10, 19 evaluated, 18 expanded
[t=5.023664s, 53132 KB] New best heuristic value for ff: 137
[t=5.023664s, 53132 KB] g=11, 20 evaluated, 19 expanded
[t=5.023664s, 53132 KB] New best heuristic value for landmark_sum_heuristic: 182
[t=5.027762s, 53132 KB] g=11, 22 evaluated, 21 expanded
[t=5.027762s, 53132 KB] New best heuristic value for ff: 131
[t=5.027762s, 53132 KB] g=11, 24 evaluated, 23 expanded
[t=5.035663s, 53132 KB] New best heuristic value for landmark_sum_heuristic: 179
[t=5.035663s, 53132 KB] New best heuristic value for ff: 130
[t=5.035663s, 53132 KB] g=12, 32 evaluated, 31 expanded
[t=5.039661s, 53132 KB] New best heuristic value for landmark_sum_heuristic: 177
[t=5.039661s, 53132 KB] New best heuristic value for ff: 128
[t=5.039661s, 53132 KB] g=13, 33 evaluated, 32 expanded
[t=5.039661s, 53132 KB] New best heuristic value for landmark_sum_heuristic: 174
[t=5.039661s, 53132 KB] New best heuristic value for ff: 123
[t=5.039661s, 53132 KB] g=14, 34 evaluated, 33 expanded
[t=5.039661s, 53132 KB] New best heuristic value for landmark_sum_heuristic: 171
[t=5.039661s, 53132 KB] g=15, 35 evaluated, 34 expanded
[t=5.043666s, 53132 KB] New best heuristic value for ff: 120
[t=5.043666s, 53132 KB] g=15, 36 evaluated, 35 expanded
[t=5.047661s, 53132 KB] New best heuristic value for landmark_sum_heuristic: 170
[t=5.047661s, 53132 KB] g=15, 40 evaluated, 39 expanded
[t=5.051688s, 53132 KB] New best heuristic value for landmark_sum_heuristic: 169
[t=5.051688s, 53132 KB] g=15, 42 evaluated, 41 expanded
[t=5.051688s, 53132 KB] New best heuristic value for landmark_sum_heuristic: 168
[t=5.051688s, 53132 KB] g=15, 43 evaluated, 42 expanded
[t=5.055661s, 53132 KB] New best heuristic value for landmark_sum_heuristic: 165
[t=5.055661s, 53132 KB] g=16, 46 evaluated, 45 expanded
[t=5.059668s, 53132 KB] New best heuristic value for landmark_sum_heuristic: 163
[t=5.059668s, 53132 KB] g=17, 49 evaluated, 48 expanded
[t=5.059668s, 53132 KB] New best heuristic value for landmark_sum_heuristic: 159
[t=5.059668s, 53132 KB] g=18, 52 evaluated, 51 expanded
[t=5.067661s, 53132 KB] New best heuristic value for ff: 118
[t=5.067661s, 53132 KB] g=19, 59 evaluated, 58 expanded
[t=5.067661s, 53132 KB] New best heuristic value for landmark_sum_heuristic: 156
[t=5.067661s, 53132 KB] g=19, 63 evaluated, 62 expanded
[t=5.075662s, 53132 KB] New best heuristic value for landmark_sum_heuristic: 155
[t=5.075662s, 53132 KB] g=21, 71 evaluated, 70 expanded
[t=5.083662s, 53132 KB] New best heuristic value for landmark_sum_heuristic: 154
[t=5.083662s, 53132 KB] New best heuristic value for ff: 116
[t=5.083662s, 53132 KB] g=23, 82 evaluated, 81 expanded
[t=5.087660s, 53132 KB] New best heuristic value for landmark_sum_heuristic: 152
[t=5.087660s, 53132 KB] g=24, 84 evaluated, 83 expanded
[t=5.087660s, 53132 KB] New best heuristic value for landmark_sum_heuristic: 151
[t=5.087660s, 53132 KB] g=24, 86 evaluated, 85 expanded
[t=5.091660s, 53132 KB] New best heuristic value for landmark_sum_heuristic: 149
[t=5.091660s, 53132 KB] g=25, 91 evaluated, 90 expanded
[t=5.103658s, 53132 KB] New best heuristic value for landmark_sum_heuristic: 148
[t=5.103658s, 53132 KB] g=27, 104 evaluated, 103 expanded
[t=5.171614s, 53132 KB] New best heuristic value for ff: 112
[t=5.175666s, 53132 KB] g=29, 185 evaluated, 184 expanded
[t=5.179627s, 53132 KB] New best heuristic value for landmark_sum_heuristic: 147
[t=5.179627s, 53132 KB] g=30, 189 evaluated, 188 expanded
[t=5.183687s, 53132 KB] New best heuristic value for landmark_sum_heuristic: 144
[t=5.183687s, 53132 KB] g=31, 195 evaluated, 194 expanded
[t=5.191615s, 53132 KB] New best heuristic value for landmark_sum_heuristic: 143
[t=5.191615s, 53132 KB] g=33, 203 evaluated, 202 expanded
[t=5.311621s, 53132 KB] New best heuristic value for ff: 110
[t=5.311621s, 53132 KB] g=33, 377 evaluated, 376 expanded
[t=5.459607s, 53132 KB] New best heuristic value for landmark_sum_heuristic: 142
[t=5.459607s, 53132 KB] g=36, 583 evaluated, 582 expanded
[t=5.459607s, 53132 KB] New best heuristic value for landmark_sum_heuristic: 139
[t=5.459607s, 53132 KB] g=37, 584 evaluated, 583 expanded
[t=5.471608s, 53132 KB] New best heuristic value for ff: 108
[t=5.471608s, 53132 KB] g=37, 600 evaluated, 599 expanded
[t=5.475611s, 53132 KB] New best heuristic value for ff: 106
[t=5.475611s, 53132 KB] g=38, 601 evaluated, 600 expanded
[t=5.475611s, 53132 KB] New best heuristic value for landmark_sum_heuristic: 136
[t=5.475611s, 53132 KB] g=39, 602 evaluated, 601 expanded
[t=6.015674s, 53132 KB] New best heuristic value for landmark_sum_heuristic: 134
[t=6.015674s, 53132 KB] g=39, 1319 evaluated, 1318 expanded
[t=6.027611s, 53132 KB] New best heuristic value for ff: 104
[t=6.027611s, 53132 KB] g=41, 1339 evaluated, 1338 expanded
[t=6.031609s, 53132 KB] New best heuristic value for ff: 102
[t=6.031609s, 53132 KB] g=42, 1340 evaluated, 1339 expanded
[t=6.035642s, 53132 KB] New best heuristic value for landmark_sum_heuristic: 132
[t=6.035642s, 53132 KB] g=43, 1343 evaluated, 1342 expanded
[t=6.035642s, 53132 KB] New best heuristic value for ff: 98
[t=6.035642s, 53132 KB] g=43, 1345 evaluated, 1344 expanded
[t=6.035642s, 53132 KB] New best heuristic value for landmark_sum_heuristic: 130
[t=6.035642s, 53132 KB] g=43, 1346 evaluated, 1345 expanded
[t=6.039609s, 53132 KB] New best heuristic value for landmark_sum_heuristic: 128
[t=6.039609s, 53132 KB] New best heuristic value for ff: 96
[t=6.039609s, 53132 KB] g=43, 1347 evaluated, 1346 expanded
[t=6.039609s, 53132 KB] New best heuristic value for landmark_sum_heuristic: 126
[t=6.039609s, 53132 KB] g=43, 1348 evaluated, 1347 expanded
[t=6.039609s, 53132 KB] New best heuristic value for landmark_sum_heuristic: 124
[t=6.039609s, 53132 KB] New best heuristic value for ff: 94
[t=6.039609s, 53132 KB] g=43, 1349 evaluated, 1348 expanded
[t=6.039609s, 53132 KB] New best heuristic value for landmark_sum_heuristic: 122
[t=6.043610s, 53132 KB] New best heuristic value for ff: 93
[t=6.043610s, 53132 KB] g=43, 1350 evaluated, 1349 expanded
[t=6.043610s, 53132 KB] New best heuristic value for landmark_sum_heuristic: 120
[t=6.043610s, 53132 KB] New best heuristic value for ff: 92
[t=6.043610s, 53132 KB] g=43, 1351 evaluated, 1350 expanded
[t=6.043610s, 53132 KB] New best heuristic value for landmark_sum_heuristic: 118
[t=6.043610s, 53132 KB] New best heuristic value for ff: 89
[t=6.043610s, 53132 KB] g=43, 1352 evaluated, 1351 expanded
[t=6.043610s, 53132 KB] New best heuristic value for landmark_sum_heuristic: 116
[t=6.043610s, 53132 KB] g=43, 1353 evaluated, 1352 expanded
[t=6.047608s, 53132 KB] New best heuristic value for landmark_sum_heuristic: 114
[t=6.047608s, 53132 KB] New best heuristic value for ff: 87
[t=6.047608s, 53132 KB] g=43, 1354 evaluated, 1353 expanded
[t=6.047608s, 53132 KB] New best heuristic value for landmark_sum_heuristic: 111
[t=6.047608s, 53132 KB] g=44, 1356 evaluated, 1355 expanded
[t=6.075612s, 53132 KB] New best heuristic value for landmark_sum_heuristic: 110
[t=6.075612s, 53132 KB] New best heuristic value for ff: 83
[t=6.075612s, 53132 KB] g=44, 1386 evaluated, 1385 expanded
[t=6.075612s, 53132 KB] New best heuristic value for landmark_sum_heuristic: 107
[t=6.075612s, 53132 KB] g=45, 1389 evaluated, 1388 expanded
[t=6.083608s, 53132 KB] New best heuristic value for ff: 79
[t=6.083608s, 53132 KB] g=47, 1396 evaluated, 1395 expanded
[t=6.083608s, 53132 KB] New best heuristic value for landmark_sum_heuristic: 106
[t=6.083608s, 53132 KB] g=48, 1398 evaluated, 1397 expanded
[t=6.131594s, 53132 KB] New best heuristic value for landmark_sum_heuristic: 104
[t=6.131594s, 53132 KB] g=48, 1468 evaluated, 1467 expanded
[t=6.131594s, 53132 KB] New best heuristic value for landmark_sum_heuristic: 100
[t=6.131594s, 53132 KB] g=49, 1469 evaluated, 1468 expanded
[t=6.131594s, 53132 KB] New best heuristic value for landmark_sum_heuristic: 99
[t=6.131594s, 53132 KB] New best heuristic value for ff: 77
[t=6.131594s, 53132 KB] g=50, 1471 evaluated, 1470 expanded
[t=6.135593s, 53132 KB] New best heuristic value for landmark_sum_heuristic: 96
[t=6.135593s, 53132 KB] g=51, 1472 evaluated, 1471 expanded
[t=6.139594s, 53132 KB] New best heuristic value for ff: 73
[t=6.139594s, 53132 KB] g=51, 1476 evaluated, 1475 expanded
[t=6.139594s, 53132 KB] New best heuristic value for landmark_sum_heuristic: 94
[t=6.139594s, 53132 KB] New best heuristic value for ff: 69
[t=6.139594s, 53132 KB] g=52, 1478 evaluated, 1477 expanded
[t=6.139594s, 53132 KB] New best heuristic value for landmark_sum_heuristic: 91
[t=6.139594s, 53132 KB] g=53, 1480 evaluated, 1479 expanded
[t=6.147623s, 53132 KB] New best heuristic value for ff: 67
[t=6.147623s, 53132 KB] g=54, 1488 evaluated, 1487 expanded
[t=6.147623s, 53132 KB] New best heuristic value for ff: 63
[t=6.147623s, 53132 KB] g=55, 1489 evaluated, 1488 expanded
[t=6.147623s, 53132 KB] New best heuristic value for landmark_sum_heuristic: 88
[t=6.147623s, 53132 KB] New best heuristic value for ff: 61
[t=6.147623s, 53132 KB] g=56, 1490 evaluated, 1489 expanded
[t=6.147623s, 53132 KB] New best heuristic value for landmark_sum_heuristic: 86
[t=6.147623s, 53132 KB] New best heuristic value for ff: 59
[t=6.147623s, 53132 KB] g=57, 1491 evaluated, 1490 expanded
[t=6.151592s, 53132 KB] New best heuristic value for landmark_sum_heuristic: 84
[t=6.151592s, 53132 KB] New best heuristic value for ff: 57
[t=6.151592s, 53132 KB] g=58, 1492 evaluated, 1491 expanded
[t=6.151592s, 53132 KB] New best heuristic value for landmark_sum_heuristic: 80
[t=6.151592s, 53132 KB] New best heuristic value for ff: 53
[t=6.151592s, 53132 KB] g=59, 1493 evaluated, 1492 expanded
[t=6.151592s, 53132 KB] New best heuristic value for landmark_sum_heuristic: 77
[t=6.151592s, 53132 KB] New best heuristic value for ff: 51
[t=6.151592s, 53132 KB] g=60, 1494 evaluated, 1493 expanded
[t=6.151592s, 53132 KB] New best heuristic value for landmark_sum_heuristic: 73
[t=6.151592s, 53132 KB] New best heuristic value for ff: 49
[t=6.151592s, 53132 KB] g=61, 1495 evaluated, 1494 expanded
[t=6.155597s, 53132 KB] New best heuristic value for ff: 47
[t=6.155597s, 53132 KB] g=62, 1496 evaluated, 1495 expanded
[t=6.155597s, 53132 KB] New best heuristic value for landmark_sum_heuristic: 70
[t=6.155597s, 53132 KB] New best heuristic value for ff: 45
[t=6.155597s, 53132 KB] g=63, 1498 evaluated, 1497 expanded
[t=6.159549s, 53132 KB] New best heuristic value for landmark_sum_heuristic: 69
[t=6.159549s, 53132 KB] New best heuristic value for ff: 43
[t=6.159549s, 53132 KB] g=64, 1501 evaluated, 1500 expanded
[t=6.159549s, 53132 KB] New best heuristic value for landmark_sum_heuristic: 66
[t=6.159549s, 53132 KB] New best heuristic value for ff: 41
[t=6.159549s, 53132 KB] g=65, 1502 evaluated, 1501 expanded
[t=6.159549s, 53132 KB] New best heuristic value for landmark_sum_heuristic: 62
[t=6.159549s, 53132 KB] New best heuristic value for ff: 39
[t=6.159549s, 53132 KB] g=66, 1503 evaluated, 1502 expanded
[t=6.163578s, 53132 KB] New best heuristic value for landmark_sum_heuristic: 59
[t=6.163578s, 53132 KB] New best heuristic value for ff: 35
[t=6.163578s, 53132 KB] g=67, 1507 evaluated, 1506 expanded
[t=6.167520s, 53132 KB] New best heuristic value for landmark_sum_heuristic: 57
[t=6.167520s, 53132 KB] New best heuristic value for ff: 34
[t=6.167520s, 53132 KB] g=67, 1508 evaluated, 1507 expanded
[t=6.167520s, 53132 KB] New best heuristic value for landmark_sum_heuristic: 55
[t=6.167520s, 53132 KB] New best heuristic value for ff: 33
[t=6.167520s, 53132 KB] g=67, 1509 evaluated, 1508 expanded
[t=6.167520s, 53132 KB] New best heuristic value for landmark_sum_heuristic: 53
[t=6.167520s, 53132 KB] New best heuristic value for ff: 32
[t=6.167520s, 53132 KB] g=67, 1510 evaluated, 1509 expanded
[t=6.167520s, 53132 KB] New best heuristic value for landmark_sum_heuristic: 51
[t=6.167520s, 53132 KB] New best heuristic value for ff: 31
[t=6.167520s, 53132 KB] g=67, 1511 evaluated, 1510 expanded
[t=6.167520s, 53132 KB] New best heuristic value for landmark_sum_heuristic: 49
[t=6.167520s, 53132 KB] New best heuristic value for ff: 30
[t=6.167520s, 53132 KB] g=67, 1512 evaluated, 1511 expanded
[t=6.171500s, 53132 KB] New best heuristic value for landmark_sum_heuristic: 47
[t=6.171500s, 53132 KB] New best heuristic value for ff: 29
[t=6.171500s, 53132 KB] g=67, 1513 evaluated, 1512 expanded
[t=6.171500s, 53132 KB] New best heuristic value for landmark_sum_heuristic: 45
[t=6.171500s, 53132 KB] New best heuristic value for ff: 28
[t=6.171500s, 53132 KB] g=67, 1514 evaluated, 1513 expanded
[t=6.171500s, 53132 KB] New best heuristic value for landmark_sum_heuristic: 43
[t=6.171500s, 53132 KB] New best heuristic value for ff: 27
[t=6.171500s, 53132 KB] g=67, 1515 evaluated, 1514 expanded
[t=6.175530s, 53132 KB] New best heuristic value for landmark_sum_heuristic: 42
[t=6.175530s, 53132 KB] New best heuristic value for ff: 26
[t=6.175530s, 53132 KB] g=67, 1516 evaluated, 1515 expanded
[t=6.175530s, 53132 KB] New best heuristic value for landmark_sum_heuristic: 39
[t=6.175530s, 53132 KB] New best heuristic value for ff: 22
[t=6.175530s, 53132 KB] g=68, 1519 evaluated, 1518 expanded
[t=6.175530s, 53132 KB] New best heuristic value for landmark_sum_heuristic: 37
[t=6.175530s, 53132 KB] New best heuristic value for ff: 21
[t=6.175530s, 53132 KB] g=68, 1520 evaluated, 1519 expanded
[t=6.179504s, 53132 KB] New best heuristic value for landmark_sum_heuristic: 35
[t=6.179504s, 53132 KB] New best heuristic value for ff: 20
[t=6.179504s, 53132 KB] g=68, 1521 evaluated, 1520 expanded
[t=6.179504s, 53132 KB] New best heuristic value for landmark_sum_heuristic: 33
[t=6.179504s, 53132 KB] New best heuristic value for ff: 19
[t=6.179504s, 53132 KB] g=68, 1522 evaluated, 1521 expanded
[t=6.179504s, 53132 KB] New best heuristic value for landmark_sum_heuristic: 31
[t=6.179504s, 53132 KB] New best heuristic value for ff: 18
[t=6.179504s, 53132 KB] g=68, 1523 evaluated, 1522 expanded
[t=6.179504s, 53132 KB] New best heuristic value for landmark_sum_heuristic: 29
[t=6.179504s, 53132 KB] New best heuristic value for ff: 17
[t=6.179504s, 53132 KB] g=68, 1524 evaluated, 1523 expanded
[t=6.179504s, 53132 KB] New best heuristic value for landmark_sum_heuristic: 27
[t=6.179504s, 53132 KB] New best heuristic value for ff: 16
[t=6.179504s, 53132 KB] g=68, 1525 evaluated, 1524 expanded
[t=6.179504s, 53132 KB] New best heuristic value for landmark_sum_heuristic: 25
[t=6.179504s, 53132 KB] New best heuristic value for ff: 15
[t=6.183499s, 53132 KB] g=68, 1526 evaluated, 1525 expanded
[t=6.183499s, 53132 KB] New best heuristic value for landmark_sum_heuristic: 23
[t=6.183499s, 53132 KB] New best heuristic value for ff: 14
[t=6.183499s, 53132 KB] g=68, 1527 evaluated, 1526 expanded
[t=6.183499s, 53132 KB] New best heuristic value for landmark_sum_heuristic: 22
[t=6.183499s, 53132 KB] New best heuristic value for ff: 13
[t=6.183499s, 53132 KB] g=68, 1528 evaluated, 1527 expanded
[t=57.517798s, 64288 KB] New best heuristic value for landmark_sum_heuristic: 21
[t=57.517798s, 64288 KB] g=66, 67507 evaluated, 67506 expanded
[t=57.517798s, 64288 KB] New best heuristic value for landmark_sum_heuristic: 18
[t=57.517798s, 64288 KB] New best heuristic value for ff: 9
[t=57.517798s, 64288 KB] g=68, 67509 evaluated, 67508 expanded
[t=57.517798s, 64288 KB] New best heuristic value for landmark_sum_heuristic: 16
[t=57.517798s, 64288 KB] New best heuristic value for ff: 8
[t=57.517798s, 64288 KB] g=68, 67510 evaluated, 67509 expanded
[t=57.517798s, 64288 KB] New best heuristic value for landmark_sum_heuristic: 14
[t=57.517798s, 64288 KB] New best heuristic value for ff: 7
[t=57.517798s, 64288 KB] g=68, 67511 evaluated, 67510 expanded
[t=57.521801s, 64288 KB] New best heuristic value for landmark_sum_heuristic: 12
[t=57.521801s, 64288 KB] New best heuristic value for ff: 6
[t=57.521801s, 64288 KB] g=68, 67512 evaluated, 67511 expanded
[t=57.521801s, 64288 KB] New best heuristic value for landmark_sum_heuristic: 10
[t=57.521801s, 64288 KB] New best heuristic value for ff: 5
[t=57.521801s, 64288 KB] g=68, 67513 evaluated, 67512 expanded
[t=57.521801s, 64288 KB] New best heuristic value for landmark_sum_heuristic: 8
[t=57.521801s, 64288 KB] New best heuristic value for ff: 4
[t=57.521801s, 64288 KB] g=68, 67514 evaluated, 67513 expanded
[t=57.521801s, 64288 KB] New best heuristic value for landmark_sum_heuristic: 6
[t=57.521801s, 64288 KB] New best heuristic value for ff: 3
[t=57.521801s, 64288 KB] g=68, 67515 evaluated, 67514 expanded
[t=57.521801s, 64288 KB] New best heuristic value for landmark_sum_heuristic: 4
[t=57.521801s, 64288 KB] New best heuristic value for ff: 2
[t=57.521801s, 64288 KB] g=68, 67516 evaluated, 67515 expanded
[t=57.521801s, 64288 KB] New best heuristic value for landmark_sum_heuristic: 2
[t=57.525822s, 64288 KB] New best heuristic value for ff: 1
[t=57.525822s, 64288 KB] g=68, 67517 evaluated, 67516 expanded
[t=57.525822s, 64288 KB] Solution found!
[t=57.525822s, 64288 KB] Actual search time: 52.534152s
move-to-card card-d0-s0-v7 card-d0-s0-v5 card-d0-s0-v8 pile-2 (1)
move-to-card card-d0-s0-v4 card-d0-s3-v2 card-d0-s0-v5 pile-5 (1)
move-to-card card-d0-s3-v1 card-d0-s3-v0 card-d0-s3-v2 pile-3 (1)
move-to-card card-d0-s3-v0 card-d0-s3-v5 card-d0-s3-v1 pile-3 (1)
move-to-card card-d0-s3-v4 card-d0-s1-v3 card-d0-s3-v5 pile-4 (1)
move-to-card card-d0-s3-v2 card-d0-s1-v2 card-d0-s1-v3 pile-1 (1)
move-to-card card-d0-s0-v5 card-d0-s0-v1 card-d0-s0-v6 pile-0 (1)
move-to-card card-d0-s0-v1 card-d0-s1-v7 card-d0-s1-v2 pile-3 (1)
move-to-card card-d0-s0-v6 card-d0-s0-v2 card-d0-s0-v7 pile-2 (1)
move-to-card card-d0-s0-v1 card-d0-s1-v2 card-d0-s0-v2 pile-0 (1)
start-dealing  (1)
deal-card card-d0-s2-v4 card-d0-s3-v8 deal-0 card-d0-s0-v1 pile-0 (0)
deal-card card-d0-s3-v8 card-d0-s0-v0 deal-0 card-d0-s3-v0 pile-1 (0)
deal-card card-d0-s0-v0 card-d0-s2-v5 deal-0 card-d0-s0-v4 pile-2 (0)
deal-card card-d0-s2-v5 card-d0-s3-v7 deal-0 card-d0-s1-v2 pile-3 (0)
deal-card card-d0-s3-v7 card-d0-s2-v8 deal-0 card-d0-s3-v4 pile-4 (0)
deal-card card-d0-s2-v8 deal-0 deal-0 card-d0-s1-v7 pile-5 (0)
finish-dealing deal-0 deal-1 (0)
move-to-card card-d0-s2-v4 card-d0-s0-v1 card-d0-s2-v5 pile-3 (1)
move-to-card card-d0-s0-v0 card-d0-s0-v4 card-d0-s0-v1 pile-0 (1)
move-to-card card-d0-s3-v7 card-d0-s3-v4 card-d0-s3-v8 pile-1 (1)
start-dealing  (1)
deal-card card-d0-s2-v7 card-d0-s1-v5 deal-1 card-d0-s0-v0 pile-0 (0)
deal-card card-d0-s1-v5 card-d0-s2-v0 deal-1 card-d0-s3-v7 pile-1 (0)
deal-card card-d0-s2-v0 card-d0-s1-v8 deal-1 card-d0-s0-v4 pile-2 (0)
deal-card card-d0-s1-v8 card-d0-s2-v6 deal-1 card-d0-s2-v4 pile-3 (0)
deal-card card-d0-s2-v6 card-d0-s1-v1 deal-1 card-d0-s3-v4 pile-4 (0)
deal-card card-d0-s1-v1 deal-1 deal-1 card-d0-s2-v8 pile-5 (0)
finish-dealing deal-1 deal-2 (0)
move-to-card card-d0-s2-v6 card-d0-s3-v4 card-d0-s2-v7 pile-0 (1)
move-to-card card-d0-s3-v5 card-d0-s1-v4 card-d0-s2-v6 pile-0 (1)
move-to-card card-d0-s1-v4 pile-4 card-d0-s1-v5 pile-1 (1)
move-to-tableau card-d0-s3-v5 card-d0-s2-v6 pile-4 (1)
move-to-card card-d0-s2-v7 card-d0-s0-v0 card-d0-s1-v8 pile-3 (1)
move-to-card card-d0-s3-v5 pile-4 card-d0-s2-v6 pile-3 (1)
move-to-tableau card-d0-s0-v2 card-d0-s1-v6 pile-4 (1)
move-to-card card-d0-s1-v5 card-d0-s3-v7 card-d0-s1-v6 pile-0 (1)
move-to-card card-d0-s1-v6 card-d0-s2-v3 card-d0-s3-v7 pile-1 (1)
move-to-card card-d0-s2-v0 card-d0-s0-v4 card-d0-s1-v1 pile-5 (1)
move-to-card card-d0-s2-v3 pile-0 card-d0-s0-v4 pile-2 (1)
move-to-tableau card-d0-s1-v6 card-d0-s3-v7 pile-0 (1)
move-to-card card-d0-s0-v2 pile-4 card-d0-s2-v3 pile-2 (1)
move-to-tableau card-d0-s3-v8 card-d0-s3-v0 pile-4 (1)
move-to-card card-d0-s1-v6 pile-0 card-d0-s3-v7 pile-4 (1)
move-to-tableau card-d0-s0-v2 card-d0-s2-v3 pile-0 (1)
move-to-card card-d0-s3-v2 card-d0-s1-v3 card-d0-s2-v3 pile-2 (1)
move-to-card card-d0-s1-v3 card-d0-s0-v3 card-d0-s1-v4 pile-4 (1)
move-to-card card-d0-s0-v2 pile-0 card-d0-s0-v3 pile-1 (1)
move-to-card card-d0-s0-v3 card-d0-s2-v1 card-d0-s3-v4 pile-3 (1)
move-to-card card-d0-s2-v0 card-d0-s1-v1 card-d0-s2-v1 pile-1 (1)
move-to-tableau card-d0-s2-v1 pile-1 pile-0 (1)
move-to-tableau card-d0-s0-v3 card-d0-s3-v4 pile-1 (1)
move-to-card card-d0-s3-v2 card-d0-s2-v3 card-d0-s1-v3 pile-4 (1)
move-to-card card-d0-s2-v3 card-d0-s0-v4 card-d0-s3-v4 pile-3 (1)
move-to-card card-d0-s0-v3 pile-1 card-d0-s0-v4 pile-2 (1)
move-to-tableau card-d0-s2-v3 card-d0-s3-v4 pile-1 (1)
start-collecting-deck card-d0-s0-v0 (1)
collect-card card-d0-s0-v0 card-d0-s0-v1 pile-2 (0)
collect-card card-d0-s0-v1 card-d0-s0-v2 pile-2 (0)
collect-card card-d0-s0-v2 card-d0-s0-v3 pile-2 (0)
collect-card card-d0-s0-v3 card-d0-s0-v4 pile-2 (0)
collect-card card-d0-s0-v4 card-d0-s0-v5 pile-2 (0)
collect-card card-d0-s0-v5 card-d0-s0-v6 pile-2 (0)
collect-card card-d0-s0-v6 card-d0-s0-v7 pile-2 (0)
collect-card card-d0-s0-v7 card-d0-s0-v8 pile-2 (0)
finish-collecting-deck card-d0-s0-v8 card-d0-s3-v6 pile-2 (0)
move-to-card card-d0-s2-v3 pile-1 card-d0-s3-v4 pile-3 (1)
move-to-tableau card-d0-s3-v6 card-d0-s2-v2 pile-1 (1)
move-to-card card-d0-s2-v1 pile-0 card-d0-s2-v2 pile-2 (1)
move-to-tableau card-d0-s1-v1 card-d0-s2-v8 pile-0 (1)
move-to-card card-d0-s2-v2 card-d0-s1-v0 card-d0-s2-v3 pile-3 (1)
move-to-card card-d0-s1-v0 pile-2 card-d0-s1-v1 pile-0 (1)
move-to-tableau card-d0-s2-v3 card-d0-s3-v4 pile-2 (1)
move-to-card card-d0-s3-v5 card-d0-s2-v6 card-d0-s3-v6 pile-1 (1)
move-to-card card-d0-s2-v7 card-d0-s1-v8 card-d0-s2-v8 pile-5 (1)
move-to-card card-d0-s2-v3 pile-2 card-d0-s3-v4 pile-1 (1)
move-to-tableau card-d0-s1-v8 card-d0-s2-v4 pile-2 (1)
move-to-card card-d0-s2-v3 card-d0-s3-v4 card-d0-s2-v4 pile-3 (1)
move-to-card card-d0-s2-v5 card-d0-s1-v2 card-d0-s2-v6 pile-5 (1)
start-collecting-deck card-d0-s2-v0 (1)
collect-card card-d0-s2-v0 card-d0-s2-v1 pile-5 (0)
collect-card card-d0-s2-v1 card-d0-s2-v2 pile-5 (0)
collect-card card-d0-s2-v2 card-d0-s2-v3 pile-5 (0)
collect-card card-d0-s2-v3 card-d0-s2-v4 pile-5 (0)
collect-card card-d0-s2-v4 card-d0-s2-v5 pile-5 (0)
collect-card card-d0-s2-v5 card-d0-s2-v6 pile-5 (0)
collect-card card-d0-s2-v6 card-d0-s2-v7 pile-5 (0)
collect-card card-d0-s2-v7 card-d0-s2-v8 pile-5 (0)
finish-collecting-deck card-d0-s2-v8 card-d0-s1-v7 pile-5 (0)
move-to-card card-d0-s1-v7 pile-5 card-d0-s1-v8 pile-2 (1)
move-to-tableau card-d0-s1-v2 card-d0-s3-v3 pile-5 (1)
move-to-card card-d0-s3-v2 card-d0-s1-v3 card-d0-s3-v3 pile-3 (1)
move-to-card card-d0-s1-v2 pile-5 card-d0-s1-v3 pile-4 (1)
move-to-card card-d0-s3-v3 pile-3 card-d0-s3-v4 pile-1 (1)
move-to-card card-d0-s1-v6 card-d0-s3-v7 card-d0-s1-v7 pile-2 (1)
move-to-card card-d0-s3-v6 pile-1 card-d0-s3-v7 pile-4 (1)
start-collecting-deck card-d0-s3-v0 (1)
collect-card card-d0-s3-v0 card-d0-s3-v1 pile-4 (0)
collect-card card-d0-s3-v1 card-d0-s3-v2 pile-4 (0)
collect-card card-d0-s3-v2 card-d0-s3-v3 pile-4 (0)
collect-card card-d0-s3-v3 card-d0-s3-v4 pile-4 (0)
collect-card card-d0-s3-v4 card-d0-s3-v5 pile-4 (0)
collect-card card-d0-s3-v5 card-d0-s3-v6 pile-4 (0)
collect-card card-d0-s3-v6 card-d0-s3-v7 pile-4 (0)
collect-card card-d0-s3-v7 card-d0-s3-v8 pile-4 (0)
finish-collecting-deck card-d0-s3-v8 pile-4 pile-4 (0)
move-to-tableau card-d0-s1-v8 pile-2 pile-1 (1)
move-to-card card-d0-s1-v1 pile-0 card-d0-s1-v2 pile-1 (1)
start-collecting-deck card-d0-s1-v0 (1)
collect-card card-d0-s1-v0 card-d0-s1-v1 pile-1 (0)
collect-card card-d0-s1-v1 card-d0-s1-v2 pile-1 (0)
collect-card card-d0-s1-v2 card-d0-s1-v3 pile-1 (0)
collect-card card-d0-s1-v3 card-d0-s1-v4 pile-1 (0)
collect-card card-d0-s1-v4 card-d0-s1-v5 pile-1 (0)
collect-card card-d0-s1-v5 card-d0-s1-v6 pile-1 (0)
collect-card card-d0-s1-v6 card-d0-s1-v7 pile-1 (0)
collect-card card-d0-s1-v7 card-d0-s1-v8 pile-1 (0)
finish-collecting-deck card-d0-s1-v8 pile-1 pile-1 (0)
[t=57.525822s, 64288 KB] Plan length: 118 step(s).
[t=57.525822s, 64288 KB] Plan cost: 68
[t=57.525822s, 64288 KB] Expanded 67517 state(s).
[t=57.525822s, 64288 KB] Reopened 0 state(s).
[t=57.525822s, 64288 KB] Evaluated 67518 state(s).
[t=57.525822s, 64288 KB] Evaluations: 135036
[t=57.525822s, 64288 KB] Generated 474013 state(s).
[t=57.525822s, 64288 KB] Dead ends: 0 state(s).
[t=57.525822s, 64288 KB] Number of registered states: 67518
[t=57.525822s, 64288 KB] Int hash set load factor: 67518/131072 = 0.515121
[t=57.525822s, 64288 KB] Int hash set resizes: 17
[t=57.525822s, 64288 KB] Best solution cost so far: 68
[t=57.525822s, 64288 KB] Solution found - keep searching
[t=57.525822s, 64288 KB] Building successor generator...done!
[t=57.525822s, 64288 KB] peak memory difference for successor generator creation: 0 KB
[t=57.525822s, 64288 KB] time for successor generation creation: 0.000000s
[t=57.525822s, 64288 KB] Variables: 407
[t=57.525822s, 64288 KB] FactPairs: 1538
[t=57.525822s, 64288 KB] Bytes per state: 68
[t=57.525822s, 64288 KB] Starting search: lazy_wastar
[t=57.525822s, 64288 KB] Conducting lazy best first search, (real) bound = 68
[t=57.529800s, 64288 KB] New best heuristic value for ff: 150
[t=57.529800s, 64288 KB] New best heuristic value for landmark_sum_heuristic: 226
[t=57.529800s, 64288 KB] g=0, 1 evaluated, 0 expanded
[t=57.529800s, 64288 KB] Initial heuristic value for ff: 150
[t=57.529800s, 64288 KB] Initial heuristic value for landmark_sum_heuristic: 226
[t=57.533802s, 64288 KB] New best heuristic value for ff: 149
[t=57.533802s, 64288 KB] New best heuristic value for landmark_sum_heuristic: 221
[t=57.533802s, 64288 KB] g=1, 2 evaluated, 1 expanded
[t=57.533802s, 64288 KB] New best heuristic value for landmark_sum_heuristic: 216
[t=57.533802s, 64288 KB] g=2, 3 evaluated, 2 expanded
[t=57.533802s, 64288 KB] New best heuristic value for ff: 141
[t=57.533802s, 64288 KB] New best heuristic value for landmark_sum_heuristic: 211
[t=57.533802s, 64288 KB] g=3, 4 evaluated, 3 expanded
[t=57.537800s, 64288 KB] New best heuristic value for landmark_sum_heuristic: 206
[t=57.537800s, 64288 KB] g=4, 5 evaluated, 4 expanded
[t=57.537800s, 64288 KB] New best heuristic value for landmark_sum_heuristic: 201
[t=57.537800s, 64288 KB] g=5, 6 evaluated, 5 expanded
[t=57.541802s, 64288 KB] New best heuristic value for landmark_sum_heuristic: 200
[t=57.541802s, 64288 KB] g=6, 8 evaluated, 7 expanded
[t=57.545800s, 64288 KB] New best heuristic value for landmark_sum_heuristic: 195
[t=57.545800s, 64288 KB] g=7, 12 evaluated, 11 expanded
[t=57.545800s, 64288 KB] New best heuristic value for ff: 140
[t=57.545800s, 64288 KB] g=4, 13 evaluated, 12 expanded
[t=57.545800s, 64288 KB] New best heuristic value for ff: 139
[t=57.545800s, 64288 KB] New best heuristic value for landmark_sum_heuristic: 194
[t=57.545800s, 64288 KB] g=8, 14 evaluated, 13 expanded
[t=57.549803s, 64288 KB] New best heuristic value for landmark_sum_heuristic: 193
[t=57.549803s, 64288 KB] g=9, 15 evaluated, 14 expanded
[t=57.549803s, 64288 KB] New best heuristic value for landmark_sum_heuristic: 189
[t=57.549803s, 64288 KB] g=10, 16 evaluated, 15 expanded
[t=57.553841s, 64288 KB] New best heuristic value for ff: 138
[t=57.553841s, 64288 KB] g=9, 17 evaluated, 16 expanded
[t=57.553841s, 64288 KB] New best heuristic value for landmark_sum_heuristic: 185
[t=57.553841s, 64288 KB] g=10, 18 evaluated, 17 expanded
[t=57.553841s, 64288 KB] New best heuristic value for ff: 137
[t=57.553841s, 64288 KB] g=11, 19 evaluated, 18 expanded
[t=57.557800s, 64288 KB] New best heuristic value for landmark_sum_heuristic: 182
[t=57.557800s, 64288 KB] g=11, 22 evaluated, 21 expanded
[t=57.561800s, 64288 KB] New best heuristic value for ff: 131
[t=57.561800s, 64288 KB] g=11, 24 evaluated, 23 expanded
[t=57.573814s, 64288 KB] New best heuristic value for ff: 130
[t=57.573814s, 64288 KB] New best heuristic value for landmark_sum_heuristic: 179
[t=57.573814s, 64288 KB] g=12, 32 evaluated, 31 expanded
[t=57.573814s, 64288 KB] New best heuristic value for ff: 128
[t=57.573814s, 64288 KB] New best heuristic value for landmark_sum_heuristic: 177
[t=57.573814s, 64288 KB] g=13, 33 evaluated, 32 expanded
[t=57.573814s, 64288 KB] New best heuristic value for ff: 123
[t=57.573814s, 64288 KB] New best heuristic value for landmark_sum_heuristic: 174
[t=57.573814s, 64288 KB] g=14, 34 evaluated, 33 expanded
[t=57.573814s, 64288 KB] New best heuristic value for landmark_sum_heuristic: 171
[t=57.573814s, 64288 KB] g=15, 35 evaluated, 34 expanded
[t=57.577801s, 64288 KB] New best heuristic value for ff: 120
[t=57.577801s, 64288 KB] g=15, 36 evaluated, 35 expanded
[t=57.585812s, 64288 KB] New best heuristic value for landmark_sum_heuristic: 170
[t=57.585812s, 64288 KB] g=15, 40 evaluated, 39 expanded
[t=57.589807s, 64288 KB] New best heuristic value for landmark_sum_heuristic: 169
[t=57.589807s, 64288 KB] g=15, 42 evaluated, 41 expanded
[t=57.589807s, 64288 KB] New best heuristic value for landmark_sum_heuristic: 168
[t=57.589807s, 64288 KB] g=15, 43 evaluated, 42 expanded
[t=57.593801s, 64288 KB] New best heuristic value for landmark_sum_heuristic: 165
[t=57.593801s, 64288 KB] g=16, 46 evaluated, 45 expanded
[t=57.593801s, 64288 KB] New best heuristic value for landmark_sum_heuristic: 163
[t=57.593801s, 64288 KB] g=17, 49 evaluated, 48 expanded
[t=57.597800s, 64288 KB] New best heuristic value for landmark_sum_heuristic: 159
[t=57.597800s, 64288 KB] g=18, 52 evaluated, 51 expanded
[t=57.605815s, 64288 KB] New best heuristic value for ff: 118
[t=57.605815s, 64288 KB] g=19, 59 evaluated, 58 expanded
[t=57.605815s, 64288 KB] New best heuristic value for landmark_sum_heuristic: 156
[t=57.605815s, 64288 KB] g=19, 63 evaluated, 62 expanded
[t=57.613803s, 64288 KB] New best heuristic value for landmark_sum_heuristic: 155
[t=57.613803s, 64288 KB] g=21, 71 evaluated, 70 expanded
[t=57.621805s, 64288 KB] New best heuristic value for ff: 116
[t=57.621805s, 64288 KB] New best heuristic value for landmark_sum_heuristic: 154
[t=57.621805s, 64288 KB] g=23, 82 evaluated, 81 expanded
[t=57.625803s, 64288 KB] New best heuristic value for landmark_sum_heuristic: 152
[t=57.625803s, 64288 KB] g=24, 84 evaluated, 83 expanded
[t=57.625803s, 64288 KB] New best heuristic value for landmark_sum_heuristic: 151
[t=57.625803s, 64288 KB] g=24, 86 evaluated, 85 expanded
[t=57.629801s, 64288 KB] New best heuristic value for landmark_sum_heuristic: 149
[t=57.629801s, 64288 KB] g=25, 91 evaluated, 90 expanded
[t=57.645809s, 64288 KB] New best heuristic value for landmark_sum_heuristic: 148
[t=57.645809s, 64288 KB] g=27, 107 evaluated, 106 expanded
[t=57.721830s, 64288 KB] New best heuristic value for ff: 112
[t=57.721830s, 64288 KB] g=29, 195 evaluated, 194 expanded, 3 reopened
[t=57.733839s, 64288 KB] New best heuristic value for landmark_sum_heuristic: 147
[t=57.733839s, 64288 KB] g=32, 207 evaluated, 206 expanded, 3 reopened
[t=57.741822s, 64288 KB] New best heuristic value for landmark_sum_heuristic: 146
[t=57.741822s, 64288 KB] g=34, 215 evaluated, 214 expanded, 3 reopened
[t=57.801824s, 64288 KB] New best heuristic value for ff: 110
[t=57.801824s, 64288 KB] g=33, 290 evaluated, 289 expanded, 3 reopened
[t=57.801824s, 64288 KB] New best heuristic value for landmark_sum_heuristic: 144
[t=57.801824s, 64288 KB] g=34, 291 evaluated, 290 expanded, 3 reopened
[t=57.829803s, 64288 KB] New best heuristic value for landmark_sum_heuristic: 143
[t=57.829803s, 64288 KB] g=32, 331 evaluated, 330 expanded, 3 reopened
[t=58.025808s, 64288 KB] New best heuristic value for landmark_sum_heuristic: 142
[t=58.025808s, 64288 KB] g=36, 601 evaluated, 600 expanded, 4 reopened
[t=58.029801s, 64288 KB] New best heuristic value for landmark_sum_heuristic: 139
[t=58.029801s, 64288 KB] g=37, 602 evaluated, 601 expanded, 4 reopened
[t=58.041805s, 64288 KB] New best heuristic value for ff: 108
[t=58.041805s, 64288 KB] g=37, 624 evaluated, 623 expanded, 4 reopened
[t=58.041805s, 64288 KB] New best heuristic value for ff: 106
[t=58.041805s, 64288 KB] g=38, 625 evaluated, 624 expanded, 4 reopened
[t=58.041805s, 64288 KB] New best heuristic value for landmark_sum_heuristic: 136
[t=58.041805s, 64288 KB] g=39, 626 evaluated, 625 expanded, 4 reopened
[t=58.565794s, 64288 KB] New best heuristic value for landmark_sum_heuristic: 134
[t=58.565794s, 64288 KB] g=39, 1306 evaluated, 1305 expanded, 46 reopened
[t=58.593857s, 64288 KB] New best heuristic value for ff: 102
[t=58.593857s, 64288 KB] g=40, 1337 evaluated, 1336 expanded, 46 reopened
[t=58.597786s, 64288 KB] New best heuristic value for landmark_sum_heuristic: 131
[t=58.597786s, 64288 KB] g=41, 1340 evaluated, 1339 expanded, 46 reopened
[t=58.597786s, 64288 KB] New best heuristic value for ff: 98
[t=58.597786s, 64288 KB] g=41, 1341 evaluated, 1340 expanded, 46 reopened
[t=58.601781s, 64288 KB] New best heuristic value for landmark_sum_heuristic: 129
[t=58.601781s, 64288 KB] g=41, 1342 evaluated, 1341 expanded, 46 reopened
[t=58.601781s, 64288 KB] New best heuristic value for ff: 96
[t=58.601781s, 64288 KB] New best heuristic value for landmark_sum_heuristic: 127
[t=58.601781s, 64288 KB] g=41, 1343 evaluated, 1342 expanded, 46 reopened
[t=58.601781s, 64288 KB] New best heuristic value for landmark_sum_heuristic: 125
[t=58.601781s, 64288 KB] g=41, 1344 evaluated, 1343 expanded, 46 reopened
[t=58.605783s, 64288 KB] New best heuristic value for landmark_sum_heuristic: 123
[t=58.605783s, 64288 KB] g=41, 1345 evaluated, 1344 expanded, 46 reopened
[t=58.605783s, 64288 KB] New best heuristic value for ff: 93
[t=58.605783s, 64288 KB] New best heuristic value for landmark_sum_heuristic: 121
[t=58.605783s, 64288 KB] g=41, 1346 evaluated, 1345 expanded, 46 reopened
[t=58.609860s, 64288 KB] New best heuristic value for ff: 92
[t=58.609860s, 64288 KB] New best heuristic value for landmark_sum_heuristic: 119
[t=58.609860s, 64288 KB] g=41, 1347 evaluated, 1346 expanded, 46 reopened
[t=58.613906s, 64288 KB] New best heuristic value for ff: 89
[t=58.613906s, 64288 KB] New best heuristic value for landmark_sum_heuristic: 117
[t=58.613906s, 64288 KB] g=41, 1348 evaluated, 1347 expanded, 46 reopened
[t=58.617801s, 64288 KB] New best heuristic value for ff: 88
[t=58.617801s, 64288 KB] New best heuristic value for landmark_sum_heuristic: 115
[t=58.617801s, 64288 KB] g=41, 1349 evaluated, 1348 expanded, 46 reopened
[t=58.617801s, 64288 KB] New best heuristic value for ff: 87
[t=58.617801s, 64288 KB] New best heuristic value for landmark_sum_heuristic: 113
[t=58.617801s, 64288 KB] g=41, 1350 evaluated, 1349 expanded, 46 reopened
[t=58.621785s, 64288 KB] New best heuristic value for ff: 83
[t=58.621785s, 64288 KB] New best heuristic value for landmark_sum_heuristic: 110
[t=58.621785s, 64288 KB] g=42, 1353 evaluated, 1352 expanded, 46 reopened
[t=58.625790s, 64288 KB] New best heuristic value for landmark_sum_heuristic: 107
[t=58.625790s, 64288 KB] g=43, 1356 evaluated, 1355 expanded, 46 reopened
[t=58.633799s, 64288 KB] New best heuristic value for ff: 79
[t=58.633799s, 64288 KB] g=45, 1363 evaluated, 1362 expanded, 46 reopened
[t=58.633799s, 64288 KB] New best heuristic value for landmark_sum_heuristic: 106
[t=58.633799s, 64288 KB] g=46, 1365 evaluated, 1364 expanded, 46 reopened
[t=58.689831s, 64288 KB] New best heuristic value for landmark_sum_heuristic: 104
[t=58.689831s, 64288 KB] g=46, 1439 evaluated, 1438 expanded, 46 reopened
[t=58.689831s, 64288 KB] New best heuristic value for landmark_sum_heuristic: 100
[t=58.689831s, 64288 KB] g=47, 1440 evaluated, 1439 expanded, 46 reopened
[t=58.693835s, 64288 KB] New best heuristic value for ff: 77
[t=58.693835s, 64288 KB] New best heuristic value for landmark_sum_heuristic: 99
[t=58.693835s, 64288 KB] g=48, 1442 evaluated, 1441 expanded, 46 reopened
[t=58.693835s, 64288 KB] New best heuristic value for landmark_sum_heuristic: 96
[t=58.693835s, 64288 KB] g=49, 1443 evaluated, 1442 expanded, 46 reopened
[t=58.697788s, 64288 KB] New best heuristic value for ff: 73
[t=58.697788s, 64288 KB] g=49, 1447 evaluated, 1446 expanded, 46 reopened
[t=58.697788s, 64288 KB] New best heuristic value for ff: 69
[t=58.697788s, 64288 KB] New best heuristic value for landmark_sum_heuristic: 94
[t=58.697788s, 64288 KB] g=50, 1449 evaluated, 1448 expanded, 46 reopened
[t=58.701781s, 64288 KB] New best heuristic value for landmark_sum_heuristic: 91
[t=58.701781s, 64288 KB] g=51, 1451 evaluated, 1450 expanded, 46 reopened
[t=58.705822s, 64288 KB] New best heuristic value for ff: 67
[t=58.705822s, 64288 KB] g=52, 1459 evaluated, 1458 expanded, 46 reopened
[t=58.709784s, 64288 KB] New best heuristic value for ff: 63
[t=58.709784s, 64288 KB] g=53, 1460 evaluated, 1459 expanded, 46 reopened
[t=58.709784s, 64288 KB] New best heuristic value for ff: 61
[t=58.709784s, 64288 KB] New best heuristic value for landmark_sum_heuristic: 88
[t=58.709784s, 64288 KB] g=54, 1461 evaluated, 1460 expanded, 46 reopened
[t=58.709784s, 64288 KB] New best heuristic value for ff: 59
[t=58.709784s, 64288 KB] New best heuristic value for landmark_sum_heuristic: 86
[t=58.709784s, 64288 KB] g=55, 1462 evaluated, 1461 expanded, 46 reopened
[t=58.709784s, 64288 KB] New best heuristic value for ff: 57
[t=58.713780s, 64288 KB] New best heuristic value for landmark_sum_heuristic: 84
[t=58.713780s, 64288 KB] g=56, 1463 evaluated, 1462 expanded, 46 reopened
[t=58.713780s, 64288 KB] New best heuristic value for ff: 53
[t=58.713780s, 64288 KB] New best heuristic value for landmark_sum_heuristic: 80
[t=58.713780s, 64288 KB] g=57, 1464 evaluated, 1463 expanded, 46 reopened
[t=58.713780s, 64288 KB] New best heuristic value for ff: 51
[t=58.713780s, 64288 KB] New best heuristic value for landmark_sum_heuristic: 77
[t=58.713780s, 64288 KB] g=58, 1465 evaluated, 1464 expanded, 46 reopened
[t=58.713780s, 64288 KB] New best heuristic value for ff: 49
[t=58.713780s, 64288 KB] New best heuristic value for landmark_sum_heuristic: 73
[t=58.713780s, 64288 KB] g=59, 1466 evaluated, 1465 expanded, 46 reopened
[t=58.713780s, 64288 KB] New best heuristic value for ff: 47
[t=58.713780s, 64288 KB] g=60, 1467 evaluated, 1466 expanded, 46 reopened
[t=58.717776s, 64288 KB] New best heuristic value for ff: 45
[t=58.717776s, 64288 KB] New best heuristic value for landmark_sum_heuristic: 70
[t=58.717776s, 64288 KB] g=61, 1469 evaluated, 1468 expanded, 46 reopened
[t=58.721777s, 64288 KB] New best heuristic value for ff: 43
[t=58.721777s, 64288 KB] New best heuristic value for landmark_sum_heuristic: 69
[t=58.721777s, 64288 KB] g=62, 1472 evaluated, 1471 expanded, 46 reopened
[t=58.721777s, 64288 KB] New best heuristic value for ff: 41
[t=58.721777s, 64288 KB] New best heuristic value for landmark_sum_heuristic: 66
[t=58.721777s, 64288 KB] g=63, 1473 evaluated, 1472 expanded, 46 reopened
[t=58.721777s, 64288 KB] New best heuristic value for ff: 39
[t=58.721777s, 64288 KB] New best heuristic value for landmark_sum_heuristic: 62
[t=58.721777s, 64288 KB] g=64, 1474 evaluated, 1473 expanded, 46 reopened
[t=58.725785s, 64288 KB] New best heuristic value for ff: 35
[t=58.725785s, 64288 KB] New best heuristic value for landmark_sum_heuristic: 59
[t=58.725785s, 64288 KB] g=65, 1478 evaluated, 1477 expanded, 46 reopened
[t=58.725785s, 64288 KB] New best heuristic value for ff: 34
[t=58.725785s, 64288 KB] New best heuristic value for landmark_sum_heuristic: 57
[t=58.725785s, 64288 KB] g=65, 1479 evaluated, 1478 expanded, 46 reopened
[t=58.725785s, 64288 KB] New best heuristic value for ff: 33
[t=58.725785s, 64288 KB] New best heuristic value for landmark_sum_heuristic: 55
[t=58.725785s, 64288 KB] g=65, 1480 evaluated, 1479 expanded, 46 reopened
[t=58.729780s, 64288 KB] New best heuristic value for ff: 32
[t=58.729780s, 64288 KB] New best heuristic value for landmark_sum_heuristic: 53
[t=58.729780s, 64288 KB] g=65, 1481 evaluated, 1480 expanded, 46 reopened
[t=58.729780s, 64288 KB] New best heuristic value for ff: 31
[t=58.729780s, 64288 KB] New best heuristic value for landmark_sum_heuristic: 51
[t=58.729780s, 64288 KB] g=65, 1482 evaluated, 1481 expanded, 46 reopened
[t=58.729780s, 64288 KB] New best heuristic value for ff: 30
[t=58.729780s, 64288 KB] New best heuristic value for landmark_sum_heuristic: 49
[t=58.729780s, 64288 KB] g=65, 1483 evaluated, 1482 expanded, 46 reopened
[t=58.729780s, 64288 KB] New best heuristic value for ff: 29
[t=58.729780s, 64288 KB] New best heuristic value for landmark_sum_heuristic: 47
[t=58.729780s, 64288 KB] g=65, 1484 evaluated, 1483 expanded, 46 reopened
[t=58.729780s, 64288 KB] New best heuristic value for ff: 28
[t=58.729780s, 64288 KB] New best heuristic value for landmark_sum_heuristic: 45
[t=58.729780s, 64288 KB] g=65, 1485 evaluated, 1484 expanded, 46 reopened
[t=58.733778s, 64288 KB] New best heuristic value for ff: 27
[t=58.733778s, 64288 KB] New best heuristic value for landmark_sum_heuristic: 43
[t=58.733778s, 64288 KB] g=65, 1486 evaluated, 1485 expanded, 46 reopened
[t=58.733778s, 64288 KB] New best heuristic value for ff: 26
[t=58.733778s, 64288 KB] New best heuristic value for landmark_sum_heuristic: 42
[t=58.733778s, 64288 KB] g=65, 1487 evaluated, 1486 expanded, 46 reopened
[t=58.733778s, 64288 KB] New best heuristic value for ff: 22
[t=58.733778s, 64288 KB] New best heuristic value for landmark_sum_heuristic: 39
[t=58.733778s, 64288 KB] g=66, 1490 evaluated, 1489 expanded, 46 reopened
[t=58.737777s, 64288 KB] New best heuristic value for ff: 21
[t=58.737777s, 64288 KB] New best heuristic value for landmark_sum_heuristic: 37
[t=58.737777s, 64288 KB] g=66, 1491 evaluated, 1490 expanded, 46 reopened
[t=58.737777s, 64288 KB] New best heuristic value for ff: 20
[t=58.737777s, 64288 KB] New best heuristic value for landmark_sum_heuristic: 35
[t=58.737777s, 64288 KB] g=66, 1492 evaluated, 1491 expanded, 46 reopened
[t=58.737777s, 64288 KB] New best heuristic value for ff: 19
[t=58.737777s, 64288 KB] New best heuristic value for landmark_sum_heuristic: 33
[t=58.737777s, 64288 KB] g=66, 1493 evaluated, 1492 expanded, 46 reopened
[t=58.737777s, 64288 KB] New best heuristic value for ff: 18
[t=58.737777s, 64288 KB] New best heuristic value for landmark_sum_heuristic: 31
[t=58.737777s, 64288 KB] g=66, 1494 evaluated, 1493 expanded, 46 reopened
[t=58.737777s, 64288 KB] New best heuristic value for ff: 17
[t=58.737777s, 64288 KB] New best heuristic value for landmark_sum_heuristic: 29
[t=58.737777s, 64288 KB] g=66, 1495 evaluated, 1494 expanded, 46 reopened
[t=58.741779s, 64288 KB] New best heuristic value for ff: 16
[t=58.741779s, 64288 KB] New best heuristic value for landmark_sum_heuristic: 27
[t=58.741779s, 64288 KB] g=66, 1496 evaluated, 1495 expanded, 46 reopened
[t=58.741779s, 64288 KB] New best heuristic value for ff: 15
[t=58.741779s, 64288 KB] New best heuristic value for landmark_sum_heuristic: 25
[t=58.741779s, 64288 KB] g=66, 1497 evaluated, 1496 expanded, 46 reopened
[t=58.741779s, 64288 KB] New best heuristic value for ff: 14
[t=58.741779s, 64288 KB] New best heuristic value for landmark_sum_heuristic: 23
[t=58.741779s, 64288 KB] g=66, 1498 evaluated, 1497 expanded, 46 reopened
[t=58.741779s, 64288 KB] New best heuristic value for ff: 13
[t=58.741779s, 64288 KB] New best heuristic value for landmark_sum_heuristic: 22
[t=58.741779s, 64288 KB] g=66, 1499 evaluated, 1498 expanded, 46 reopened
[t=58.741779s, 64288 KB] New best heuristic value for ff: 9
[t=58.741779s, 64288 KB] New best heuristic value for landmark_sum_heuristic: 18
[t=58.741779s, 64288 KB] g=67, 1501 evaluated, 1500 expanded, 46 reopened
[t=58.745777s, 64288 KB] New best heuristic value for ff: 8
[t=58.745777s, 64288 KB] New best heuristic value for landmark_sum_heuristic: 16
[t=58.745777s, 64288 KB] g=67, 1502 evaluated, 1501 expanded, 46 reopened
[t=58.745777s, 64288 KB] New best heuristic value for ff: 7
[t=58.745777s, 64288 KB] New best heuristic value for landmark_sum_heuristic: 14
[t=58.745777s, 64288 KB] g=67, 1503 evaluated, 1502 expanded, 46 reopened
[t=58.745777s, 64288 KB] New best heuristic value for ff: 6
[t=58.745777s, 64288 KB] New best heuristic value for landmark_sum_heuristic: 12
[t=58.745777s, 64288 KB] g=67, 1504 evaluated, 1503 expanded, 46 reopened
[t=58.745777s, 64288 KB] New best heuristic value for ff: 5
[t=58.745777s, 64288 KB] New best heuristic value for landmark_sum_heuristic: 10
[t=58.745777s, 64288 KB] g=67, 1505 evaluated, 1504 expanded, 46 reopened
[t=58.745777s, 64288 KB] New best heuristic value for ff: 4
[t=58.745777s, 64288 KB] New best heuristic value for landmark_sum_heuristic: 8
[t=58.745777s, 64288 KB] g=67, 1506 evaluated, 1505 expanded, 46 reopened
[t=58.745777s, 64288 KB] New best heuristic value for ff: 3
[t=58.745777s, 64288 KB] New best heuristic value for landmark_sum_heuristic: 6
[t=58.745777s, 64288 KB] g=67, 1507 evaluated, 1506 expanded, 46 reopened
[t=58.745777s, 64288 KB] New best heuristic value for ff: 2
[t=58.745777s, 64288 KB] New best heuristic value for landmark_sum_heuristic: 4
[t=58.745777s, 64288 KB] g=67, 1508 evaluated, 1507 expanded, 46 reopened
[t=58.749776s, 64288 KB] New best heuristic value for ff: 1
[t=58.749776s, 64288 KB] New best heuristic value for landmark_sum_heuristic: 2
[t=58.749776s, 64288 KB] g=67, 1509 evaluated, 1508 expanded, 46 reopened
[t=58.749776s, 64288 KB] Solution found!
[t=58.749776s, 64288 KB] Actual search time: 1.223954s
move-to-card card-d0-s0-v7 card-d0-s0-v5 card-d0-s0-v8 pile-2 (1)
move-to-card card-d0-s0-v4 card-d0-s3-v2 card-d0-s0-v5 pile-5 (1)
move-to-card card-d0-s3-v1 card-d0-s3-v0 card-d0-s3-v2 pile-3 (1)
move-to-card card-d0-s3-v0 card-d0-s3-v5 card-d0-s3-v1 pile-3 (1)
move-to-card card-d0-s3-v4 card-d0-s1-v3 card-d0-s3-v5 pile-4 (1)
move-to-card card-d0-s3-v2 card-d0-s1-v2 card-d0-s1-v3 pile-1 (1)
move-to-card card-d0-s0-v5 card-d0-s0-v1 card-d0-s0-v6 pile-0 (1)
move-to-card card-d0-s0-v1 card-d0-s1-v7 card-d0-s1-v2 pile-3 (1)
move-to-card card-d0-s0-v6 card-d0-s0-v2 card-d0-s0-v7 pile-2 (1)
move-to-card card-d0-s0-v1 card-d0-s1-v2 card-d0-s0-v2 pile-0 (1)
start-dealing  (1)
deal-card card-d0-s2-v4 card-d0-s3-v8 deal-0 card-d0-s0-v1 pile-0 (0)
deal-card card-d0-s3-v8 card-d0-s0-v0 deal-0 card-d0-s3-v0 pile-1 (0)
deal-card card-d0-s0-v0 card-d0-s2-v5 deal-0 card-d0-s0-v4 pile-2 (0)
deal-card card-d0-s2-v5 card-d0-s3-v7 deal-0 card-d0-s1-v2 pile-3 (0)
deal-card card-d0-s3-v7 card-d0-s2-v8 deal-0 card-d0-s3-v4 pile-4 (0)
deal-card card-d0-s2-v8 deal-0 deal-0 card-d0-s1-v7 pile-5 (0)
finish-dealing deal-0 deal-1 (0)
move-to-card card-d0-s2-v4 card-d0-s0-v1 card-d0-s2-v5 pile-3 (1)
move-to-card card-d0-s0-v0 card-d0-s0-v4 card-d0-s0-v1 pile-0 (1)
move-to-card card-d0-s3-v7 card-d0-s3-v4 card-d0-s3-v8 pile-1 (1)
start-dealing  (1)
deal-card card-d0-s2-v7 card-d0-s1-v5 deal-1 card-d0-s0-v0 pile-0 (0)
deal-card card-d0-s1-v5 card-d0-s2-v0 deal-1 card-d0-s3-v7 pile-1 (0)
deal-card card-d0-s2-v0 card-d0-s1-v8 deal-1 card-d0-s0-v4 pile-2 (0)
deal-card card-d0-s1-v8 card-d0-s2-v6 deal-1 card-d0-s2-v4 pile-3 (0)
deal-card card-d0-s2-v6 card-d0-s1-v1 deal-1 card-d0-s3-v4 pile-4 (0)
deal-card card-d0-s1-v1 deal-1 deal-1 card-d0-s2-v8 pile-5 (0)
finish-dealing deal-1 deal-2 (0)
move-to-card card-d0-s2-v6 card-d0-s3-v4 card-d0-s2-v7 pile-0 (1)
move-to-card card-d0-s3-v5 card-d0-s1-v4 card-d0-s2-v6 pile-0 (1)
move-to-card card-d0-s1-v4 pile-4 card-d0-s1-v5 pile-1 (1)
move-to-tableau card-d0-s3-v5 card-d0-s2-v6 pile-4 (1)
move-to-card card-d0-s2-v7 card-d0-s0-v0 card-d0-s1-v8 pile-3 (1)
move-to-card card-d0-s3-v5 pile-4 card-d0-s2-v6 pile-3 (1)
move-to-tableau card-d0-s0-v2 card-d0-s1-v6 pile-4 (1)
move-to-card card-d0-s1-v5 card-d0-s3-v7 card-d0-s1-v6 pile-0 (1)
move-to-card card-d0-s1-v6 card-d0-s2-v3 card-d0-s3-v7 pile-1 (1)
move-to-card card-d0-s2-v0 card-d0-s0-v4 card-d0-s1-v1 pile-5 (1)
move-to-card card-d0-s2-v3 pile-0 card-d0-s0-v4 pile-2 (1)
move-to-tableau card-d0-s1-v6 card-d0-s3-v7 pile-0 (1)
move-to-card card-d0-s0-v2 pile-4 card-d0-s2-v3 pile-2 (1)
move-to-tableau card-d0-s3-v8 card-d0-s3-v0 pile-4 (1)
move-to-card card-d0-s1-v6 pile-0 card-d0-s3-v7 pile-4 (1)
move-to-tableau card-d0-s0-v2 card-d0-s2-v3 pile-0 (1)
move-to-card card-d0-s3-v2 card-d0-s1-v3 card-d0-s2-v3 pile-2 (1)
move-to-card card-d0-s1-v3 card-d0-s0-v3 card-d0-s1-v4 pile-4 (1)
move-to-card card-d0-s0-v2 pile-0 card-d0-s0-v3 pile-1 (1)
move-to-card card-d0-s0-v3 card-d0-s2-v1 card-d0-s3-v4 pile-3 (1)
move-to-card card-d0-s2-v0 card-d0-s1-v1 card-d0-s2-v1 pile-1 (1)
move-to-tableau card-d0-s2-v1 pile-1 pile-0 (1)
move-to-card card-d0-s3-v2 card-d0-s2-v3 card-d0-s1-v3 pile-4 (1)
move-to-tableau card-d0-s2-v3 card-d0-s0-v4 pile-1 (1)
move-to-card card-d0-s0-v3 card-d0-s3-v4 card-d0-s0-v4 pile-2 (1)
start-collecting-deck card-d0-s0-v0 (1)
collect-card card-d0-s0-v0 card-d0-s0-v1 pile-2 (0)
collect-card card-d0-s0-v1 card-d0-s0-v2 pile-2 (0)
collect-card card-d0-s0-v2 card-d0-s0-v3 pile-2 (0)
collect-card card-d0-s0-v3 card-d0-s0-v4 pile-2 (0)
collect-card card-d0-s0-v4 card-d0-s0-v5 pile-2 (0)
collect-card card-d0-s0-v5 card-d0-s0-v6 pile-2 (0)
collect-card card-d0-s0-v6 card-d0-s0-v7 pile-2 (0)
collect-card card-d0-s0-v7 card-d0-s0-v8 pile-2 (0)
finish-collecting-deck card-d0-s0-v8 card-d0-s3-v6 pile-2 (0)
move-to-card card-d0-s2-v3 pile-1 card-d0-s3-v4 pile-3 (1)
move-to-tableau card-d0-s3-v6 card-d0-s2-v2 pile-1 (1)
move-to-card card-d0-s2-v1 pile-0 card-d0-s2-v2 pile-2 (1)
move-to-tableau card-d0-s1-v1 card-d0-s2-v8 pile-0 (1)
move-to-card card-d0-s2-v2 card-d0-s1-v0 card-d0-s2-v3 pile-3 (1)
move-to-card card-d0-s1-v0 pile-2 card-d0-s1-v1 pile-0 (1)
move-to-tableau card-d0-s2-v3 card-d0-s3-v4 pile-2 (1)
move-to-card card-d0-s3-v5 card-d0-s2-v6 card-d0-s3-v6 pile-1 (1)
move-to-card card-d0-s2-v7 card-d0-s1-v8 card-d0-s2-v8 pile-5 (1)
move-to-card card-d0-s2-v3 pile-2 card-d0-s3-v4 pile-1 (1)
move-to-tableau card-d0-s1-v8 card-d0-s2-v4 pile-2 (1)
move-to-card card-d0-s2-v3 card-d0-s3-v4 card-d0-s2-v4 pile-3 (1)
move-to-card card-d0-s2-v5 card-d0-s1-v2 card-d0-s2-v6 pile-5 (1)
move-to-card card-d0-s1-v1 pile-0 card-d0-s1-v2 pile-3 (1)
move-to-tableau card-d0-s1-v2 card-d0-s3-v3 pile-0 (1)
move-to-card card-d0-s3-v2 card-d0-s1-v3 card-d0-s3-v3 pile-3 (1)
move-to-card card-d0-s1-v2 pile-0 card-d0-s1-v3 pile-4 (1)
move-to-card card-d0-s3-v3 pile-3 card-d0-s3-v4 pile-1 (1)
move-to-tableau card-d0-s1-v6 card-d0-s3-v7 pile-0 (1)
move-to-card card-d0-s3-v6 pile-1 card-d0-s3-v7 pile-4 (1)
move-to-tableau card-d0-s2-v8 card-d0-s1-v7 pile-1 (1)
move-to-card card-d0-s1-v6 pile-0 card-d0-s1-v7 pile-5 (1)
move-to-card card-d0-s1-v7 pile-5 card-d0-s1-v8 pile-2 (1)
start-collecting-deck card-d0-s1-v0 (1)
collect-card card-d0-s1-v0 card-d0-s1-v1 pile-2 (0)
collect-card card-d0-s1-v1 card-d0-s1-v2 pile-2 (0)
collect-card card-d0-s1-v2 card-d0-s1-v3 pile-2 (0)
collect-card card-d0-s1-v3 card-d0-s1-v4 pile-2 (0)
collect-card card-d0-s1-v4 card-d0-s1-v5 pile-2 (0)
collect-card card-d0-s1-v5 card-d0-s1-v6 pile-2 (0)
collect-card card-d0-s1-v6 card-d0-s1-v7 pile-2 (0)
collect-card card-d0-s1-v7 card-d0-s1-v8 pile-2 (0)
finish-collecting-deck card-d0-s1-v8 pile-2 pile-2 (0)
start-collecting-deck card-d0-s3-v0 (1)
collect-card card-d0-s3-v0 card-d0-s3-v1 pile-4 (0)
collect-card card-d0-s3-v1 card-d0-s3-v2 pile-4 (0)
collect-card card-d0-s3-v2 card-d0-s3-v3 pile-4 (0)
collect-card card-d0-s3-v3 card-d0-s3-v4 pile-4 (0)
collect-card card-d0-s3-v4 card-d0-s3-v5 pile-4 (0)
collect-card card-d0-s3-v5 card-d0-s3-v6 pile-4 (0)
collect-card card-d0-s3-v6 card-d0-s3-v7 pile-4 (0)
collect-card card-d0-s3-v7 card-d0-s3-v8 pile-4 (0)
finish-collecting-deck card-d0-s3-v8 pile-4 pile-4 (0)
start-collecting-deck card-d0-s2-v0 (1)
collect-card card-d0-s2-v0 card-d0-s2-v1 pile-1 (0)
collect-card card-d0-s2-v1 card-d0-s2-v2 pile-1 (0)
collect-card card-d0-s2-v2 card-d0-s2-v3 pile-1 (0)
collect-card card-d0-s2-v3 card-d0-s2-v4 pile-1 (0)
collect-card card-d0-s2-v4 card-d0-s2-v5 pile-1 (0)
collect-card card-d0-s2-v5 card-d0-s2-v6 pile-1 (0)
collect-card card-d0-s2-v6 card-d0-s2-v7 pile-1 (0)
collect-card card-d0-s2-v7 card-d0-s2-v8 pile-1 (0)
finish-collecting-deck card-d0-s2-v8 pile-1 pile-1 (0)
[t=58.749776s, 64288 KB] Plan length: 117 step(s).
[t=58.749776s, 64288 KB] Plan cost: 67
[t=58.749776s, 64288 KB] Expanded 1509 state(s).
[t=58.749776s, 64288 KB] Reopened 46 state(s).
[t=58.749776s, 64288 KB] Evaluated 1510 state(s).
[t=58.749776s, 64288 KB] Evaluations: 2974
[t=58.749776s, 64288 KB] Generated 7098 state(s).
[t=58.749776s, 64288 KB] Dead ends: 0 state(s).
[t=58.749776s, 64288 KB] Number of registered states: 1464
[t=58.749776s, 64288 KB] Int hash set load factor: 1464/2048 = 0.714844
[t=58.749776s, 64288 KB] Int hash set resizes: 11
[t=58.749776s, 64288 KB] Best solution cost so far: 67
[t=58.749776s, 64288 KB] Solution found - keep searching
[t=58.749776s, 64288 KB] Building successor generator...done!
[t=58.749776s, 64288 KB] peak memory difference for successor generator creation: 0 KB
[t=58.749776s, 64288 KB] time for successor generation creation: 0.000000s
[t=58.749776s, 64288 KB] Variables: 407
[t=58.749776s, 64288 KB] FactPairs: 1538
[t=58.749776s, 64288 KB] Bytes per state: 68
[t=58.749776s, 64288 KB] Starting search: lazy_wastar
[t=58.749776s, 64288 KB] Conducting lazy best first search, (real) bound = 67
[t=58.749776s, 64288 KB] New best heuristic value for landmark_sum_heuristic: 226
[t=58.749776s, 64288 KB] New best heuristic value for ff: 150
[t=58.749776s, 64288 KB] g=0, 1 evaluated, 0 expanded
[t=58.749776s, 64288 KB] Initial heuristic value for landmark_sum_heuristic: 226
[t=58.749776s, 64288 KB] Initial heuristic value for ff: 150
[t=58.753783s, 64288 KB] New best heuristic value for landmark_sum_heuristic: 221
[t=58.753783s, 64288 KB] New best heuristic value for ff: 149
[t=58.753783s, 64288 KB] g=1, 2 evaluated, 1 expanded
[t=58.753783s, 64288 KB] New best heuristic value for landmark_sum_heuristic: 216
[t=58.753783s, 64288 KB] g=2, 3 evaluated, 2 expanded
[t=58.753783s, 64288 KB] New best heuristic value for landmark_sum_heuristic: 211
[t=58.753783s, 64288 KB] New best heuristic value for ff: 141
[t=58.753783s, 64288 KB] g=3, 4 evaluated, 3 expanded
[t=58.757784s, 64288 KB] New best heuristic value for landmark_sum_heuristic: 206
[t=58.757784s, 64288 KB] g=4, 5 evaluated, 4 expanded
[t=58.762018s, 64288 KB] New best heuristic value for landmark_sum_heuristic: 201
[t=58.762018s, 64288 KB] g=5, 6 evaluated, 5 expanded
[t=58.765787s, 64288 KB] New best heuristic value for landmark_sum_heuristic: 200
[t=58.765787s, 64288 KB] g=6, 8 evaluated, 7 expanded
[t=58.769781s, 64288 KB] New best heuristic value for landmark_sum_heuristic: 195
[t=58.769781s, 64288 KB] g=7, 12 evaluated, 11 expanded
[t=58.773875s, 64288 KB] New best heuristic value for ff: 140
[t=58.773875s, 64288 KB] g=4, 13 evaluated, 12 expanded
[t=58.777786s, 64288 KB] New best heuristic value for landmark_sum_heuristic: 194
[t=58.777786s, 64288 KB] New best heuristic value for ff: 139
[t=58.777786s, 64288 KB] g=8, 14 evaluated, 13 expanded
[t=58.777786s, 64288 KB] New best heuristic value for landmark_sum_heuristic: 193
[t=58.777786s, 64288 KB] g=9, 16 evaluated, 15 expanded
[t=58.781781s, 64288 KB] New best heuristic value for landmark_sum_heuristic: 189
[t=58.781781s, 64288 KB] g=10, 17 evaluated, 16 expanded
[t=58.781781s, 64288 KB] New best heuristic value for ff: 138
[t=58.781781s, 64288 KB] g=9, 18 evaluated, 17 expanded
[t=58.781781s, 64288 KB] New best heuristic value for landmark_sum_heuristic: 185
[t=58.781781s, 64288 KB] g=10, 19 evaluated, 18 expanded
[t=58.785781s, 64288 KB] New best heuristic value for ff: 137
[t=58.785781s, 64288 KB] g=11, 20 evaluated, 19 expanded
[t=58.785781s, 64288 KB] New best heuristic value for landmark_sum_heuristic: 182
[t=58.785781s, 64288 KB] g=11, 23 evaluated, 22 expanded
[t=58.789781s, 64288 KB] New best heuristic value for ff: 131
[t=58.789781s, 64288 KB] g=11, 25 evaluated, 24 expanded
[t=58.801784s, 64288 KB] New best heuristic value for landmark_sum_heuristic: 179
[t=58.801784s, 64288 KB] New best heuristic value for ff: 130
[t=58.801784s, 64288 KB] g=12, 33 evaluated, 32 expanded
[t=58.801784s, 64288 KB] New best heuristic value for landmark_sum_heuristic: 177
[t=58.801784s, 64288 KB] New best heuristic value for ff: 128
[t=58.801784s, 64288 KB] g=13, 34 evaluated, 33 expanded
[t=58.801784s, 64288 KB] New best heuristic value for landmark_sum_heuristic: 174
[t=58.801784s, 64288 KB] New best heuristic value for ff: 123
[t=58.801784s, 64288 KB] g=14, 35 evaluated, 34 expanded
[t=58.801784s, 64288 KB] New best heuristic value for landmark_sum_heuristic: 171
[t=58.801784s, 64288 KB] g=15, 36 evaluated, 35 expanded
[t=58.805788s, 64288 KB] New best heuristic value for ff: 120
[t=58.805788s, 64288 KB] g=15, 37 evaluated, 36 expanded
[t=58.809790s, 64288 KB] New best heuristic value for landmark_sum_heuristic: 170
[t=58.809790s, 64288 KB] g=15, 41 evaluated, 40 expanded
[t=58.813789s, 64288 KB] New best heuristic value for landmark_sum_heuristic: 169
[t=58.813789s, 64288 KB] g=15, 43 evaluated, 42 expanded
[t=58.813789s, 64288 KB] New best heuristic value for landmark_sum_heuristic: 168
[t=58.813789s, 64288 KB] g=15, 44 evaluated, 43 expanded
[t=58.817813s, 64288 KB] New best heuristic value for landmark_sum_heuristic: 165
[t=58.817813s, 64288 KB] g=16, 47 evaluated, 46 expanded
[t=58.821824s, 64288 KB] New best heuristic value for landmark_sum_heuristic: 163
[t=58.821824s, 64288 KB] g=17, 50 evaluated, 49 expanded
[t=58.825793s, 64288 KB] New best heuristic value for landmark_sum_heuristic: 159
[t=58.825793s, 64288 KB] g=18, 53 evaluated, 52 expanded
[t=58.829789s, 64288 KB] New best heuristic value for ff: 118
[t=58.833784s, 64288 KB] g=19, 60 evaluated, 59 expanded
[t=58.838482s, 64288 KB] New best heuristic value for landmark_sum_heuristic: 156
[t=58.838482s, 64288 KB] g=19, 64 evaluated, 63 expanded
[t=58.845790s, 64288 KB] New best heuristic value for landmark_sum_heuristic: 155
[t=58.845790s, 64288 KB] g=21, 72 evaluated, 71 expanded
[t=58.865801s, 64288 KB] New best heuristic value for landmark_sum_heuristic: 154
[t=58.865801s, 64288 KB] New best heuristic value for ff: 116
[t=58.865801s, 64288 KB] g=23, 83 evaluated, 82 expanded
[t=58.865801s, 64288 KB] New best heuristic value for landmark_sum_heuristic: 152
[t=58.869784s, 64288 KB] g=24, 85 evaluated, 84 expanded
[t=58.869784s, 64288 KB] New best heuristic value for landmark_sum_heuristic: 151
[t=58.869784s, 64288 KB] g=24, 87 evaluated, 86 expanded
[t=58.877795s, 64288 KB] New best heuristic value for landmark_sum_heuristic: 149
[t=58.877795s, 64288 KB] g=25, 92 evaluated, 91 expanded
[t=58.893813s, 64288 KB] New best heuristic value for landmark_sum_heuristic: 148
[t=58.893813s, 64288 KB] g=27, 108 evaluated, 107 expanded
[t=58.977797s, 64288 KB] New best heuristic value for ff: 112
[t=58.977797s, 64288 KB] g=29, 196 evaluated, 195 expanded, 3 reopened
[t=58.993793s, 64288 KB] New best heuristic value for landmark_sum_heuristic: 147
[t=58.993793s, 64288 KB] g=29, 211 evaluated, 210 expanded, 3 reopened
[t=58.997791s, 64288 KB] New best heuristic value for landmark_sum_heuristic: 144
[t=58.997791s, 64288 KB] g=30, 216 evaluated, 215 expanded, 3 reopened
[t=59.001790s, 64288 KB] New best heuristic value for landmark_sum_heuristic: 143
[t=59.001790s, 64288 KB] g=32, 224 evaluated, 223 expanded, 3 reopened
[t=59.125923s, 64288 KB] New best heuristic value for ff: 110
[t=59.125923s, 64288 KB] g=33, 377 evaluated, 376 expanded, 4 reopened
[t=59.261717s, 64288 KB] New best heuristic value for landmark_sum_heuristic: 142
[t=59.261717s, 64288 KB] g=36, 558 evaluated, 557 expanded, 4 reopened
[t=59.265711s, 64288 KB] New best heuristic value for landmark_sum_heuristic: 139
[t=59.265711s, 64288 KB] g=37, 559 evaluated, 558 expanded, 4 reopened
[t=59.281707s, 64288 KB] New best heuristic value for ff: 108
[t=59.281707s, 64288 KB] g=37, 583 evaluated, 582 expanded, 5 reopened
[t=59.281707s, 64288 KB] New best heuristic value for ff: 106
[t=59.281707s, 64288 KB] g=38, 584 evaluated, 583 expanded, 5 reopened
[t=59.281707s, 64288 KB] New best heuristic value for landmark_sum_heuristic: 136
[t=59.281707s, 64288 KB] g=39, 585 evaluated, 584 expanded, 5 reopened
[t=59.469713s, 64288 KB] New best heuristic value for landmark_sum_heuristic: 134
[t=59.469713s, 64288 KB] g=39, 824 evaluated, 823 expanded, 12 reopened
[t=59.489722s, 64288 KB] New best heuristic value for ff: 102
[t=59.489722s, 64288 KB] g=40, 855 evaluated, 854 expanded, 12 reopened
[t=59.489722s, 64288 KB] New best heuristic value for landmark_sum_heuristic: 131
[t=59.489722s, 64288 KB] g=41, 858 evaluated, 857 expanded, 12 reopened
[t=59.493713s, 64288 KB] New best heuristic value for ff: 98
[t=59.493713s, 64288 KB] g=41, 859 evaluated, 858 expanded, 12 reopened
[t=59.493713s, 64288 KB] New best heuristic value for landmark_sum_heuristic: 129
[t=59.493713s, 64288 KB] g=41, 860 evaluated, 859 expanded, 12 reopened
[t=59.493713s, 64288 KB] New best heuristic value for landmark_sum_heuristic: 127
[t=59.493713s, 64288 KB] New best heuristic value for ff: 96
[t=59.493713s, 64288 KB] g=41, 861 evaluated, 860 expanded, 12 reopened
[t=59.493713s, 64288 KB] New best heuristic value for landmark_sum_heuristic: 125
[t=59.493713s, 64288 KB] g=41, 862 evaluated, 861 expanded, 12 reopened
[t=59.497708s, 64288 KB] New best heuristic value for landmark_sum_heuristic: 123
[t=59.497708s, 64288 KB] g=41, 863 evaluated, 862 expanded, 12 reopened
[t=59.497708s, 64288 KB] New best heuristic value for landmark_sum_heuristic: 121
[t=59.497708s, 64288 KB] New best heuristic value for ff: 93
[t=59.497708s, 64288 KB] g=41, 864 evaluated, 863 expanded, 12 reopened
[t=59.497708s, 64288 KB] New best heuristic value for landmark_sum_heuristic: 119
[t=59.497708s, 64288 KB] New best heuristic value for ff: 92
[t=59.497708s, 64288 KB] g=41, 865 evaluated, 864 expanded, 12 reopened
[t=59.501706s, 64288 KB] New best heuristic value for landmark_sum_heuristic: 117
[t=59.501706s, 64288 KB] New best heuristic value for ff: 89
[t=59.501706s, 64288 KB] g=41, 866 evaluated, 865 expanded, 12 reopened
[t=59.501706s, 64288 KB] New best heuristic value for landmark_sum_heuristic: 115
[t=59.501706s, 64288 KB] New best heuristic value for ff: 88
[t=59.501706s, 64288 KB] g=41, 867 evaluated, 866 expanded, 12 reopened
[t=59.501706s, 64288 KB] New best heuristic value for landmark_sum_heuristic: 113
[t=59.501706s, 64288 KB] New best heuristic value for ff: 87
[t=59.501706s, 64288 KB] g=41, 868 evaluated, 867 expanded, 12 reopened
[t=59.505715s, 64288 KB] New best heuristic value for landmark_sum_heuristic: 110
[t=59.505715s, 64288 KB] New best heuristic value for ff: 83
[t=59.505715s, 64288 KB] g=42, 871 evaluated, 870 expanded, 12 reopened
[t=59.505715s, 64288 KB] New best heuristic value for landmark_sum_heuristic: 107
[t=59.505715s, 64288 KB] g=43, 874 evaluated, 873 expanded, 12 reopened
[t=59.513704s, 64288 KB] New best heuristic value for ff: 79
[t=59.513704s, 64288 KB] g=45, 881 evaluated, 880 expanded, 12 reopened
[t=59.513704s, 64288 KB] New best heuristic value for landmark_sum_heuristic: 106
[t=59.513704s, 64288 KB] g=46, 883 evaluated, 882 expanded, 12 reopened
[t=59.561714s, 64288 KB] New best heuristic value for landmark_sum_heuristic: 104
[t=59.561714s, 64288 KB] g=46, 957 evaluated, 956 expanded, 12 reopened
[t=59.561714s, 64288 KB] New best heuristic value for landmark_sum_heuristic: 100
[t=59.561714s, 64288 KB] g=47, 958 evaluated, 957 expanded, 12 reopened
[t=59.565709s, 64288 KB] New best heuristic value for landmark_sum_heuristic: 99
[t=59.565709s, 64288 KB] New best heuristic value for ff: 77
[t=59.565709s, 64288 KB] g=48, 960 evaluated, 959 expanded, 12 reopened
[t=59.565709s, 64288 KB] New best heuristic value for landmark_sum_heuristic: 96
[t=59.565709s, 64288 KB] g=49, 961 evaluated, 960 expanded, 12 reopened
[t=59.569707s, 64288 KB] New best heuristic value for ff: 73
[t=59.569707s, 64288 KB] g=49, 965 evaluated, 964 expanded, 12 reopened
[t=59.569707s, 64288 KB] New best heuristic value for landmark_sum_heuristic: 94
[t=59.569707s, 64288 KB] New best heuristic value for ff: 69
[t=59.569707s, 64288 KB] g=50, 967 evaluated, 966 expanded, 12 reopened
[t=59.573741s, 64288 KB] New best heuristic value for landmark_sum_heuristic: 91
[t=59.573741s, 64288 KB] g=51, 969 evaluated, 968 expanded, 12 reopened
[t=59.577708s, 64288 KB] New best heuristic value for ff: 67
[t=59.577708s, 64288 KB] g=52, 977 evaluated, 976 expanded, 12 reopened
[t=59.577708s, 64288 KB] New best heuristic value for ff: 63
[t=59.577708s, 64288 KB] g=53, 978 evaluated, 977 expanded, 12 reopened
[t=59.581724s, 64288 KB] New best heuristic value for landmark_sum_heuristic: 88
[t=59.581724s, 64288 KB] New best heuristic value for ff: 61
[t=59.581724s, 64288 KB] g=54, 979 evaluated, 978 expanded, 12 reopened
[t=59.581724s, 64288 KB] New best heuristic value for landmark_sum_heuristic: 86
[t=59.581724s, 64288 KB] New best heuristic value for ff: 59
[t=59.581724s, 64288 KB] g=55, 980 evaluated, 979 expanded, 12 reopened
[t=59.581724s, 64288 KB] New best heuristic value for landmark_sum_heuristic: 84
[t=59.581724s, 64288 KB] New best heuristic value for ff: 57
[t=59.581724s, 64288 KB] g=56, 981 evaluated, 980 expanded, 12 reopened
[t=59.585706s, 64288 KB] New best heuristic value for landmark_sum_heuristic: 80
[t=59.585706s, 64288 KB] New best heuristic value for ff: 53
[t=59.585706s, 64288 KB] g=57, 982 evaluated, 981 expanded, 12 reopened
[t=59.585706s, 64288 KB] New best heuristic value for landmark_sum_heuristic: 77
[t=59.585706s, 64288 KB] New best heuristic value for ff: 51
[t=59.585706s, 64288 KB] g=58, 983 evaluated, 982 expanded, 12 reopened
[t=59.585706s, 64288 KB] New best heuristic value for landmark_sum_heuristic: 73
[t=59.585706s, 64288 KB] New best heuristic value for ff: 49
[t=59.585706s, 64288 KB] g=59, 984 evaluated, 983 expanded, 12 reopened
[t=59.585706s, 64288 KB] New best heuristic value for ff: 47
[t=59.585706s, 64288 KB] g=60, 985 evaluated, 984 expanded, 12 reopened
[t=59.589710s, 64288 KB] New best heuristic value for landmark_sum_heuristic: 70
[t=59.589710s, 64288 KB] New best heuristic value for ff: 45
[t=59.589710s, 64288 KB] g=61, 987 evaluated, 986 expanded, 12 reopened
[t=59.593823s, 64288 KB] New best heuristic value for landmark_sum_heuristic: 69
[t=59.593823s, 64288 KB] New best heuristic value for ff: 43
[t=59.593823s, 64288 KB] g=62, 990 evaluated, 989 expanded, 12 reopened
[t=59.597760s, 64288 KB] New best heuristic value for landmark_sum_heuristic: 66
[t=59.597760s, 64288 KB] New best heuristic value for ff: 41
[t=59.597760s, 64288 KB] g=63, 991 evaluated, 990 expanded, 12 reopened
[t=59.597760s, 64288 KB] New best heuristic value for landmark_sum_heuristic: 62
[t=59.597760s, 64288 KB] New best heuristic value for ff: 39
[t=59.597760s, 64288 KB] g=64, 992 evaluated, 991 expanded, 12 reopened
[t=59.605730s, 64288 KB] New best heuristic value for landmark_sum_heuristic: 59
[t=59.605730s, 64288 KB] New best heuristic value for ff: 35
[t=59.605730s, 64288 KB] g=65, 996 evaluated, 995 expanded, 12 reopened
[t=59.605730s, 64288 KB] New best heuristic value for landmark_sum_heuristic: 57
[t=59.605730s, 64288 KB] New best heuristic value for ff: 34
[t=59.605730s, 64288 KB] g=65, 997 evaluated, 996 expanded, 12 reopened
[t=59.605730s, 64288 KB] New best heuristic value for landmark_sum_heuristic: 55
[t=59.605730s, 64288 KB] New best heuristic value for ff: 33
[t=59.605730s, 64288 KB] g=65, 998 evaluated, 997 expanded, 12 reopened
[t=59.605730s, 64288 KB] New best heuristic value for landmark_sum_heuristic: 53
[t=59.605730s, 64288 KB] New best heuristic value for ff: 32
[t=59.605730s, 64288 KB] g=65, 999 evaluated, 998 expanded, 12 reopened
[t=59.609709s, 64288 KB] New best heuristic value for landmark_sum_heuristic: 51
[t=59.609709s, 64288 KB] New best heuristic value for ff: 31
[t=59.609709s, 64288 KB] g=65, 1000 evaluated, 999 expanded, 12 reopened
[t=59.609709s, 64288 KB] New best heuristic value for landmark_sum_heuristic: 49
[t=59.609709s, 64288 KB] New best heuristic value for ff: 30
[t=59.609709s, 64288 KB] g=65, 1001 evaluated, 1000 expanded, 12 reopened
[t=59.609709s, 64288 KB] New best heuristic value for landmark_sum_heuristic: 47
[t=59.609709s, 64288 KB] New best heuristic value for ff: 29
[t=59.609709s, 64288 KB] g=65, 1002 evaluated, 1001 expanded, 12 reopened
[t=59.613718s, 64288 KB] New best heuristic value for landmark_sum_heuristic: 45
[t=59.613718s, 64288 KB] New best heuristic value for ff: 28
[t=59.613718s, 64288 KB] g=65, 1003 evaluated, 1002 expanded, 12 reopened
[t=59.613718s, 64288 KB] New best heuristic value for landmark_sum_heuristic: 43
[t=59.613718s, 64288 KB] New best heuristic value for ff: 27
[t=59.613718s, 64288 KB] g=65, 1004 evaluated, 1003 expanded, 12 reopened
[t=59.613718s, 64288 KB] New best heuristic value for landmark_sum_heuristic: 42
[t=59.613718s, 64288 KB] New best heuristic value for ff: 26
[t=59.613718s, 64288 KB] g=65, 1005 evaluated, 1004 expanded, 12 reopened
[t=59.617708s, 64288 KB] New best heuristic value for landmark_sum_heuristic: 39
[t=59.617708s, 64288 KB] New best heuristic value for ff: 22
[t=59.617708s, 64288 KB] g=66, 1008 evaluated, 1007 expanded, 12 reopened
[t=59.617708s, 64288 KB] New best heuristic value for landmark_sum_heuristic: 37
[t=59.617708s, 64288 KB] New best heuristic value for ff: 21
[t=59.617708s, 64288 KB] g=66, 1009 evaluated, 1008 expanded, 12 reopened
[t=59.617708s, 64288 KB] New best heuristic value for landmark_sum_heuristic: 35
[t=59.617708s, 64288 KB] New best heuristic value for ff: 20
[t=59.617708s, 64288 KB] g=66, 1010 evaluated, 1009 expanded, 12 reopened
[t=59.617708s, 64288 KB] New best heuristic value for landmark_sum_heuristic: 33
[t=59.617708s, 64288 KB] New best heuristic value for ff: 19
[t=59.617708s, 64288 KB] g=66, 1011 evaluated, 1010 expanded, 12 reopened
[t=59.621705s, 64288 KB] New best heuristic value for landmark_sum_heuristic: 31
[t=59.621705s, 64288 KB] New best heuristic value for ff: 18
[t=59.621705s, 64288 KB] g=66, 1012 evaluated, 1011 expanded, 12 reopened
[t=59.621705s, 64288 KB] New best heuristic value for landmark_sum_heuristic: 29
[t=59.621705s, 64288 KB] New best heuristic value for ff: 17
[t=59.621705s, 64288 KB] g=66, 1013 evaluated, 1012 expanded, 12 reopened
[t=59.621705s, 64288 KB] New best heuristic value for landmark_sum_heuristic: 27
[t=59.621705s, 64288 KB] New best heuristic value for ff: 16
[t=59.621705s, 64288 KB] g=66, 1014 evaluated, 1013 expanded, 12 reopened
[t=59.621705s, 64288 KB] New best heuristic value for landmark_sum_heuristic: 25
[t=59.621705s, 64288 KB] New best heuristic value for ff: 15
[t=59.621705s, 64288 KB] g=66, 1015 evaluated, 1014 expanded, 12 reopened
[t=59.621705s, 64288 KB] New best heuristic value for landmark_sum_heuristic: 23
[t=59.621705s, 64288 KB] New best heuristic value for ff: 14
[t=59.621705s, 64288 KB] g=66, 1016 evaluated, 1015 expanded, 12 reopened
[t=59.621705s, 64288 KB] New best heuristic value for landmark_sum_heuristic: 22
[t=59.621705s, 64288 KB] New best heuristic value for ff: 13
[t=59.625709s, 64288 KB] g=66, 1017 evaluated, 1016 expanded, 12 reopened
[t=120.813857s, 68156 KB] New best heuristic value for landmark_sum_heuristic: 21
[t=120.813857s, 68156 KB] g=64, 78803 evaluated, 78802 expanded, 2407 reopened
[t=120.817509s, 68156 KB] New best heuristic value for landmark_sum_heuristic: 18
[t=120.817509s, 68156 KB] New best heuristic value for ff: 9
[t=120.817509s, 68156 KB] g=66, 78805 evaluated, 78804 expanded, 2407 reopened
[t=120.817509s, 68156 KB] New best heuristic value for landmark_sum_heuristic: 16
[t=120.817509s, 68156 KB] New best heuristic value for ff: 8
[t=120.817509s, 68156 KB] g=66, 78806 evaluated, 78805 expanded, 2407 reopened
[t=120.817509s, 68156 KB] New best heuristic value for landmark_sum_heuristic: 14
[t=120.817509s, 68156 KB] New best heuristic value for ff: 7
[t=120.817509s, 68156 KB] g=66, 78807 evaluated, 78806 expanded, 2407 reopened
[t=120.817509s, 68156 KB] New best heuristic value for landmark_sum_heuristic: 12
[t=120.817509s, 68156 KB] New best heuristic value for ff: 6
[t=120.817509s, 68156 KB] g=66, 78808 evaluated, 78807 expanded, 2407 reopened
[t=120.817509s, 68156 KB] New best heuristic value for landmark_sum_heuristic: 10
[t=120.817509s, 68156 KB] New best heuristic value for ff: 5
[t=120.817509s, 68156 KB] g=66, 78809 evaluated, 78808 expanded, 2407 reopened
[t=120.817509s, 68156 KB] New best heuristic value for landmark_sum_heuristic: 8
[t=120.817509s, 68156 KB] New best heuristic value for ff: 4
[t=120.817509s, 68156 KB] g=66, 78810 evaluated, 78809 expanded, 2407 reopened
[t=120.817509s, 68156 KB] New best heuristic value for landmark_sum_heuristic: 6
[t=120.817509s, 68156 KB] New best heuristic value for ff: 3
[t=120.817509s, 68156 KB] g=66, 78811 evaluated, 78810 expanded, 2407 reopened
[t=120.817509s, 68156 KB] New best heuristic value for landmark_sum_heuristic: 4
[t=120.817509s, 68156 KB] New best heuristic value for ff: 2
[t=120.817509s, 68156 KB] g=66, 78812 evaluated, 78811 expanded, 2407 reopened
[t=120.817509s, 68156 KB] New best heuristic value for landmark_sum_heuristic: 2
[t=120.817509s, 68156 KB] New best heuristic value for ff: 1
[t=120.817509s, 68156 KB] g=66, 78813 evaluated, 78812 expanded, 2407 reopened
[t=120.817509s, 68156 KB] Solution found!
[t=120.817509s, 68156 KB] Actual search time: 62.067733s
move-to-card card-d0-s0-v7 card-d0-s0-v5 card-d0-s0-v8 pile-2 (1)
move-to-card card-d0-s0-v4 card-d0-s3-v2 card-d0-s0-v5 pile-5 (1)
move-to-card card-d0-s3-v1 card-d0-s3-v0 card-d0-s3-v2 pile-3 (1)
move-to-card card-d0-s3-v0 card-d0-s3-v5 card-d0-s3-v1 pile-3 (1)
move-to-card card-d0-s3-v4 card-d0-s1-v3 card-d0-s3-v5 pile-4 (1)
move-to-card card-d0-s3-v2 card-d0-s1-v2 card-d0-s1-v3 pile-1 (1)
move-to-card card-d0-s0-v5 card-d0-s0-v1 card-d0-s0-v6 pile-0 (1)
move-to-card card-d0-s0-v1 card-d0-s1-v7 card-d0-s1-v2 pile-3 (1)
move-to-card card-d0-s0-v6 card-d0-s0-v2 card-d0-s0-v7 pile-2 (1)
move-to-card card-d0-s0-v1 card-d0-s1-v2 card-d0-s0-v2 pile-0 (1)
start-dealing  (1)
deal-card card-d0-s2-v4 card-d0-s3-v8 deal-0 card-d0-s0-v1 pile-0 (0)
deal-card card-d0-s3-v8 card-d0-s0-v0 deal-0 card-d0-s3-v0 pile-1 (0)
deal-card card-d0-s0-v0 card-d0-s2-v5 deal-0 card-d0-s0-v4 pile-2 (0)
deal-card card-d0-s2-v5 card-d0-s3-v7 deal-0 card-d0-s1-v2 pile-3 (0)
deal-card card-d0-s3-v7 card-d0-s2-v8 deal-0 card-d0-s3-v4 pile-4 (0)
deal-card card-d0-s2-v8 deal-0 deal-0 card-d0-s1-v7 pile-5 (0)
finish-dealing deal-0 deal-1 (0)
move-to-card card-d0-s2-v4 card-d0-s0-v1 card-d0-s2-v5 pile-3 (1)
move-to-card card-d0-s0-v0 card-d0-s0-v4 card-d0-s0-v1 pile-0 (1)
move-to-card card-d0-s3-v7 card-d0-s3-v4 card-d0-s3-v8 pile-1 (1)
start-dealing  (1)
deal-card card-d0-s2-v7 card-d0-s1-v5 deal-1 card-d0-s0-v0 pile-0 (0)
deal-card card-d0-s1-v5 card-d0-s2-v0 deal-1 card-d0-s3-v7 pile-1 (0)
deal-card card-d0-s2-v0 card-d0-s1-v8 deal-1 card-d0-s0-v4 pile-2 (0)
deal-card card-d0-s1-v8 card-d0-s2-v6 deal-1 card-d0-s2-v4 pile-3 (0)
deal-card card-d0-s2-v6 card-d0-s1-v1 deal-1 card-d0-s3-v4 pile-4 (0)
deal-card card-d0-s1-v1 deal-1 deal-1 card-d0-s2-v8 pile-5 (0)
finish-dealing deal-1 deal-2 (0)
move-to-card card-d0-s2-v6 card-d0-s3-v4 card-d0-s2-v7 pile-0 (1)
move-to-card card-d0-s3-v5 card-d0-s1-v4 card-d0-s2-v6 pile-0 (1)
move-to-card card-d0-s1-v4 pile-4 card-d0-s1-v5 pile-1 (1)
move-to-tableau card-d0-s3-v5 card-d0-s2-v6 pile-4 (1)
move-to-card card-d0-s2-v7 card-d0-s0-v0 card-d0-s1-v8 pile-3 (1)
move-to-card card-d0-s3-v5 pile-4 card-d0-s2-v6 pile-3 (1)
move-to-tableau card-d0-s0-v2 card-d0-s1-v6 pile-4 (1)
move-to-card card-d0-s1-v5 card-d0-s3-v7 card-d0-s1-v6 pile-0 (1)
move-to-card card-d0-s1-v6 card-d0-s2-v3 card-d0-s3-v7 pile-1 (1)
move-to-card card-d0-s2-v0 card-d0-s0-v4 card-d0-s1-v1 pile-5 (1)
move-to-card card-d0-s2-v3 pile-0 card-d0-s0-v4 pile-2 (1)
move-to-tableau card-d0-s1-v6 card-d0-s3-v7 pile-0 (1)
move-to-card card-d0-s0-v2 pile-4 card-d0-s2-v3 pile-2 (1)
move-to-tableau card-d0-s3-v8 card-d0-s3-v0 pile-4 (1)
move-to-card card-d0-s1-v6 pile-0 card-d0-s3-v7 pile-4 (1)
move-to-tableau card-d0-s0-v2 card-d0-s2-v3 pile-0 (1)
move-to-card card-d0-s3-v2 card-d0-s1-v3 card-d0-s2-v3 pile-2 (1)
move-to-card card-d0-s1-v3 card-d0-s0-v3 card-d0-s1-v4 pile-4 (1)
move-to-card card-d0-s0-v2 pile-0 card-d0-s0-v3 pile-1 (1)
move-to-card card-d0-s0-v3 card-d0-s2-v1 card-d0-s3-v4 pile-3 (1)
move-to-card card-d0-s2-v0 card-d0-s1-v1 card-d0-s2-v1 pile-1 (1)
move-to-tableau card-d0-s2-v1 pile-1 pile-0 (1)
move-to-card card-d0-s3-v2 card-d0-s2-v3 card-d0-s1-v3 pile-4 (1)
move-to-tableau card-d0-s2-v3 card-d0-s0-v4 pile-1 (1)
move-to-card card-d0-s0-v3 card-d0-s3-v4 card-d0-s0-v4 pile-2 (1)
start-collecting-deck card-d0-s0-v0 (1)
collect-card card-d0-s0-v0 card-d0-s0-v1 pile-2 (0)
collect-card card-d0-s0-v1 card-d0-s0-v2 pile-2 (0)
collect-card card-d0-s0-v2 card-d0-s0-v3 pile-2 (0)
collect-card card-d0-s0-v3 card-d0-s0-v4 pile-2 (0)
collect-card card-d0-s0-v4 card-d0-s0-v5 pile-2 (0)
collect-card card-d0-s0-v5 card-d0-s0-v6 pile-2 (0)
collect-card card-d0-s0-v6 card-d0-s0-v7 pile-2 (0)
collect-card card-d0-s0-v7 card-d0-s0-v8 pile-2 (0)
finish-collecting-deck card-d0-s0-v8 card-d0-s3-v6 pile-2 (0)
move-to-card card-d0-s2-v3 pile-1 card-d0-s3-v4 pile-3 (1)
move-to-tableau card-d0-s3-v6 card-d0-s2-v2 pile-1 (1)
move-to-card card-d0-s2-v1 pile-0 card-d0-s2-v2 pile-2 (1)
move-to-tableau card-d0-s1-v1 card-d0-s2-v8 pile-0 (1)
move-to-card card-d0-s2-v2 card-d0-s1-v0 card-d0-s2-v3 pile-3 (1)
move-to-card card-d0-s1-v0 pile-2 card-d0-s1-v1 pile-0 (1)
move-to-tableau card-d0-s2-v3 card-d0-s3-v4 pile-2 (1)
move-to-card card-d0-s3-v5 card-d0-s2-v6 card-d0-s3-v6 pile-1 (1)
move-to-card card-d0-s2-v7 card-d0-s1-v8 card-d0-s2-v8 pile-5 (1)
move-to-card card-d0-s2-v3 pile-2 card-d0-s3-v4 pile-1 (1)
move-to-tableau card-d0-s1-v8 card-d0-s2-v4 pile-2 (1)
move-to-card card-d0-s2-v3 card-d0-s3-v4 card-d0-s2-v4 pile-3 (1)
move-to-card card-d0-s2-v5 card-d0-s1-v2 card-d0-s2-v6 pile-5 (1)
start-collecting-deck card-d0-s2-v0 (1)
collect-card card-d0-s2-v0 card-d0-s2-v1 pile-5 (0)
collect-card card-d0-s2-v1 card-d0-s2-v2 pile-5 (0)
collect-card card-d0-s2-v2 card-d0-s2-v3 pile-5 (0)
collect-card card-d0-s2-v3 card-d0-s2-v4 pile-5 (0)
collect-card card-d0-s2-v4 card-d0-s2-v5 pile-5 (0)
collect-card card-d0-s2-v5 card-d0-s2-v6 pile-5 (0)
collect-card card-d0-s2-v6 card-d0-s2-v7 pile-5 (0)
collect-card card-d0-s2-v7 card-d0-s2-v8 pile-5 (0)
finish-collecting-deck card-d0-s2-v8 card-d0-s1-v7 pile-5 (0)
move-to-card card-d0-s1-v7 pile-5 card-d0-s1-v8 pile-2 (1)
move-to-tableau card-d0-s1-v2 card-d0-s3-v3 pile-5 (1)
move-to-card card-d0-s3-v2 card-d0-s1-v3 card-d0-s3-v3 pile-3 (1)
move-to-card card-d0-s1-v2 pile-5 card-d0-s1-v3 pile-4 (1)
move-to-card card-d0-s3-v3 pile-3 card-d0-s3-v4 pile-1 (1)
move-to-card card-d0-s1-v6 card-d0-s3-v7 card-d0-s1-v7 pile-2 (1)
move-to-card card-d0-s3-v6 pile-1 card-d0-s3-v7 pile-4 (1)
start-collecting-deck card-d0-s3-v0 (1)
collect-card card-d0-s3-v0 card-d0-s3-v1 pile-4 (0)
collect-card card-d0-s3-v1 card-d0-s3-v2 pile-4 (0)
collect-card card-d0-s3-v2 card-d0-s3-v3 pile-4 (0)
collect-card card-d0-s3-v3 card-d0-s3-v4 pile-4 (0)
collect-card card-d0-s3-v4 card-d0-s3-v5 pile-4 (0)
collect-card card-d0-s3-v5 card-d0-s3-v6 pile-4 (0)
collect-card card-d0-s3-v6 card-d0-s3-v7 pile-4 (0)
collect-card card-d0-s3-v7 card-d0-s3-v8 pile-4 (0)
finish-collecting-deck card-d0-s3-v8 pile-4 pile-4 (0)
move-to-tableau card-d0-s1-v8 pile-2 pile-1 (1)
move-to-card card-d0-s1-v1 pile-0 card-d0-s1-v2 pile-1 (1)
start-collecting-deck card-d0-s1-v0 (1)
collect-card card-d0-s1-v0 card-d0-s1-v1 pile-1 (0)
collect-card card-d0-s1-v1 card-d0-s1-v2 pile-1 (0)
collect-card card-d0-s1-v2 card-d0-s1-v3 pile-1 (0)
collect-card card-d0-s1-v3 card-d0-s1-v4 pile-1 (0)
collect-card card-d0-s1-v4 card-d0-s1-v5 pile-1 (0)
collect-card card-d0-s1-v5 card-d0-s1-v6 pile-1 (0)
collect-card card-d0-s1-v6 card-d0-s1-v7 pile-1 (0)
collect-card card-d0-s1-v7 card-d0-s1-v8 pile-1 (0)
finish-collecting-deck card-d0-s1-v8 pile-1 pile-1 (0)
[t=120.817509s, 68156 KB] Plan length: 116 step(s).
[t=120.821496s, 68156 KB] Plan cost: 66
[t=120.821496s, 68156 KB] Expanded 78813 state(s).
[t=120.821496s, 68156 KB] Reopened 2407 state(s).
[t=120.821496s, 68156 KB] Evaluated 78814 state(s).
[t=120.821496s, 68156 KB] Evaluations: 155221
[t=120.821496s, 68156 KB] Generated 620443 state(s).
[t=120.821496s, 68156 KB] Dead ends: 0 state(s).
[t=120.821496s, 68156 KB] Number of registered states: 76407
[t=120.821496s, 68156 KB] Int hash set load factor: 76407/131072 = 0.582939
[t=120.821496s, 68156 KB] Int hash set resizes: 17
[t=120.821496s, 68156 KB] Best solution cost so far: 66
[t=120.821496s, 68156 KB] Solution found - keep searching
[t=120.821496s, 68156 KB] Building successor generator...done!
[t=120.821496s, 68156 KB] peak memory difference for successor generator creation: 0 KB
[t=120.821496s, 68156 KB] time for successor generation creation: 0.000000s
[t=120.821496s, 68156 KB] Variables: 407
[t=120.821496s, 68156 KB] FactPairs: 1538
[t=120.821496s, 68156 KB] Bytes per state: 68
[t=120.821496s, 68156 KB] Starting search: lazy_wastar
[t=120.821496s, 68156 KB] Conducting lazy best first search, (real) bound = 66
[t=120.821496s, 68156 KB] New best heuristic value for landmark_sum_heuristic: 226
[t=120.821496s, 68156 KB] New best heuristic value for ff: 150
[t=120.821496s, 68156 KB] g=0, 1 evaluated, 0 expanded
[t=120.821496s, 68156 KB] Initial heuristic value for landmark_sum_heuristic: 226
[t=120.821496s, 68156 KB] Initial heuristic value for ff: 150
[t=120.821496s, 68156 KB] New best heuristic value for landmark_sum_heuristic: 221
[t=120.821496s, 68156 KB] New best heuristic value for ff: 149
[t=120.821496s, 68156 KB] g=1, 2 evaluated, 1 expanded
[t=120.825491s, 68156 KB] New best heuristic value for landmark_sum_heuristic: 216
[t=120.825491s, 68156 KB] g=2, 3 evaluated, 2 expanded
[t=120.825491s, 68156 KB] New best heuristic value for landmark_sum_heuristic: 211
[t=120.825491s, 68156 KB] New best heuristic value for ff: 141
[t=120.825491s, 68156 KB] g=3, 4 evaluated, 3 expanded
[t=120.825491s, 68156 KB] New best heuristic value for landmark_sum_heuristic: 206
[t=120.825491s, 68156 KB] g=4, 5 evaluated, 4 expanded
[t=120.825491s, 68156 KB] New best heuristic value for landmark_sum_heuristic: 201
[t=120.825491s, 68156 KB] g=5, 6 evaluated, 5 expanded
[t=120.829483s, 68156 KB] New best heuristic value for landmark_sum_heuristic: 200
[t=120.829483s, 68156 KB] g=6, 8 evaluated, 7 expanded
[t=120.829483s, 68156 KB] New best heuristic value for landmark_sum_heuristic: 195
[t=120.829483s, 68156 KB] g=7, 12 evaluated, 11 expanded
[t=120.833473s, 68156 KB] New best heuristic value for ff: 140
[t=120.833473s, 68156 KB] g=4, 13 evaluated, 12 expanded
[t=120.833473s, 68156 KB] New best heuristic value for landmark_sum_heuristic: 194
[t=120.833473s, 68156 KB] New best heuristic value for ff: 139
[t=120.833473s, 68156 KB] g=8, 14 evaluated, 13 expanded
[t=120.833473s, 68156 KB] New best heuristic value for landmark_sum_heuristic: 193
[t=120.833473s, 68156 KB] g=9, 16 evaluated, 15 expanded
[t=120.833473s, 68156 KB] New best heuristic value for landmark_sum_heuristic: 189
[t=120.833473s, 68156 KB] g=10, 18 evaluated, 17 expanded
[t=120.837462s, 68156 KB] New best heuristic value for ff: 138
[t=120.837462s, 68156 KB] g=6, 22 evaluated, 21 expanded
[t=120.837462s, 68156 KB] New best heuristic value for landmark_sum_heuristic: 185
[t=120.837462s, 68156 KB] g=11, 23 evaluated, 22 expanded
[t=120.841457s, 68156 KB] New best heuristic value for ff: 137
[t=120.841457s, 68156 KB] g=7, 24 evaluated, 23 expanded
[t=120.845458s, 68156 KB] New best heuristic value for ff: 134
[t=120.845458s, 68156 KB] g=8, 28 evaluated, 27 expanded
[t=120.845458s, 68156 KB] New best heuristic value for landmark_sum_heuristic: 184
[t=120.845458s, 68156 KB] g=10, 33 evaluated, 32 expanded, 1 reopened
[t=120.849443s, 68156 KB] New best heuristic value for landmark_sum_heuristic: 179
[t=120.849443s, 68156 KB] New best heuristic value for ff: 133
[t=120.849443s, 68156 KB] g=10, 37 evaluated, 36 expanded, 1 reopened
[t=120.853434s, 68156 KB] New best heuristic value for ff: 130
[t=120.853434s, 68156 KB] g=9, 42 evaluated, 41 expanded, 1 reopened
[t=120.853434s, 68156 KB] New best heuristic value for landmark_sum_heuristic: 178
[t=120.853434s, 68156 KB] g=11, 43 evaluated, 42 expanded, 1 reopened
[t=120.861434s, 68156 KB] New best heuristic value for landmark_sum_heuristic: 177
[t=120.861434s, 68156 KB] g=12, 49 evaluated, 48 expanded, 1 reopened
[t=120.865420s, 68156 KB] New best heuristic value for landmark_sum_heuristic: 172
[t=120.865420s, 68156 KB] g=13, 54 evaluated, 53 expanded, 1 reopened
[t=120.869408s, 68156 KB] New best heuristic value for ff: 129
[t=120.869408s, 68156 KB] g=11, 61 evaluated, 60 expanded, 1 reopened
[t=120.869408s, 68156 KB] New best heuristic value for landmark_sum_heuristic: 171
[t=120.873397s, 68156 KB] g=14, 62 evaluated, 61 expanded, 1 reopened
[t=120.881387s, 68156 KB] New best heuristic value for landmark_sum_heuristic: 167
[t=120.881387s, 68156 KB] g=15, 73 evaluated, 72 expanded, 1 reopened
[t=120.885370s, 68156 KB] New best heuristic value for ff: 124
[t=120.885370s, 68156 KB] g=12, 80 evaluated, 79 expanded, 1 reopened
[t=120.885370s, 68156 KB] New best heuristic value for ff: 123
[t=120.885370s, 68156 KB] g=12, 82 evaluated, 81 expanded, 1 reopened
[t=120.889364s, 68156 KB] New best heuristic value for landmark_sum_heuristic: 163
[t=120.889364s, 68156 KB] g=16, 83 evaluated, 82 expanded, 1 reopened
[t=120.897374s, 68156 KB] New best heuristic value for landmark_sum_heuristic: 160
[t=120.897374s, 68156 KB] g=17, 95 evaluated, 94 expanded, 1 reopened
[t=120.897374s, 68156 KB] New best heuristic value for ff: 114
[t=120.897374s, 68156 KB] g=17, 97 evaluated, 96 expanded, 1 reopened
[t=120.909332s, 68156 KB] New best heuristic value for landmark_sum_heuristic: 158
[t=120.909332s, 68156 KB] g=19, 111 evaluated, 110 expanded, 1 reopened
[t=120.913314s, 68156 KB] New best heuristic value for landmark_sum_heuristic: 157
[t=120.913314s, 68156 KB] g=20, 118 evaluated, 117 expanded, 1 reopened
[t=120.925299s, 68156 KB] New best heuristic value for landmark_sum_heuristic: 156
[t=120.925299s, 68156 KB] g=21, 131 evaluated, 130 expanded, 1 reopened
[t=120.929295s, 68156 KB] New best heuristic value for landmark_sum_heuristic: 155
[t=120.929295s, 68156 KB] New best heuristic value for ff: 113
[t=120.929295s, 68156 KB] g=19, 136 evaluated, 135 expanded, 1 reopened
[t=120.929295s, 68156 KB] New best heuristic value for landmark_sum_heuristic: 154
[t=120.929295s, 68156 KB] New best heuristic value for ff: 112
[t=120.929295s, 68156 KB] g=20, 138 evaluated, 137 expanded, 1 reopened
[t=120.933275s, 68156 KB] New best heuristic value for landmark_sum_heuristic: 151
[t=120.933275s, 68156 KB] g=21, 140 evaluated, 139 expanded, 1 reopened
[t=120.933275s, 68156 KB] New best heuristic value for ff: 107
[t=120.933275s, 68156 KB] g=21, 141 evaluated, 140 expanded, 1 reopened
[t=120.937285s, 68156 KB] New best heuristic value for landmark_sum_heuristic: 150
[t=120.937285s, 68156 KB] g=21, 148 evaluated, 147 expanded, 1 reopened
[t=120.937285s, 68156 KB] New best heuristic value for landmark_sum_heuristic: 149
[t=120.937285s, 68156 KB] g=21, 149 evaluated, 148 expanded, 1 reopened
[t=120.941257s, 68156 KB] New best heuristic value for landmark_sum_heuristic: 148
[t=120.941257s, 68156 KB] g=22, 150 evaluated, 149 expanded, 1 reopened
[t=120.941257s, 68156 KB] New best heuristic value for landmark_sum_heuristic: 145
[t=120.941257s, 68156 KB] g=23, 153 evaluated, 152 expanded, 1 reopened
[t=120.941257s, 68156 KB] New best heuristic value for ff: 106
[t=120.941257s, 68156 KB] g=24, 154 evaluated, 153 expanded, 1 reopened
[t=120.945250s, 68156 KB] New best heuristic value for landmark_sum_heuristic: 143
[t=120.945250s, 68156 KB] g=24, 157 evaluated, 156 expanded, 1 reopened
[t=120.945250s, 68156 KB] New best heuristic value for landmark_sum_heuristic: 140
[t=120.945250s, 68156 KB] g=25, 159 evaluated, 158 expanded, 1 reopened
[t=120.945250s, 68156 KB] New best heuristic value for landmark_sum_heuristic: 136
[t=120.945250s, 68156 KB] g=26, 161 evaluated, 160 expanded, 1 reopened
[t=120.949243s, 68156 KB] New best heuristic value for ff: 104
[t=120.949243s, 68156 KB] g=27, 162 evaluated, 161 expanded, 1 reopened
[t=120.949243s, 68156 KB] New best heuristic value for landmark_sum_heuristic: 134
[t=120.949243s, 68156 KB] New best heuristic value for ff: 102
[t=120.949243s, 68156 KB] g=28, 164 evaluated, 163 expanded, 1 reopened
[t=120.949243s, 68156 KB] New best heuristic value for landmark_sum_heuristic: 131
[t=120.949243s, 68156 KB] g=29, 166 evaluated, 165 expanded, 1 reopened
[t=120.953234s, 68156 KB] New best heuristic value for ff: 98
[t=120.953234s, 68156 KB] g=30, 171 evaluated, 170 expanded, 1 reopened
[t=120.953234s, 68156 KB] New best heuristic value for landmark_sum_heuristic: 130
[t=120.953234s, 68156 KB] New best heuristic value for ff: 96
[t=120.953234s, 68156 KB] g=31, 172 evaluated, 171 expanded, 1 reopened
[t=120.957227s, 68156 KB] New best heuristic value for landmark_sum_heuristic: 129
[t=120.957227s, 68156 KB] g=32, 173 evaluated, 172 expanded, 1 reopened
[t=120.957227s, 68156 KB] New best heuristic value for landmark_sum_heuristic: 126
[t=120.957227s, 68156 KB] New best heuristic value for ff: 92
[t=120.957227s, 68156 KB] g=33, 174 evaluated, 173 expanded, 1 reopened
[t=120.957227s, 68156 KB] New best heuristic value for landmark_sum_heuristic: 124
[t=120.957227s, 68156 KB] New best heuristic value for ff: 88
[t=120.957227s, 68156 KB] g=34, 175 evaluated, 174 expanded, 1 reopened
[t=120.957227s, 68156 KB] New best heuristic value for landmark_sum_heuristic: 121
[t=120.957227s, 68156 KB] New best heuristic value for ff: 86
[t=120.957227s, 68156 KB] g=35, 176 evaluated, 175 expanded, 1 reopened
[t=120.957227s, 68156 KB] New best heuristic value for landmark_sum_heuristic: 119
[t=120.957227s, 68156 KB] New best heuristic value for ff: 85
[t=120.957227s, 68156 KB] g=35, 177 evaluated, 176 expanded, 1 reopened
[t=120.961216s, 68156 KB] New best heuristic value for landmark_sum_heuristic: 117
[t=120.961216s, 68156 KB] New best heuristic value for ff: 84
[t=120.961216s, 68156 KB] g=35, 178 evaluated, 177 expanded, 1 reopened
[t=120.961216s, 68156 KB] New best heuristic value for landmark_sum_heuristic: 115
[t=120.961216s, 68156 KB] New best heuristic value for ff: 83
[t=120.961216s, 68156 KB] g=35, 179 evaluated, 178 expanded, 1 reopened
[t=120.961216s, 68156 KB] New best heuristic value for landmark_sum_heuristic: 113
[t=120.961216s, 68156 KB] g=35, 180 evaluated, 179 expanded, 1 reopened
[t=120.961216s, 68156 KB] New best heuristic value for landmark_sum_heuristic: 111
[t=120.961216s, 68156 KB] New best heuristic value for ff: 81
[t=120.961216s, 68156 KB] g=35, 181 evaluated, 180 expanded, 1 reopened
[t=120.961216s, 68156 KB] New best heuristic value for landmark_sum_heuristic: 109
[t=120.961216s, 68156 KB] g=35, 182 evaluated, 181 expanded, 1 reopened
[t=120.961216s, 68156 KB] New best heuristic value for landmark_sum_heuristic: 107
[t=120.965209s, 68156 KB] New best heuristic value for ff: 79
[t=120.965209s, 68156 KB] g=35, 183 evaluated, 182 expanded, 1 reopened
[t=120.965209s, 68156 KB] New best heuristic value for landmark_sum_heuristic: 105
[t=120.965209s, 68156 KB] g=35, 184 evaluated, 183 expanded, 1 reopened
[t=120.965209s, 68156 KB] New best heuristic value for landmark_sum_heuristic: 104
[t=120.965209s, 68156 KB] New best heuristic value for ff: 77
[t=120.965209s, 68156 KB] g=35, 185 evaluated, 184 expanded, 1 reopened
[t=120.965209s, 68156 KB] New best heuristic value for ff: 75
[t=120.965209s, 68156 KB] g=36, 186 evaluated, 185 expanded, 1 reopened
[t=120.965209s, 68156 KB] New best heuristic value for landmark_sum_heuristic: 103
[t=120.965209s, 68156 KB] g=36, 187 evaluated, 186 expanded, 1 reopened
[t=120.965209s, 68156 KB] New best heuristic value for ff: 73
[t=120.965209s, 68156 KB] g=37, 188 evaluated, 187 expanded, 1 reopened
[t=120.969198s, 68156 KB] New best heuristic value for landmark_sum_heuristic: 99
[t=120.969198s, 68156 KB] New best heuristic value for ff: 71
[t=120.969198s, 68156 KB] g=37, 189 evaluated, 188 expanded, 1 reopened
[t=120.969198s, 68156 KB] New best heuristic value for ff: 69
[t=120.969198s, 68156 KB] g=38, 190 evaluated, 189 expanded, 1 reopened
[t=120.969198s, 68156 KB] New best heuristic value for ff: 67
[t=120.969198s, 68156 KB] g=39, 192 evaluated, 191 expanded, 1 reopened
[t=120.969198s, 68156 KB] New best heuristic value for landmark_sum_heuristic: 97
[t=120.969198s, 68156 KB] g=38, 193 evaluated, 192 expanded, 1 reopened
[t=120.973196s, 68156 KB] New best heuristic value for landmark_sum_heuristic: 94
[t=120.973196s, 68156 KB] New best heuristic value for ff: 65
[t=120.973196s, 68156 KB] g=40, 196 evaluated, 195 expanded, 1 reopened
[t=120.973196s, 68156 KB] New best heuristic value for landmark_sum_heuristic: 89
[t=120.973196s, 68156 KB] New best heuristic value for ff: 63
[t=120.973196s, 68156 KB] g=41, 198 evaluated, 197 expanded, 1 reopened
[t=120.973196s, 68156 KB] New best heuristic value for landmark_sum_heuristic: 85
[t=120.973196s, 68156 KB] New best heuristic value for ff: 61
[t=120.973196s, 68156 KB] g=42, 199 evaluated, 198 expanded, 1 reopened
[t=120.977187s, 68156 KB] New best heuristic value for ff: 59
[t=120.977187s, 68156 KB] g=43, 202 evaluated, 201 expanded, 1 reopened
[t=120.977187s, 68156 KB] New best heuristic value for landmark_sum_heuristic: 82
[t=120.977187s, 68156 KB] g=44, 204 evaluated, 203 expanded, 1 reopened
[t=120.977187s, 68156 KB] New best heuristic value for ff: 57
[t=120.977187s, 68156 KB] g=44, 207 evaluated, 206 expanded, 1 reopened
[t=120.977187s, 68156 KB] New best heuristic value for landmark_sum_heuristic: 78
[t=120.977187s, 68156 KB] New best heuristic value for ff: 55
[t=120.977187s, 68156 KB] g=45, 208 evaluated, 207 expanded, 1 reopened
[t=120.981177s, 68156 KB] New best heuristic value for ff: 53
[t=120.981177s, 68156 KB] g=46, 210 evaluated, 209 expanded, 1 reopened
[t=120.981177s, 68156 KB] New best heuristic value for ff: 51
[t=120.981177s, 68156 KB] g=47, 214 evaluated, 213 expanded, 1 reopened
[t=120.981177s, 68156 KB] New best heuristic value for landmark_sum_heuristic: 75
[t=120.981177s, 68156 KB] g=46, 215 evaluated, 214 expanded, 1 reopened
[t=120.985174s, 68156 KB] New best heuristic value for ff: 49
[t=120.985174s, 68156 KB] g=48, 216 evaluated, 215 expanded, 1 reopened
[t=120.985174s, 68156 KB] New best heuristic value for landmark_sum_heuristic: 73
[t=120.985174s, 68156 KB] New best heuristic value for ff: 47
[t=120.985174s, 68156 KB] g=49, 218 evaluated, 217 expanded, 1 reopened
[t=120.985174s, 68156 KB] New best heuristic value for landmark_sum_heuristic: 69
[t=120.985174s, 68156 KB] New best heuristic value for ff: 45
[t=120.985174s, 68156 KB] g=50, 219 evaluated, 218 expanded, 1 reopened
[t=120.989162s, 68156 KB] New best heuristic value for landmark_sum_heuristic: 68
[t=120.989162s, 68156 KB] New best heuristic value for ff: 43
[t=120.989162s, 68156 KB] g=51, 222 evaluated, 221 expanded, 1 reopened
[t=120.989162s, 68156 KB] New best heuristic value for landmark_sum_heuristic: 66
[t=120.989162s, 68156 KB] New best heuristic value for ff: 41
[t=120.989162s, 68156 KB] g=52, 223 evaluated, 222 expanded, 1 reopened
[t=120.989162s, 68156 KB] New best heuristic value for landmark_sum_heuristic: 62
[t=120.989162s, 68156 KB] New best heuristic value for ff: 39
[t=120.989162s, 68156 KB] g=53, 224 evaluated, 223 expanded, 1 reopened
[t=120.993151s, 68156 KB] New best heuristic value for landmark_sum_heuristic: 59
[t=120.993151s, 68156 KB] New best heuristic value for ff: 35
[t=120.993151s, 68156 KB] g=54, 228 evaluated, 227 expanded, 1 reopened
[t=120.993151s, 68156 KB] New best heuristic value for landmark_sum_heuristic: 57
[t=120.993151s, 68156 KB] New best heuristic value for ff: 34
[t=120.993151s, 68156 KB] g=54, 229 evaluated, 228 expanded, 1 reopened
[t=120.993151s, 68156 KB] New best heuristic value for landmark_sum_heuristic: 55
[t=120.993151s, 68156 KB] New best heuristic value for ff: 33
[t=120.993151s, 68156 KB] g=54, 230 evaluated, 229 expanded, 1 reopened
[t=120.993151s, 68156 KB] New best heuristic value for landmark_sum_heuristic: 53
[t=120.993151s, 68156 KB] New best heuristic value for ff: 32
[t=120.993151s, 68156 KB] g=54, 231 evaluated, 230 expanded, 1 reopened
[t=120.993151s, 68156 KB] New best heuristic value for landmark_sum_heuristic: 51
[t=120.993151s, 68156 KB] New best heuristic value for ff: 31
[t=120.993151s, 68156 KB] g=54, 232 evaluated, 231 expanded, 1 reopened
[t=120.997140s, 68156 KB] New best heuristic value for landmark_sum_heuristic: 49
[t=120.997140s, 68156 KB] New best heuristic value for ff: 30
[t=120.997140s, 68156 KB] g=54, 233 evaluated, 232 expanded, 1 reopened
[t=120.997140s, 68156 KB] New best heuristic value for landmark_sum_heuristic: 47
[t=120.997140s, 68156 KB] New best heuristic value for ff: 29
[t=120.997140s, 68156 KB] g=54, 234 evaluated, 233 expanded, 1 reopened
[t=120.997140s, 68156 KB] New best heuristic value for landmark_sum_heuristic: 45
[t=120.997140s, 68156 KB] New best heuristic value for ff: 28
[t=120.997140s, 68156 KB] g=54, 235 evaluated, 234 expanded, 1 reopened
[t=120.997140s, 68156 KB] New best heuristic value for landmark_sum_heuristic: 43
[t=120.997140s, 68156 KB] New best heuristic value for ff: 27
[t=120.997140s, 68156 KB] g=54, 236 evaluated, 235 expanded, 1 reopened
[t=120.997140s, 68156 KB] New best heuristic value for landmark_sum_heuristic: 42
[t=120.997140s, 68156 KB] New best heuristic value for ff: 26
[t=120.997140s, 68156 KB] g=54, 237 evaluated, 236 expanded, 1 reopened
[t=121.001142s, 68156 KB] New best heuristic value for landmark_sum_heuristic: 39
[t=121.001142s, 68156 KB] New best heuristic value for ff: 22
[t=121.001142s, 68156 KB] g=55, 240 evaluated, 239 expanded, 1 reopened
[t=121.001142s, 68156 KB] New best heuristic value for landmark_sum_heuristic: 37
[t=121.001142s, 68156 KB] New best heuristic value for ff: 21
[t=121.001142s, 68156 KB] g=55, 241 evaluated, 240 expanded, 1 reopened
[t=121.001142s, 68156 KB] New best heuristic value for landmark_sum_heuristic: 35
[t=121.001142s, 68156 KB] New best heuristic value for ff: 20
[t=121.001142s, 68156 KB] g=55, 242 evaluated, 241 expanded, 1 reopened
[t=121.001142s, 68156 KB] New best heuristic value for landmark_sum_heuristic: 33
[t=121.001142s, 68156 KB] New best heuristic value for ff: 19
[t=121.001142s, 68156 KB] g=55, 243 evaluated, 242 expanded, 1 reopened
[t=121.001142s, 68156 KB] New best heuristic value for landmark_sum_heuristic: 31
[t=121.001142s, 68156 KB] New best heuristic value for ff: 18
[t=121.001142s, 68156 KB] g=55, 244 evaluated, 243 expanded, 1 reopened
[t=121.005127s, 68156 KB] New best heuristic value for landmark_sum_heuristic: 29
[t=121.005127s, 68156 KB] New best heuristic value for ff: 17
[t=121.005127s, 68156 KB] g=55, 245 evaluated, 244 expanded, 1 reopened
[t=121.005127s, 68156 KB] New best heuristic value for landmark_sum_heuristic: 27
[t=121.005127s, 68156 KB] New best heuristic value for ff: 16
[t=121.005127s, 68156 KB] g=55, 246 evaluated, 245 expanded, 1 reopened
[t=121.005127s, 68156 KB] New best heuristic value for landmark_sum_heuristic: 25
[t=121.005127s, 68156 KB] New best heuristic value for ff: 15
[t=121.005127s, 68156 KB] g=55, 247 evaluated, 246 expanded, 1 reopened
[t=121.005127s, 68156 KB] New best heuristic value for landmark_sum_heuristic: 23
[t=121.005127s, 68156 KB] New best heuristic value for ff: 14
[t=121.005127s, 68156 KB] g=55, 248 evaluated, 247 expanded, 1 reopened
[t=121.005127s, 68156 KB] New best heuristic value for landmark_sum_heuristic: 22
[t=121.005127s, 68156 KB] New best heuristic value for ff: 13
[t=121.005127s, 68156 KB] g=55, 249 evaluated, 248 expanded, 1 reopened
[t=121.005127s, 68156 KB] New best heuristic value for landmark_sum_heuristic: 18
[t=121.005127s, 68156 KB] New best heuristic value for ff: 9
[t=121.005127s, 68156 KB] g=56, 251 evaluated, 250 expanded, 1 reopened
[t=121.005127s, 68156 KB] New best heuristic value for landmark_sum_heuristic: 16
[t=121.005127s, 68156 KB] New best heuristic value for ff: 8
[t=121.005127s, 68156 KB] g=56, 252 evaluated, 251 expanded, 1 reopened
[t=121.005127s, 68156 KB] New best heuristic value for landmark_sum_heuristic: 14
[t=121.005127s, 68156 KB] New best heuristic value for ff: 7
[t=121.005127s, 68156 KB] g=56, 253 evaluated, 252 expanded, 1 reopened
[t=121.009119s, 68156 KB] New best heuristic value for landmark_sum_heuristic: 12
[t=121.009119s, 68156 KB] New best heuristic value for ff: 6
[t=121.009119s, 68156 KB] g=56, 254 evaluated, 253 expanded, 1 reopened
[t=121.009119s, 68156 KB] New best heuristic value for landmark_sum_heuristic: 10
[t=121.009119s, 68156 KB] New best heuristic value for ff: 5
[t=121.009119s, 68156 KB] g=56, 255 evaluated, 254 expanded, 1 reopened
[t=121.009119s, 68156 KB] New best heuristic value for landmark_sum_heuristic: 8
[t=121.009119s, 68156 KB] New best heuristic value for ff: 4
[t=121.009119s, 68156 KB] g=56, 256 evaluated, 255 expanded, 1 reopened
[t=121.009119s, 68156 KB] New best heuristic value for landmark_sum_heuristic: 6
[t=121.009119s, 68156 KB] New best heuristic value for ff: 3
[t=121.009119s, 68156 KB] g=56, 257 evaluated, 256 expanded, 1 reopened
[t=121.009119s, 68156 KB] New best heuristic value for landmark_sum_heuristic: 4
[t=121.009119s, 68156 KB] New best heuristic value for ff: 2
[t=121.009119s, 68156 KB] g=56, 258 evaluated, 257 expanded, 1 reopened
[t=121.009119s, 68156 KB] New best heuristic value for landmark_sum_heuristic: 2
[t=121.009119s, 68156 KB] New best heuristic value for ff: 1
[t=121.009119s, 68156 KB] g=56, 259 evaluated, 258 expanded, 1 reopened
[t=121.009119s, 68156 KB] Solution found!
[t=121.009119s, 68156 KB] Actual search time: 0.187623s
move-to-card card-d0-s0-v7 card-d0-s0-v5 card-d0-s0-v8 pile-2 (1)
move-to-card card-d0-s0-v4 card-d0-s3-v2 card-d0-s0-v5 pile-5 (1)
move-to-card card-d0-s3-v1 card-d0-s3-v0 card-d0-s3-v2 pile-3 (1)
move-to-card card-d0-s0-v6 card-d0-s0-v2 card-d0-s0-v7 pile-2 (1)
move-to-card card-d0-s0-v5 card-d0-s0-v1 card-d0-s0-v6 pile-2 (1)
move-to-card card-d0-s3-v0 card-d0-s3-v5 card-d0-s3-v1 pile-3 (1)
move-to-card card-d0-s0-v1 card-d0-s1-v7 card-d0-s0-v2 pile-0 (1)
move-to-card card-d0-s3-v4 card-d0-s1-v3 card-d0-s3-v5 pile-4 (1)
move-to-card card-d0-s1-v3 card-d0-s0-v3 card-d0-s0-v4 pile-2 (1)
move-to-card card-d0-s0-v2 card-d0-s1-v6 card-d0-s0-v3 pile-1 (1)
move-to-card card-d0-s3-v2 card-d0-s1-v2 card-d0-s1-v3 pile-2 (1)
move-to-card card-d0-s0-v3 card-d0-s2-v1 card-d0-s3-v4 pile-4 (1)
move-to-card card-d0-s1-v6 card-d0-s2-v3 card-d0-s1-v7 pile-5 (1)
move-to-card card-d0-s1-v2 card-d0-s3-v3 card-d0-s2-v3 pile-0 (1)
move-to-card card-d0-s3-v2 card-d0-s1-v3 card-d0-s3-v3 pile-3 (1)
move-to-card card-d0-s1-v2 card-d0-s2-v3 card-d0-s1-v3 pile-2 (1)
start-dealing  (1)
deal-card card-d0-s2-v4 card-d0-s3-v8 deal-0 card-d0-s2-v3 pile-0 (0)
deal-card card-d0-s3-v8 card-d0-s0-v0 deal-0 card-d0-s2-v1 pile-1 (0)
deal-card card-d0-s0-v0 card-d0-s2-v5 deal-0 card-d0-s1-v2 pile-2 (0)
deal-card card-d0-s2-v5 card-d0-s3-v7 deal-0 card-d0-s3-v0 pile-3 (0)
deal-card card-d0-s3-v7 card-d0-s2-v8 deal-0 card-d0-s0-v1 pile-4 (0)
deal-card card-d0-s2-v8 deal-0 deal-0 card-d0-s1-v6 pile-5 (0)
finish-dealing deal-0 deal-1 (0)
move-to-card card-d0-s3-v7 card-d0-s0-v1 card-d0-s3-v8 pile-1 (1)
move-to-card card-d0-s0-v0 card-d0-s1-v2 card-d0-s0-v1 pile-4 (1)
move-to-card card-d0-s0-v3 card-d0-s3-v4 card-d0-s2-v4 pile-0 (1)
start-dealing  (1)
deal-card card-d0-s2-v7 card-d0-s1-v5 deal-1 card-d0-s0-v0 pile-0 (0)
deal-card card-d0-s1-v5 card-d0-s2-v0 deal-1 card-d0-s3-v7 pile-1 (0)
deal-card card-d0-s2-v0 card-d0-s1-v8 deal-1 card-d0-s1-v2 pile-2 (0)
deal-card card-d0-s1-v8 card-d0-s2-v6 deal-1 card-d0-s2-v5 pile-3 (0)
deal-card card-d0-s2-v6 card-d0-s1-v1 deal-1 card-d0-s3-v4 pile-4 (0)
deal-card card-d0-s1-v1 deal-1 deal-1 card-d0-s2-v8 pile-5 (0)
finish-dealing deal-1 deal-2 (0)
move-to-card card-d0-s2-v0 card-d0-s1-v2 card-d0-s1-v1 pile-5 (1)
move-to-card card-d0-s2-v6 card-d0-s3-v4 card-d0-s2-v7 pile-0 (1)
move-to-card card-d0-s3-v5 card-d0-s1-v4 card-d0-s2-v6 pile-0 (1)
move-to-card card-d0-s1-v3 card-d0-s0-v4 card-d0-s1-v4 pile-4 (1)
move-to-card card-d0-s1-v4 pile-4 card-d0-s1-v5 pile-1 (1)
move-to-tableau card-d0-s2-v0 card-d0-s1-v1 pile-4 (1)
move-to-card card-d0-s1-v1 card-d0-s2-v8 card-d0-s1-v2 pile-1 (1)
move-to-card card-d0-s2-v0 pile-4 card-d0-s1-v1 pile-1 (1)
move-to-tableau card-d0-s0-v8 card-d0-s3-v6 pile-4 (1)
move-to-card card-d0-s3-v5 card-d0-s2-v6 card-d0-s3-v6 pile-2 (1)
move-to-card card-d0-s2-v7 card-d0-s0-v0 card-d0-s1-v8 pile-3 (1)
move-to-card card-d0-s0-v3 card-d0-s2-v4 card-d0-s0-v4 pile-4 (1)
move-to-card card-d0-s2-v7 card-d0-s1-v8 card-d0-s2-v8 pile-5 (1)
start-collecting-deck card-d0-s0-v0 (1)
collect-card card-d0-s0-v0 card-d0-s0-v1 pile-4 (0)
collect-card card-d0-s0-v1 card-d0-s0-v2 pile-4 (0)
collect-card card-d0-s0-v2 card-d0-s0-v3 pile-4 (0)
collect-card card-d0-s0-v3 card-d0-s0-v4 pile-4 (0)
collect-card card-d0-s0-v4 card-d0-s0-v5 pile-4 (0)
collect-card card-d0-s0-v5 card-d0-s0-v6 pile-4 (0)
collect-card card-d0-s0-v6 card-d0-s0-v7 pile-4 (0)
collect-card card-d0-s0-v7 card-d0-s0-v8 pile-4 (0)
finish-collecting-deck card-d0-s0-v8 pile-4 pile-4 (0)
move-to-tableau card-d0-s2-v4 card-d0-s2-v3 pile-4 (1)
move-to-card card-d0-s2-v3 pile-0 card-d0-s2-v4 pile-4 (1)
move-to-tableau card-d0-s2-v0 card-d0-s1-v1 pile-0 (1)
move-to-card card-d0-s1-v5 card-d0-s3-v7 card-d0-s2-v6 pile-5 (1)
move-to-card card-d0-s3-v6 card-d0-s2-v2 card-d0-s3-v7 pile-1 (1)
move-to-card card-d0-s2-v2 card-d0-s1-v0 card-d0-s2-v3 pile-4 (1)
move-to-card card-d0-s1-v0 pile-2 card-d0-s1-v1 pile-5 (1)
move-to-tableau card-d0-s3-v8 card-d0-s2-v1 pile-2 (1)
move-to-card card-d0-s2-v0 pile-0 card-d0-s2-v1 pile-1 (1)
move-to-card card-d0-s2-v1 pile-1 card-d0-s2-v2 pile-4 (1)
move-to-tableau card-d0-s1-v5 card-d0-s2-v6 pile-0 (1)
move-to-tableau card-d0-s1-v8 card-d0-s2-v5 pile-1 (1)
move-to-card card-d0-s2-v4 pile-4 card-d0-s2-v5 pile-3 (1)
move-to-card card-d0-s2-v5 card-d0-s3-v0 card-d0-s2-v6 pile-5 (1)
move-to-card card-d0-s3-v3 pile-3 card-d0-s3-v4 pile-2 (1)
move-to-tableau card-d0-s2-v8 card-d0-s1-v6 pile-3 (1)
move-to-card card-d0-s1-v5 pile-0 card-d0-s1-v6 pile-5 (1)
move-to-card card-d0-s1-v7 pile-5 card-d0-s1-v8 pile-1 (1)
start-collecting-deck card-d0-s1-v0 (1)
collect-card card-d0-s1-v0 card-d0-s1-v1 pile-1 (0)
collect-card card-d0-s1-v1 card-d0-s1-v2 pile-1 (0)
collect-card card-d0-s1-v2 card-d0-s1-v3 pile-1 (0)
collect-card card-d0-s1-v3 card-d0-s1-v4 pile-1 (0)
collect-card card-d0-s1-v4 card-d0-s1-v5 pile-1 (0)
collect-card card-d0-s1-v5 card-d0-s1-v6 pile-1 (0)
collect-card card-d0-s1-v6 card-d0-s1-v7 pile-1 (0)
collect-card card-d0-s1-v7 card-d0-s1-v8 pile-1 (0)
finish-collecting-deck card-d0-s1-v8 pile-1 pile-1 (0)
start-collecting-deck card-d0-s3-v0 (1)
collect-card card-d0-s3-v0 card-d0-s3-v1 pile-2 (0)
collect-card card-d0-s3-v1 card-d0-s3-v2 pile-2 (0)
collect-card card-d0-s3-v2 card-d0-s3-v3 pile-2 (0)
collect-card card-d0-s3-v3 card-d0-s3-v4 pile-2 (0)
collect-card card-d0-s3-v4 card-d0-s3-v5 pile-2 (0)
collect-card card-d0-s3-v5 card-d0-s3-v6 pile-2 (0)
collect-card card-d0-s3-v6 card-d0-s3-v7 pile-2 (0)
collect-card card-d0-s3-v7 card-d0-s3-v8 pile-2 (0)
finish-collecting-deck card-d0-s3-v8 pile-2 pile-2 (0)
start-collecting-deck card-d0-s2-v0 (1)
collect-card card-d0-s2-v0 card-d0-s2-v1 pile-3 (0)
collect-card card-d0-s2-v1 card-d0-s2-v2 pile-3 (0)
collect-card card-d0-s2-v2 card-d0-s2-v3 pile-3 (0)
collect-card card-d0-s2-v3 card-d0-s2-v4 pile-3 (0)
collect-card card-d0-s2-v4 card-d0-s2-v5 pile-3 (0)
collect-card card-d0-s2-v5 card-d0-s2-v6 pile-3 (0)
collect-card card-d0-s2-v6 card-d0-s2-v7 pile-3 (0)
collect-card card-d0-s2-v7 card-d0-s2-v8 pile-3 (0)
finish-collecting-deck card-d0-s2-v8 pile-3 pile-3 (0)
[t=121.009119s, 68156 KB] Plan length: 106 step(s).
[t=121.009119s, 68156 KB] Plan cost: 56
[t=121.009119s, 68156 KB] Expanded 259 state(s).
[t=121.009119s, 68156 KB] Reopened 1 state(s).
[t=121.009119s, 68156 KB] Evaluated 260 state(s).
[t=121.009119s, 68156 KB] Evaluations: 519
[t=121.009119s, 68156 KB] Generated 2753 state(s).
[t=121.009119s, 68156 KB] Dead ends: 0 state(s).
[t=121.009119s, 68156 KB] Number of registered states: 259
[t=121.009119s, 68156 KB] Int hash set load factor: 259/512 = 0.505859
[t=121.009119s, 68156 KB] Int hash set resizes: 9
[t=121.009119s, 68156 KB] Best solution cost so far: 56
[t=121.009119s, 68156 KB] Solution found - keep searching
[t=121.009119s, 68156 KB] Building successor generator...done!
[t=121.009119s, 68156 KB] peak memory difference for successor generator creation: 0 KB
[t=121.009119s, 68156 KB] time for successor generation creation: 0.000000s
[t=121.009119s, 68156 KB] Variables: 407
[t=121.009119s, 68156 KB] FactPairs: 1538
[t=121.009119s, 68156 KB] Bytes per state: 68
[t=121.009119s, 68156 KB] Starting search: lazy_wastar
[t=121.009119s, 68156 KB] Conducting lazy best first search, (real) bound = 56
[t=121.013109s, 68156 KB] New best heuristic value for landmark_sum_heuristic: 226
[t=121.013109s, 68156 KB] New best heuristic value for ff: 150
[t=121.013109s, 68156 KB] g=0, 1 evaluated, 0 expanded
[t=121.013109s, 68156 KB] Initial heuristic value for landmark_sum_heuristic: 226
[t=121.013109s, 68156 KB] Initial heuristic value for ff: 150
[t=121.013109s, 68156 KB] New best heuristic value for landmark_sum_heuristic: 221
[t=121.013109s, 68156 KB] New best heuristic value for ff: 149
[t=121.013109s, 68156 KB] g=1, 2 evaluated, 1 expanded
[t=121.013109s, 68156 KB] New best heuristic value for landmark_sum_heuristic: 216
[t=121.013109s, 68156 KB] g=2, 3 evaluated, 2 expanded
[t=121.017107s, 68156 KB] New best heuristic value for landmark_sum_heuristic: 211
[t=121.017107s, 68156 KB] New best heuristic value for ff: 141
[t=121.017107s, 68156 KB] g=3, 5 evaluated, 4 expanded
[t=121.017107s, 68156 KB] New best heuristic value for landmark_sum_heuristic: 206
[t=121.017107s, 68156 KB] g=4, 6 evaluated, 5 expanded
[t=121.017107s, 68156 KB] New best heuristic value for landmark_sum_heuristic: 201
[t=121.017107s, 68156 KB] g=5, 7 evaluated, 6 expanded
[t=121.017107s, 68156 KB] New best heuristic value for landmark_sum_heuristic: 200
[t=121.017107s, 68156 KB] g=6, 9 evaluated, 8 expanded
[t=121.021092s, 68156 KB] New best heuristic value for ff: 140
[t=121.021092s, 68156 KB] g=4, 14 evaluated, 13 expanded
[t=121.025086s, 68156 KB] New best heuristic value for landmark_sum_heuristic: 196
[t=121.025086s, 68156 KB] g=6, 15 evaluated, 14 expanded
[t=121.025086s, 68156 KB] New best heuristic value for landmark_sum_heuristic: 195
[t=121.025086s, 68156 KB] g=7, 17 evaluated, 16 expanded
[t=121.029081s, 68156 KB] New best heuristic value for ff: 139
[t=121.029081s, 68156 KB] g=5, 22 evaluated, 21 expanded
[t=121.029081s, 68156 KB] New best heuristic value for landmark_sum_heuristic: 191
[t=121.029081s, 68156 KB] New best heuristic value for ff: 135
[t=121.029081s, 68156 KB] g=7, 23 evaluated, 22 expanded
[t=121.033072s, 68156 KB] New best heuristic value for landmark_sum_heuristic: 186
[t=121.033072s, 68156 KB] New best heuristic value for ff: 134
[t=121.033072s, 68156 KB] g=8, 24 evaluated, 23 expanded
[t=121.033072s, 68156 KB] New best heuristic value for landmark_sum_heuristic: 185
[t=121.037066s, 68156 KB] g=9, 27 evaluated, 26 expanded
[t=121.037066s, 68156 KB] New best heuristic value for landmark_sum_heuristic: 184
[t=121.037066s, 68156 KB] g=9, 31 evaluated, 30 expanded
[t=121.041098s, 68156 KB] New best heuristic value for landmark_sum_heuristic: 179
[t=121.041098s, 68156 KB] New best heuristic value for ff: 133
[t=121.041098s, 68156 KB] g=10, 35 evaluated, 34 expanded
[t=121.045032s, 68156 KB] New best heuristic value for ff: 132
[t=121.045032s, 68156 KB] g=8, 38 evaluated, 37 expanded
[t=121.045032s, 68156 KB] New best heuristic value for landmark_sum_heuristic: 178
[t=121.045032s, 68156 KB] g=11, 41 evaluated, 40 expanded
[t=121.049030s, 68156 KB] New best heuristic value for landmark_sum_heuristic: 174
[t=121.049030s, 68156 KB] New best heuristic value for ff: 127
[t=121.049030s, 68156 KB] g=11, 45 evaluated, 44 expanded
[t=121.053018s, 68156 KB] New best heuristic value for landmark_sum_heuristic: 173
[t=121.053018s, 68156 KB] g=12, 48 evaluated, 47 expanded
[t=121.057013s, 68156 KB] New best heuristic value for landmark_sum_heuristic: 171
[t=121.057013s, 68156 KB] g=12, 54 evaluated, 53 expanded
[t=121.057013s, 68156 KB] New best heuristic value for ff: 124
[t=121.057013s, 68156 KB] g=12, 55 evaluated, 54 expanded
[t=121.057013s, 68156 KB] New best heuristic value for ff: 123
[t=121.057013s, 68156 KB] g=12, 56 evaluated, 55 expanded
[t=121.064996s, 68156 KB] New best heuristic value for landmark_sum_heuristic: 168
[t=121.064996s, 68156 KB] g=13, 63 evaluated, 62 expanded
[t=121.064996s, 68156 KB] New best heuristic value for landmark_sum_heuristic: 164
[t=121.064996s, 68156 KB] New best heuristic value for ff: 119
[t=121.064996s, 68156 KB] g=14, 66 evaluated, 65 expanded
[t=121.068985s, 68156 KB] New best heuristic value for landmark_sum_heuristic: 163
[t=121.068985s, 68156 KB] g=15, 69 evaluated, 68 expanded
[t=121.068985s, 68156 KB] New best heuristic value for landmark_sum_heuristic: 160
[t=121.068985s, 68156 KB] g=15, 71 evaluated, 70 expanded
[t=121.072976s, 68156 KB] New best heuristic value for ff: 116
[t=121.072976s, 68156 KB] g=15, 77 evaluated, 76 expanded
[t=121.080978s, 68156 KB] New best heuristic value for landmark_sum_heuristic: 158
[t=121.080978s, 68156 KB] g=16, 84 evaluated, 83 expanded
[t=121.092946s, 68156 KB] New best heuristic value for landmark_sum_heuristic: 157
[t=121.092946s, 68156 KB] g=17, 95 evaluated, 94 expanded
[t=121.092946s, 68156 KB] New best heuristic value for landmark_sum_heuristic: 155
[t=121.092946s, 68156 KB] g=17, 97 evaluated, 96 expanded
[t=121.096937s, 68156 KB] New best heuristic value for ff: 111
[t=121.100943s, 68156 KB] g=17, 99 evaluated, 98 expanded
[t=121.104930s, 68156 KB] New best heuristic value for landmark_sum_heuristic: 154
[t=121.104930s, 68156 KB] g=18, 104 evaluated, 103 expanded
[t=121.120914s, 68156 KB] New best heuristic value for landmark_sum_heuristic: 151
[t=121.120914s, 68156 KB] g=19, 116 evaluated, 115 expanded
[t=121.136881s, 68156 KB] New best heuristic value for landmark_sum_heuristic: 150
[t=121.136881s, 68156 KB] g=20, 130 evaluated, 129 expanded
[t=121.144857s, 68156 KB] New best heuristic value for landmark_sum_heuristic: 148
[t=121.144857s, 68156 KB] g=20, 140 evaluated, 139 expanded
[t=121.164824s, 68156 KB] New best heuristic value for landmark_sum_heuristic: 147
[t=121.164824s, 68156 KB] g=21, 162 evaluated, 161 expanded
[t=121.176802s, 68156 KB] New best heuristic value for ff: 106
[t=121.176802s, 68156 KB] g=22, 179 evaluated, 178 expanded
[t=121.188770s, 68156 KB] New best heuristic value for landmark_sum_heuristic: 145
[t=121.188770s, 68156 KB] g=23, 194 evaluated, 193 expanded
[t=121.188770s, 68156 KB] New best heuristic value for landmark_sum_heuristic: 141
[t=121.188770s, 68156 KB] g=24, 195 evaluated, 194 expanded
[t=121.192796s, 68156 KB] New best heuristic value for landmark_sum_heuristic: 140
[t=121.192796s, 68156 KB] g=25, 199 evaluated, 198 expanded
[t=121.196760s, 68156 KB] New best heuristic value for landmark_sum_heuristic: 139
[t=121.196760s, 68156 KB] g=25, 201 evaluated, 200 expanded
[t=121.196760s, 68156 KB] New best heuristic value for landmark_sum_heuristic: 138
[t=121.196760s, 68156 KB] New best heuristic value for ff: 104
[t=121.196760s, 68156 KB] g=26, 203 evaluated, 202 expanded
[t=121.200753s, 68156 KB] New best heuristic value for ff: 100
[t=121.200753s, 68156 KB] g=25, 207 evaluated, 206 expanded
[t=121.200753s, 68156 KB] New best heuristic value for ff: 98
[t=121.200753s, 68156 KB] g=25, 209 evaluated, 208 expanded
[t=121.204743s, 68156 KB] New best heuristic value for landmark_sum_heuristic: 136
[t=121.204743s, 68156 KB] g=26, 214 evaluated, 213 expanded
[t=121.204743s, 68156 KB] New best heuristic value for landmark_sum_heuristic: 134
[t=121.204743s, 68156 KB] g=28, 217 evaluated, 216 expanded
[t=121.208735s, 68156 KB] New best heuristic value for landmark_sum_heuristic: 133
[t=121.208735s, 68156 KB] g=29, 221 evaluated, 220 expanded
[t=121.212737s, 68156 KB] New best heuristic value for ff: 92
[t=121.212737s, 68156 KB] g=28, 224 evaluated, 223 expanded
[t=121.216722s, 68156 KB] New best heuristic value for landmark_sum_heuristic: 132
[t=121.216722s, 68156 KB] g=28, 227 evaluated, 226 expanded
[t=121.216722s, 68156 KB] New best heuristic value for landmark_sum_heuristic: 130
[t=121.216722s, 68156 KB] g=28, 228 evaluated, 227 expanded
[t=121.216722s, 68156 KB] New best heuristic value for landmark_sum_heuristic: 129
[t=121.216722s, 68156 KB] g=28, 229 evaluated, 228 expanded
[t=121.216722s, 68156 KB] New best heuristic value for landmark_sum_heuristic: 128
[t=121.216722s, 68156 KB] g=28, 230 evaluated, 229 expanded
[t=121.220712s, 68156 KB] New best heuristic value for landmark_sum_heuristic: 127
[t=121.220712s, 68156 KB] g=28, 232 evaluated, 231 expanded
[t=121.220712s, 68156 KB] New best heuristic value for landmark_sum_heuristic: 125
[t=121.220712s, 68156 KB] New best heuristic value for ff: 88
[t=121.220712s, 68156 KB] g=29, 235 evaluated, 234 expanded
[t=121.224708s, 68156 KB] New best heuristic value for landmark_sum_heuristic: 122
[t=121.224708s, 68156 KB] g=30, 238 evaluated, 237 expanded
[t=121.224708s, 68156 KB] New best heuristic value for ff: 86
[t=121.228712s, 68156 KB] g=32, 242 evaluated, 241 expanded
[t=121.232757s, 68156 KB] New best heuristic value for ff: 84
[t=121.232757s, 68156 KB] g=32, 245 evaluated, 244 expanded
[t=121.236703s, 68156 KB] New best heuristic value for landmark_sum_heuristic: 120
[t=121.236703s, 68156 KB] g=33, 248 evaluated, 247 expanded
[t=121.236703s, 68156 KB] New best heuristic value for landmark_sum_heuristic: 117
[t=121.236703s, 68156 KB] New best heuristic value for ff: 82
[t=121.236703s, 68156 KB] g=34, 249 evaluated, 248 expanded
[t=121.240720s, 68156 KB] New best heuristic value for ff: 80
[t=121.240720s, 68156 KB] g=35, 251 evaluated, 250 expanded
[t=121.244717s, 68156 KB] New best heuristic value for landmark_sum_heuristic: 114
[t=121.244717s, 68156 KB] New best heuristic value for ff: 78
[t=121.244717s, 68156 KB] g=36, 253 evaluated, 252 expanded
[t=121.248376s, 68156 KB] New best heuristic value for landmark_sum_heuristic: 111
[t=121.248376s, 68156 KB] g=37, 255 evaluated, 254 expanded
[t=121.248376s, 68156 KB] New best heuristic value for ff: 74
[t=121.248376s, 68156 KB] g=37, 256 evaluated, 255 expanded
[t=121.252531s, 68156 KB] New best heuristic value for landmark_sum_heuristic: 109
[t=121.252531s, 68156 KB] g=37, 257 evaluated, 256 expanded
[t=121.252531s, 68156 KB] New best heuristic value for landmark_sum_heuristic: 107
[t=121.252531s, 68156 KB] New best heuristic value for ff: 72
[t=121.252531s, 68156 KB] g=37, 258 evaluated, 257 expanded
[t=121.256366s, 68156 KB] New best heuristic value for landmark_sum_heuristic: 105
[t=121.256366s, 68156 KB] g=37, 259 evaluated, 258 expanded
[t=121.256366s, 68156 KB] New best heuristic value for landmark_sum_heuristic: 103
[t=121.256366s, 68156 KB] New best heuristic value for ff: 70
[t=121.256366s, 68156 KB] g=37, 260 evaluated, 259 expanded
[t=121.256366s, 68156 KB] New best heuristic value for landmark_sum_heuristic: 101
[t=121.260356s, 68156 KB] New best heuristic value for ff: 69
[t=121.260356s, 68156 KB] g=37, 261 evaluated, 260 expanded
[t=121.260356s, 68156 KB] New best heuristic value for landmark_sum_heuristic: 99
[t=121.260356s, 68156 KB] New best heuristic value for ff: 68
[t=121.260356s, 68156 KB] g=37, 262 evaluated, 261 expanded
[t=121.260356s, 68156 KB] New best heuristic value for landmark_sum_heuristic: 97
[t=121.260356s, 68156 KB] New best heuristic value for ff: 65
[t=121.260356s, 68156 KB] g=37, 263 evaluated, 262 expanded
[t=121.260356s, 68156 KB] New best heuristic value for landmark_sum_heuristic: 95
[t=121.260356s, 68156 KB] g=37, 264 evaluated, 263 expanded
[t=121.264348s, 68156 KB] New best heuristic value for landmark_sum_heuristic: 93
[t=121.264348s, 68156 KB] New best heuristic value for ff: 63
[t=121.264348s, 68156 KB] g=37, 265 evaluated, 264 expanded
[t=121.268356s, 68156 KB] New best heuristic value for landmark_sum_heuristic: 89
[t=121.268356s, 68156 KB] New best heuristic value for ff: 57
[t=121.268356s, 68156 KB] g=38, 268 evaluated, 267 expanded
[t=121.276353s, 68156 KB] New best heuristic value for landmark_sum_heuristic: 87
[t=121.276353s, 68156 KB] New best heuristic value for ff: 53
[t=121.276353s, 68156 KB] g=39, 270 evaluated, 269 expanded
[t=121.280334s, 68156 KB] New best heuristic value for landmark_sum_heuristic: 82
[t=121.280334s, 68156 KB] New best heuristic value for ff: 51
[t=121.280334s, 68156 KB] g=40, 272 evaluated, 271 expanded
[t=121.284324s, 68156 KB] New best heuristic value for landmark_sum_heuristic: 77
[t=121.284324s, 68156 KB] New best heuristic value for ff: 49
[t=121.284324s, 68156 KB] g=41, 274 evaluated, 273 expanded
[t=121.284324s, 68156 KB] New best heuristic value for landmark_sum_heuristic: 73
[t=121.284324s, 68156 KB] New best heuristic value for ff: 47
[t=121.284324s, 68156 KB] g=42, 275 evaluated, 274 expanded
[t=121.288315s, 68156 KB] New best heuristic value for landmark_sum_heuristic: 69
[t=121.288315s, 68156 KB] New best heuristic value for ff: 45
[t=121.288315s, 68156 KB] g=43, 277 evaluated, 276 expanded
[t=121.296301s, 68156 KB] New best heuristic value for landmark_sum_heuristic: 68
[t=121.296301s, 68156 KB] New best heuristic value for ff: 43
[t=121.296301s, 68156 KB] g=44, 281 evaluated, 280 expanded
[t=121.296301s, 68156 KB] New best heuristic value for landmark_sum_heuristic: 66
[t=121.296301s, 68156 KB] New best heuristic value for ff: 41
[t=121.296301s, 68156 KB] g=45, 282 evaluated, 281 expanded
[t=121.300293s, 68156 KB] New best heuristic value for landmark_sum_heuristic: 62
[t=121.300293s, 68156 KB] New best heuristic value for ff: 39
[t=121.300293s, 68156 KB] g=46, 283 evaluated, 282 expanded
[t=121.304311s, 68156 KB] New best heuristic value for landmark_sum_heuristic: 59
[t=121.304311s, 68156 KB] New best heuristic value for ff: 35
[t=121.304311s, 68156 KB] g=47, 287 evaluated, 286 expanded
[t=121.304311s, 68156 KB] New best heuristic value for landmark_sum_heuristic: 57
[t=121.304311s, 68156 KB] New best heuristic value for ff: 34
[t=121.304311s, 68156 KB] g=47, 288 evaluated, 287 expanded
[t=121.308334s, 68156 KB] New best heuristic value for landmark_sum_heuristic: 55
[t=121.308334s, 68156 KB] New best heuristic value for ff: 33
[t=121.308334s, 68156 KB] g=47, 289 evaluated, 288 expanded
[t=121.312450s, 68156 KB] New best heuristic value for landmark_sum_heuristic: 53
[t=121.312450s, 68156 KB] New best heuristic value for ff: 32
[t=121.312450s, 68156 KB] g=47, 290 evaluated, 289 expanded
[t=121.312450s, 68156 KB] New best heuristic value for landmark_sum_heuristic: 51
[t=121.312450s, 68156 KB] New best heuristic value for ff: 31
[t=121.312450s, 68156 KB] g=47, 291 evaluated, 290 expanded
[t=121.316262s, 68156 KB] New best heuristic value for landmark_sum_heuristic: 49
[t=121.316262s, 68156 KB] New best heuristic value for ff: 30
[t=121.316262s, 68156 KB] g=47, 292 evaluated, 291 expanded
[t=121.316262s, 68156 KB] New best heuristic value for landmark_sum_heuristic: 47
[t=121.316262s, 68156 KB] New best heuristic value for ff: 29
[t=121.316262s, 68156 KB] g=47, 293 evaluated, 292 expanded
[t=121.316262s, 68156 KB] New best heuristic value for landmark_sum_heuristic: 45
[t=121.316262s, 68156 KB] New best heuristic value for ff: 28
[t=121.316262s, 68156 KB] g=47, 294 evaluated, 293 expanded
[t=121.316262s, 68156 KB] New best heuristic value for landmark_sum_heuristic: 43
[t=121.316262s, 68156 KB] New best heuristic value for ff: 27
[t=121.316262s, 68156 KB] g=47, 295 evaluated, 294 expanded
[t=121.320250s, 68156 KB] New best heuristic value for landmark_sum_heuristic: 42
[t=121.320250s, 68156 KB] New best heuristic value for ff: 26
[t=121.320250s, 68156 KB] g=47, 296 evaluated, 295 expanded
[t=121.320250s, 68156 KB] New best heuristic value for landmark_sum_heuristic: 39
[t=121.324240s, 68156 KB] New best heuristic value for ff: 22
[t=121.324240s, 68156 KB] g=48, 299 evaluated, 298 expanded
[t=121.324240s, 68156 KB] New best heuristic value for landmark_sum_heuristic: 37
[t=121.324240s, 68156 KB] New best heuristic value for ff: 21
[t=121.324240s, 68156 KB] g=48, 300 evaluated, 299 expanded
[t=121.328304s, 68156 KB] New best heuristic value for landmark_sum_heuristic: 35
[t=121.328304s, 68156 KB] New best heuristic value for ff: 20
[t=121.328304s, 68156 KB] g=48, 301 evaluated, 300 expanded
[t=121.328304s, 68156 KB] New best heuristic value for landmark_sum_heuristic: 33
[t=121.328304s, 68156 KB] New best heuristic value for ff: 19
[t=121.328304s, 68156 KB] g=48, 302 evaluated, 301 expanded
[t=121.332267s, 68156 KB] New best heuristic value for landmark_sum_heuristic: 31
[t=121.332267s, 68156 KB] New best heuristic value for ff: 18
[t=121.332267s, 68156 KB] g=48, 303 evaluated, 302 expanded
[t=121.332267s, 68156 KB] New best heuristic value for landmark_sum_heuristic: 29
[t=121.332267s, 68156 KB] New best heuristic value for ff: 17
[t=121.332267s, 68156 KB] g=48, 304 evaluated, 303 expanded
[t=121.336224s, 68156 KB] New best heuristic value for landmark_sum_heuristic: 27
[t=121.336224s, 68156 KB] New best heuristic value for ff: 16
[t=121.336224s, 68156 KB] g=48, 305 evaluated, 304 expanded
[t=121.336224s, 68156 KB] New best heuristic value for landmark_sum_heuristic: 25
[t=121.336224s, 68156 KB] New best heuristic value for ff: 15
[t=121.336224s, 68156 KB] g=48, 306 evaluated, 305 expanded
[t=121.336224s, 68156 KB] New best heuristic value for landmark_sum_heuristic: 23
[t=121.336224s, 68156 KB] New best heuristic value for ff: 14
[t=121.336224s, 68156 KB] g=48, 307 evaluated, 306 expanded
[t=121.336224s, 68156 KB] New best heuristic value for landmark_sum_heuristic: 22
[t=121.336224s, 68156 KB] New best heuristic value for ff: 13
[t=121.336224s, 68156 KB] g=48, 308 evaluated, 307 expanded
[t=121.340212s, 68156 KB] New best heuristic value for landmark_sum_heuristic: 18
[t=121.340212s, 68156 KB] New best heuristic value for ff: 9
[t=121.340212s, 68156 KB] g=49, 310 evaluated, 309 expanded
[t=121.344235s, 68156 KB] New best heuristic value for landmark_sum_heuristic: 16
[t=121.344235s, 68156 KB] New best heuristic value for ff: 8
[t=121.344235s, 68156 KB] g=49, 311 evaluated, 310 expanded
[t=121.344235s, 68156 KB] New best heuristic value for landmark_sum_heuristic: 14
[t=121.344235s, 68156 KB] New best heuristic value for ff: 7
[t=121.344235s, 68156 KB] g=49, 312 evaluated, 311 expanded
[t=121.344235s, 68156 KB] New best heuristic value for landmark_sum_heuristic: 12
[t=121.344235s, 68156 KB] New best heuristic value for ff: 6
[t=121.344235s, 68156 KB] g=49, 313 evaluated, 312 expanded
[t=121.348224s, 68156 KB] New best heuristic value for landmark_sum_heuristic: 10
[t=121.348224s, 68156 KB] New best heuristic value for ff: 5
[t=121.348224s, 68156 KB] g=49, 314 evaluated, 313 expanded
[t=121.348224s, 68156 KB] New best heuristic value for landmark_sum_heuristic: 8
[t=121.348224s, 68156 KB] New best heuristic value for ff: 4
[t=121.348224s, 68156 KB] g=49, 315 evaluated, 314 expanded
[t=121.348224s, 68156 KB] New best heuristic value for landmark_sum_heuristic: 6
[t=121.348224s, 68156 KB] New best heuristic value for ff: 3
[t=121.348224s, 68156 KB] g=49, 316 evaluated, 315 expanded
[t=121.348224s, 68156 KB] New best heuristic value for landmark_sum_heuristic: 4
[t=121.348224s, 68156 KB] New best heuristic value for ff: 2
[t=121.348224s, 68156 KB] g=49, 317 evaluated, 316 expanded
[t=121.348224s, 68156 KB] New best heuristic value for landmark_sum_heuristic: 2
[t=121.348224s, 68156 KB] New best heuristic value for ff: 1
[t=121.352196s, 68156 KB] g=49, 318 evaluated, 317 expanded
[t=121.352196s, 68156 KB] Solution found!
[t=121.352196s, 68156 KB] Actual search time: 0.343078s
move-to-card card-d0-s0-v7 card-d0-s0-v5 card-d0-s0-v8 pile-2 (1)
move-to-card card-d0-s0-v4 card-d0-s3-v2 card-d0-s0-v5 pile-5 (1)
move-to-card card-d0-s3-v1 card-d0-s3-v0 card-d0-s3-v2 pile-3 (1)
move-to-card card-d0-s3-v0 card-d0-s3-v5 card-d0-s3-v1 pile-3 (1)
move-to-card card-d0-s3-v4 card-d0-s1-v3 card-d0-s3-v5 pile-4 (1)
move-to-card card-d0-s0-v5 card-d0-s0-v1 card-d0-s0-v6 pile-0 (1)
move-to-card card-d0-s0-v6 card-d0-s0-v2 card-d0-s0-v7 pile-2 (1)
move-to-card card-d0-s0-v1 card-d0-s1-v7 card-d0-s0-v2 pile-0 (1)
move-to-card card-d0-s1-v3 card-d0-s0-v3 card-d0-s0-v4 pile-2 (1)
move-to-card card-d0-s0-v2 card-d0-s1-v6 card-d0-s0-v3 pile-1 (1)
move-to-card card-d0-s1-v6 card-d0-s2-v3 card-d0-s1-v7 pile-5 (1)
move-to-card card-d0-s3-v2 card-d0-s1-v2 card-d0-s2-v3 pile-0 (1)
move-to-card card-d0-s1-v2 card-d0-s3-v3 card-d0-s1-v3 pile-2 (1)
move-to-card card-d0-s3-v2 card-d0-s2-v3 card-d0-s3-v3 pile-3 (1)
move-to-card card-d0-s3-v3 pile-3 card-d0-s3-v4 pile-4 (1)
move-to-tableau card-d0-s0-v3 card-d0-s2-v1 pile-3 (1)
move-to-card card-d0-s3-v5 card-d0-s1-v4 card-d0-s1-v6 pile-5 (1)
move-to-card card-d0-s1-v3 card-d0-s0-v4 card-d0-s1-v4 pile-4 (1)
move-to-card card-d0-s0-v3 pile-3 card-d0-s0-v4 pile-2 (1)
move-to-tableau card-d0-s1-v4 pile-4 pile-3 (1)
move-to-tableau card-d0-s0-v1 card-d0-s0-v2 pile-4 (1)
start-dealing  (1)
deal-card card-d0-s2-v4 card-d0-s3-v8 deal-0 card-d0-s2-v3 pile-0 (0)
deal-card card-d0-s3-v8 card-d0-s0-v0 deal-0 card-d0-s2-v1 pile-1 (0)
deal-card card-d0-s0-v0 card-d0-s2-v5 deal-0 card-d0-s0-v2 pile-2 (0)
deal-card card-d0-s2-v5 card-d0-s3-v7 deal-0 card-d0-s1-v2 pile-3 (0)
deal-card card-d0-s3-v7 card-d0-s2-v8 deal-0 card-d0-s0-v1 pile-4 (0)
deal-card card-d0-s2-v8 deal-0 deal-0 card-d0-s3-v0 pile-5 (0)
finish-dealing deal-0 deal-1 (0)
move-to-card card-d0-s2-v4 card-d0-s2-v3 card-d0-s2-v5 pile-3 (1)
move-to-card card-d0-s2-v3 pile-0 card-d0-s2-v4 pile-3 (1)
move-to-card card-d0-s3-v7 card-d0-s0-v1 card-d0-s3-v8 pile-1 (1)
move-to-tableau card-d0-s2-v8 card-d0-s3-v0 pile-0 (1)
move-to-card card-d0-s0-v0 card-d0-s0-v2 card-d0-s0-v1 pile-4 (1)
start-dealing  (1)
deal-card card-d0-s2-v7 card-d0-s1-v5 deal-1 card-d0-s2-v8 pile-0 (0)
deal-card card-d0-s1-v5 card-d0-s2-v0 deal-1 card-d0-s3-v7 pile-1 (0)
deal-card card-d0-s2-v0 card-d0-s1-v8 deal-1 card-d0-s0-v2 pile-2 (0)
deal-card card-d0-s1-v8 card-d0-s2-v6 deal-1 card-d0-s2-v3 pile-3 (0)
deal-card card-d0-s2-v6 card-d0-s1-v1 deal-1 card-d0-s0-v0 pile-4 (0)
deal-card card-d0-s1-v1 deal-1 deal-1 card-d0-s3-v0 pile-5 (0)
finish-dealing deal-1 deal-2 (0)
move-to-card card-d0-s2-v6 card-d0-s0-v0 card-d0-s2-v7 pile-0 (1)
move-to-card card-d0-s2-v0 card-d0-s0-v2 card-d0-s1-v1 pile-5 (1)
move-to-card card-d0-s0-v1 pile-4 card-d0-s0-v2 pile-2 (1)
move-to-tableau card-d0-s1-v8 card-d0-s2-v3 pile-4 (1)
move-to-card card-d0-s2-v5 card-d0-s1-v2 card-d0-s2-v6 pile-0 (1)
move-to-card card-d0-s1-v4 pile-3 card-d0-s1-v5 pile-1 (1)
move-to-tableau card-d0-s2-v0 card-d0-s1-v1 pile-3 (1)
move-to-card card-d0-s1-v1 card-d0-s3-v0 card-d0-s1-v2 pile-1 (1)
start-collecting-deck card-d0-s0-v0 (1)
collect-card card-d0-s0-v0 card-d0-s0-v1 pile-2 (0)
collect-card card-d0-s0-v1 card-d0-s0-v2 pile-2 (0)
collect-card card-d0-s0-v2 card-d0-s0-v3 pile-2 (0)
collect-card card-d0-s0-v3 card-d0-s0-v4 pile-2 (0)
collect-card card-d0-s0-v4 card-d0-s0-v5 pile-2 (0)
collect-card card-d0-s0-v5 card-d0-s0-v6 pile-2 (0)
collect-card card-d0-s0-v6 card-d0-s0-v7 pile-2 (0)
collect-card card-d0-s0-v7 card-d0-s0-v8 pile-2 (0)
finish-collecting-deck card-d0-s0-v8 card-d0-s3-v6 pile-2 (0)
move-to-card card-d0-s3-v5 card-d0-s1-v6 card-d0-s3-v6 pile-2 (1)
move-to-card card-d0-s1-v5 card-d0-s3-v7 card-d0-s1-v6 pile-5 (1)
move-to-card card-d0-s3-v6 card-d0-s2-v2 card-d0-s3-v7 pile-1 (1)
move-to-card card-d0-s2-v2 card-d0-s1-v0 card-d0-s2-v3 pile-0 (1)
move-to-card card-d0-s1-v0 pile-2 card-d0-s1-v1 pile-5 (1)
move-to-card card-d0-s1-v7 pile-5 card-d0-s1-v8 pile-4 (1)
move-to-tableau card-d0-s3-v8 card-d0-s2-v1 pile-2 (1)
move-to-card card-d0-s2-v0 pile-3 card-d0-s2-v1 pile-1 (1)
move-to-card card-d0-s2-v1 pile-1 card-d0-s2-v2 pile-0 (1)
start-collecting-deck card-d0-s1-v0 (1)
collect-card card-d0-s1-v0 card-d0-s1-v1 pile-4 (0)
collect-card card-d0-s1-v1 card-d0-s1-v2 pile-4 (0)
collect-card card-d0-s1-v2 card-d0-s1-v3 pile-4 (0)
collect-card card-d0-s1-v3 card-d0-s1-v4 pile-4 (0)
collect-card card-d0-s1-v4 card-d0-s1-v5 pile-4 (0)
collect-card card-d0-s1-v5 card-d0-s1-v6 pile-4 (0)
collect-card card-d0-s1-v6 card-d0-s1-v7 pile-4 (0)
collect-card card-d0-s1-v7 card-d0-s1-v8 pile-4 (0)
finish-collecting-deck card-d0-s1-v8 pile-4 pile-4 (0)
start-collecting-deck card-d0-s3-v0 (1)
collect-card card-d0-s3-v0 card-d0-s3-v1 pile-2 (0)
collect-card card-d0-s3-v1 card-d0-s3-v2 pile-2 (0)
collect-card card-d0-s3-v2 card-d0-s3-v3 pile-2 (0)
collect-card card-d0-s3-v3 card-d0-s3-v4 pile-2 (0)
collect-card card-d0-s3-v4 card-d0-s3-v5 pile-2 (0)
collect-card card-d0-s3-v5 card-d0-s3-v6 pile-2 (0)
collect-card card-d0-s3-v6 card-d0-s3-v7 pile-2 (0)
collect-card card-d0-s3-v7 card-d0-s3-v8 pile-2 (0)
finish-collecting-deck card-d0-s3-v8 pile-2 pile-2 (0)
start-collecting-deck card-d0-s2-v0 (1)
collect-card card-d0-s2-v0 card-d0-s2-v1 pile-0 (0)
collect-card card-d0-s2-v1 card-d0-s2-v2 pile-0 (0)
collect-card card-d0-s2-v2 card-d0-s2-v3 pile-0 (0)
collect-card card-d0-s2-v3 card-d0-s2-v4 pile-0 (0)
collect-card card-d0-s2-v4 card-d0-s2-v5 pile-0 (0)
collect-card card-d0-s2-v5 card-d0-s2-v6 pile-0 (0)
collect-card card-d0-s2-v6 card-d0-s2-v7 pile-0 (0)
collect-card card-d0-s2-v7 card-d0-s2-v8 pile-0 (0)
finish-collecting-deck card-d0-s2-v8 pile-0 pile-0 (0)
[t=121.352196s, 68156 KB] Plan length: 99 step(s).
[t=121.352196s, 68156 KB] Plan cost: 49
[t=121.352196s, 68156 KB] Expanded 318 state(s).
[t=121.352196s, 68156 KB] Reopened 0 state(s).
[t=121.352196s, 68156 KB] Evaluated 319 state(s).
[t=121.352196s, 68156 KB] Evaluations: 638
[t=121.352196s, 68156 KB] Generated 3736 state(s).
[t=121.352196s, 68156 KB] Dead ends: 0 state(s).
[t=121.352196s, 68156 KB] Number of registered states: 319
[t=121.352196s, 68156 KB] Int hash set load factor: 319/512 = 0.623047
[t=121.352196s, 68156 KB] Int hash set resizes: 9
[t=121.352196s, 68156 KB] Best solution cost so far: 49
[t=121.352196s, 68156 KB] Solution found - keep searching
[t=121.352196s, 68156 KB] Building successor generator...done!
[t=121.352196s, 68156 KB] peak memory difference for successor generator creation: 0 KB
[t=121.352196s, 68156 KB] time for successor generation creation: 0.000000s
[t=121.352196s, 68156 KB] Variables: 407
[t=121.352196s, 68156 KB] FactPairs: 1538
[t=121.352196s, 68156 KB] Bytes per state: 68
[t=121.352196s, 68156 KB] Starting search: lazy_wastar
[t=121.352196s, 68156 KB] Conducting lazy best first search, (real) bound = 49
[t=121.352196s, 68156 KB] New best heuristic value for landmark_sum_heuristic: 226
[t=121.352196s, 68156 KB] New best heuristic value for ff: 150
[t=121.352196s, 68156 KB] g=0, 1 evaluated, 0 expanded
[t=121.352196s, 68156 KB] Initial heuristic value for landmark_sum_heuristic: 226
[t=121.352196s, 68156 KB] Initial heuristic value for ff: 150
[t=121.356214s, 68156 KB] New best heuristic value for landmark_sum_heuristic: 221
[t=121.356214s, 68156 KB] New best heuristic value for ff: 147
[t=121.356214s, 68156 KB] g=1, 2 evaluated, 1 expanded
[t=121.360188s, 68156 KB] New best heuristic value for landmark_sum_heuristic: 216
[t=121.360188s, 68156 KB] g=2, 3 evaluated, 2 expanded
[t=121.364221s, 68156 KB] New best heuristic value for landmark_sum_heuristic: 211
[t=121.364221s, 68156 KB] New best heuristic value for ff: 141
[t=121.364221s, 68156 KB] g=3, 4 evaluated, 3 expanded
[t=121.364221s, 68156 KB] New best heuristic value for landmark_sum_heuristic: 206
[t=121.364221s, 68156 KB] g=4, 5 evaluated, 4 expanded
[t=121.368168s, 68156 KB] New best heuristic value for landmark_sum_heuristic: 201
[t=121.368168s, 68156 KB] New best heuristic value for ff: 140
[t=121.368168s, 68156 KB] g=5, 6 evaluated, 5 expanded
[t=121.372204s, 68156 KB] New best heuristic value for landmark_sum_heuristic: 200
[t=121.372204s, 68156 KB] g=6, 8 evaluated, 7 expanded
[t=121.380194s, 68156 KB] New best heuristic value for ff: 138
[t=121.380194s, 68156 KB] g=6, 12 evaluated, 11 expanded
[t=121.384145s, 68156 KB] New best heuristic value for landmark_sum_heuristic: 196
[t=121.384145s, 68156 KB] New best heuristic value for ff: 136
[t=121.384145s, 68156 KB] g=6, 14 evaluated, 13 expanded
[t=121.384145s, 68156 KB] New best heuristic value for landmark_sum_heuristic: 195
[t=121.384145s, 68156 KB] g=7, 15 evaluated, 14 expanded
[t=121.388131s, 68156 KB] New best heuristic value for landmark_sum_heuristic: 191
[t=121.388131s, 68156 KB] New best heuristic value for ff: 135
[t=121.388131s, 68156 KB] g=7, 18 evaluated, 17 expanded
[t=121.392119s, 68156 KB] New best heuristic value for landmark_sum_heuristic: 186
[t=121.392119s, 68156 KB] New best heuristic value for ff: 134
[t=121.392119s, 68156 KB] g=8, 19 evaluated, 18 expanded
[t=121.396120s, 68156 KB] New best heuristic value for landmark_sum_heuristic: 185
[t=121.396120s, 68156 KB] New best heuristic value for ff: 133
[t=121.396120s, 68156 KB] g=9, 23 evaluated, 22 expanded
[t=121.400124s, 68156 KB] New best heuristic value for landmark_sum_heuristic: 184
[t=121.400124s, 68156 KB] g=9, 26 evaluated, 25 expanded
[t=121.408110s, 68156 KB] New best heuristic value for landmark_sum_heuristic: 179
[t=121.408110s, 68156 KB] g=10, 30 evaluated, 29 expanded
[t=121.416087s, 68156 KB] New best heuristic value for landmark_sum_heuristic: 178
[t=121.416087s, 68156 KB] g=11, 36 evaluated, 35 expanded
[t=121.416087s, 68156 KB] New best heuristic value for ff: 132
[t=121.416087s, 68156 KB] g=8, 37 evaluated, 36 expanded
[t=121.428068s, 68156 KB] New best heuristic value for landmark_sum_heuristic: 174
[t=121.428068s, 68156 KB] New best heuristic value for ff: 127
[t=121.428068s, 68156 KB] g=11, 42 evaluated, 41 expanded
[t=121.432056s, 68156 KB] New best heuristic value for landmark_sum_heuristic: 173
[t=121.432056s, 68156 KB] g=12, 45 evaluated, 44 expanded
[t=121.444034s, 68156 KB] New best heuristic value for landmark_sum_heuristic: 171
[t=121.444034s, 68156 KB] g=12, 51 evaluated, 50 expanded
[t=121.444034s, 68156 KB] New best heuristic value for ff: 124
[t=121.444034s, 68156 KB] g=12, 52 evaluated, 51 expanded
[t=121.444034s, 68156 KB] New best heuristic value for ff: 123
[t=121.444034s, 68156 KB] g=12, 53 evaluated, 52 expanded
[t=121.456028s, 68156 KB] New best heuristic value for landmark_sum_heuristic: 168
[t=121.456028s, 68156 KB] g=13, 60 evaluated, 59 expanded
[t=121.460008s, 68156 KB] New best heuristic value for landmark_sum_heuristic: 164
[t=121.460008s, 68156 KB] New best heuristic value for ff: 119
[t=121.460008s, 68156 KB] g=14, 63 evaluated, 62 expanded
[t=121.463994s, 68156 KB] New best heuristic value for landmark_sum_heuristic: 163
[t=121.463994s, 68156 KB] g=15, 66 evaluated, 65 expanded
[t=121.463994s, 68156 KB] New best heuristic value for landmark_sum_heuristic: 160
[t=121.463994s, 68156 KB] g=15, 68 evaluated, 67 expanded
[t=121.471991s, 68156 KB] New best heuristic value for ff: 116
[t=121.471991s, 68156 KB] g=15, 74 evaluated, 73 expanded
[t=121.479974s, 68156 KB] New best heuristic value for landmark_sum_heuristic: 158
[t=121.479974s, 68156 KB] g=16, 81 evaluated, 80 expanded
[t=121.499984s, 68156 KB] New best heuristic value for landmark_sum_heuristic: 157
[t=121.499984s, 68156 KB] g=17, 92 evaluated, 91 expanded
[t=121.499984s, 68156 KB] New best heuristic value for landmark_sum_heuristic: 155
[t=121.499984s, 68156 KB] g=17, 94 evaluated, 93 expanded
[t=121.503920s, 68156 KB] New best heuristic value for ff: 111
[t=121.503920s, 68156 KB] g=17, 96 evaluated, 95 expanded
[t=121.511941s, 68156 KB] New best heuristic value for landmark_sum_heuristic: 154
[t=121.511941s, 68156 KB] g=18, 101 evaluated, 100 expanded
[t=121.527893s, 68156 KB] New best heuristic value for landmark_sum_heuristic: 151
[t=121.527893s, 68156 KB] g=19, 113 evaluated, 112 expanded
[t=121.543863s, 68156 KB] New best heuristic value for landmark_sum_heuristic: 150
[t=121.543863s, 68156 KB] g=20, 127 evaluated, 126 expanded
[t=121.551844s, 68156 KB] New best heuristic value for landmark_sum_heuristic: 148
[t=121.551844s, 68156 KB] g=20, 137 evaluated, 136 expanded
[t=121.575807s, 68156 KB] New best heuristic value for landmark_sum_heuristic: 147
[t=121.575807s, 68156 KB] g=21, 159 evaluated, 158 expanded
[t=121.591773s, 68156 KB] New best heuristic value for ff: 106
[t=121.591773s, 68156 KB] g=22, 176 evaluated, 175 expanded
[t=121.607744s, 68156 KB] New best heuristic value for landmark_sum_heuristic: 145
[t=121.607744s, 68156 KB] g=23, 191 evaluated, 190 expanded
[t=121.607744s, 68156 KB] New best heuristic value for landmark_sum_heuristic: 141
[t=121.607744s, 68156 KB] g=24, 192 evaluated, 191 expanded
[t=121.611730s, 68156 KB] New best heuristic value for landmark_sum_heuristic: 140
[t=121.611730s, 68156 KB] g=25, 196 evaluated, 195 expanded
[t=121.611730s, 68156 KB] New best heuristic value for landmark_sum_heuristic: 139
[t=121.615723s, 68156 KB] g=25, 198 evaluated, 197 expanded
[t=121.615723s, 68156 KB] New best heuristic value for landmark_sum_heuristic: 138
[t=121.615723s, 68156 KB] New best heuristic value for ff: 104
[t=121.615723s, 68156 KB] g=26, 200 evaluated, 199 expanded
[t=121.619715s, 68156 KB] New best heuristic value for ff: 100
[t=121.619715s, 68156 KB] g=25, 204 evaluated, 203 expanded
[t=121.619715s, 68156 KB] New best heuristic value for ff: 98
[t=121.619715s, 68156 KB] g=25, 206 evaluated, 205 expanded
[t=121.623703s, 68156 KB] New best heuristic value for landmark_sum_heuristic: 136
[t=121.623703s, 68156 KB] g=26, 211 evaluated, 210 expanded
[t=121.623703s, 68156 KB] New best heuristic value for landmark_sum_heuristic: 134
[t=121.623703s, 68156 KB] g=28, 214 evaluated, 213 expanded
[t=121.627695s, 68156 KB] New best heuristic value for landmark_sum_heuristic: 133
[t=121.627695s, 68156 KB] g=29, 218 evaluated, 217 expanded
[t=121.631692s, 68156 KB] New best heuristic value for ff: 92
[t=121.631692s, 68156 KB] g=28, 221 evaluated, 220 expanded
[t=121.635688s, 68156 KB] New best heuristic value for landmark_sum_heuristic: 132
[t=121.635688s, 68156 KB] g=28, 224 evaluated, 223 expanded
[t=121.635688s, 68156 KB] New best heuristic value for landmark_sum_heuristic: 130
[t=121.635688s, 68156 KB] g=28, 225 evaluated, 224 expanded
[t=121.635688s, 68156 KB] New best heuristic value for landmark_sum_heuristic: 129
[t=121.635688s, 68156 KB] g=28, 226 evaluated, 225 expanded
[t=121.635688s, 68156 KB] New best heuristic value for landmark_sum_heuristic: 128
[t=121.635688s, 68156 KB] g=28, 227 evaluated, 226 expanded
[t=121.639676s, 68156 KB] New best heuristic value for landmark_sum_heuristic: 127
[t=121.639676s, 68156 KB] g=28, 229 evaluated, 228 expanded
[t=121.639676s, 68156 KB] New best heuristic value for landmark_sum_heuristic: 125
[t=121.639676s, 68156 KB] New best heuristic value for ff: 88
[t=121.639676s, 68156 KB] g=29, 232 evaluated, 231 expanded
[t=121.643667s, 68156 KB] New best heuristic value for landmark_sum_heuristic: 122
[t=121.643667s, 68156 KB] g=30, 235 evaluated, 234 expanded
[t=121.643667s, 68156 KB] New best heuristic value for ff: 86
[t=121.643667s, 68156 KB] g=32, 239 evaluated, 238 expanded
[t=121.647663s, 68156 KB] New best heuristic value for ff: 84
[t=121.647663s, 68156 KB] g=32, 242 evaluated, 241 expanded
[t=121.647663s, 68156 KB] New best heuristic value for landmark_sum_heuristic: 120
[t=121.651656s, 68156 KB] g=33, 245 evaluated, 244 expanded
[t=121.651656s, 68156 KB] New best heuristic value for landmark_sum_heuristic: 117
[t=121.651656s, 68156 KB] New best heuristic value for ff: 82
[t=121.651656s, 68156 KB] g=34, 246 evaluated, 245 expanded
[t=121.651656s, 68156 KB] New best heuristic value for ff: 80
[t=121.651656s, 68156 KB] g=35, 248 evaluated, 247 expanded
[t=121.655651s, 68156 KB] New best heuristic value for landmark_sum_heuristic: 114
[t=121.655651s, 68156 KB] New best heuristic value for ff: 78
[t=121.655651s, 68156 KB] g=36, 250 evaluated, 249 expanded
[t=121.655651s, 68156 KB] New best heuristic value for landmark_sum_heuristic: 111
[t=121.655651s, 68156 KB] g=37, 252 evaluated, 251 expanded
[t=121.655651s, 68156 KB] New best heuristic value for ff: 74
[t=121.655651s, 68156 KB] g=37, 253 evaluated, 252 expanded
[t=121.655651s, 68156 KB] New best heuristic value for landmark_sum_heuristic: 109
[t=121.655651s, 68156 KB] g=37, 254 evaluated, 253 expanded
[t=121.655651s, 68156 KB] New best heuristic value for landmark_sum_heuristic: 107
[t=121.655651s, 68156 KB] New best heuristic value for ff: 72
[t=121.655651s, 68156 KB] g=37, 255 evaluated, 254 expanded
[t=121.659656s, 68156 KB] New best heuristic value for landmark_sum_heuristic: 105
[t=121.659656s, 68156 KB] g=37, 256 evaluated, 255 expanded
[t=121.659656s, 68156 KB] New best heuristic value for landmark_sum_heuristic: 103
[t=121.659656s, 68156 KB] New best heuristic value for ff: 70
[t=121.659656s, 68156 KB] g=37, 257 evaluated, 256 expanded
[t=121.659656s, 68156 KB] New best heuristic value for landmark_sum_heuristic: 101
[t=121.659656s, 68156 KB] New best heuristic value for ff: 69
[t=121.659656s, 68156 KB] g=37, 258 evaluated, 257 expanded
[t=121.659656s, 68156 KB] New best heuristic value for landmark_sum_heuristic: 99
[t=121.659656s, 68156 KB] New best heuristic value for ff: 68
[t=121.659656s, 68156 KB] g=37, 259 evaluated, 258 expanded
[t=121.659656s, 68156 KB] New best heuristic value for landmark_sum_heuristic: 97
[t=121.659656s, 68156 KB] New best heuristic value for ff: 65
[t=121.659656s, 68156 KB] g=37, 260 evaluated, 259 expanded
[t=121.663632s, 68156 KB] New best heuristic value for landmark_sum_heuristic: 95
[t=121.663632s, 68156 KB] g=37, 261 evaluated, 260 expanded
[t=121.663632s, 68156 KB] New best heuristic value for landmark_sum_heuristic: 93
[t=121.663632s, 68156 KB] New best heuristic value for ff: 63
[t=121.663632s, 68156 KB] g=37, 262 evaluated, 261 expanded
[t=121.663632s, 68156 KB] New best heuristic value for landmark_sum_heuristic: 89
[t=121.663632s, 68156 KB] New best heuristic value for ff: 57
[t=121.663632s, 68156 KB] g=38, 265 evaluated, 264 expanded
[t=121.667631s, 68156 KB] New best heuristic value for landmark_sum_heuristic: 87
[t=121.667631s, 68156 KB] New best heuristic value for ff: 53
[t=121.667631s, 68156 KB] g=39, 267 evaluated, 266 expanded
[t=121.667631s, 68156 KB] New best heuristic value for landmark_sum_heuristic: 82
[t=121.667631s, 68156 KB] New best heuristic value for ff: 51
[t=121.667631s, 68156 KB] g=40, 269 evaluated, 268 expanded
[t=121.671669s, 68156 KB] New best heuristic value for landmark_sum_heuristic: 77
[t=121.671669s, 68156 KB] New best heuristic value for ff: 49
[t=121.671669s, 68156 KB] g=41, 271 evaluated, 270 expanded
[t=121.671669s, 68156 KB] New best heuristic value for landmark_sum_heuristic: 73
[t=121.671669s, 68156 KB] New best heuristic value for ff: 47
[t=121.671669s, 68156 KB] g=42, 272 evaluated, 271 expanded
[t=121.671669s, 68156 KB] New best heuristic value for landmark_sum_heuristic: 69
[t=121.671669s, 68156 KB] New best heuristic value for ff: 45
[t=121.671669s, 68156 KB] g=43, 274 evaluated, 273 expanded
[t=121.675611s, 68156 KB] New best heuristic value for landmark_sum_heuristic: 68
[t=121.675611s, 68156 KB] New best heuristic value for ff: 43
[t=121.675611s, 68156 KB] g=44, 278 evaluated, 277 expanded
[t=121.679611s, 68156 KB] New best heuristic value for landmark_sum_heuristic: 66
[t=121.679611s, 68156 KB] New best heuristic value for ff: 41
[t=121.679611s, 68156 KB] g=45, 279 evaluated, 278 expanded
[t=121.679611s, 68156 KB] New best heuristic value for landmark_sum_heuristic: 62
[t=121.679611s, 68156 KB] New best heuristic value for ff: 39
[t=121.679611s, 68156 KB] g=46, 280 evaluated, 279 expanded
[t=121.679611s, 68156 KB] New best heuristic value for landmark_sum_heuristic: 59
[t=121.683606s, 68156 KB] New best heuristic value for ff: 35
[t=121.683606s, 68156 KB] g=47, 284 evaluated, 283 expanded
[t=121.683606s, 68156 KB] New best heuristic value for landmark_sum_heuristic: 57
[t=121.683606s, 68156 KB] New best heuristic value for ff: 34
[t=121.683606s, 68156 KB] g=47, 285 evaluated, 284 expanded
[t=121.683606s, 68156 KB] New best heuristic value for landmark_sum_heuristic: 55
[t=121.683606s, 68156 KB] New best heuristic value for ff: 33
[t=121.683606s, 68156 KB] g=47, 286 evaluated, 285 expanded
[t=121.683606s, 68156 KB] New best heuristic value for landmark_sum_heuristic: 53
[t=121.683606s, 68156 KB] New best heuristic value for ff: 32
[t=121.683606s, 68156 KB] g=47, 287 evaluated, 286 expanded
[t=121.683606s, 68156 KB] New best heuristic value for landmark_sum_heuristic: 51
[t=121.683606s, 68156 KB] New best heuristic value for ff: 31
[t=121.683606s, 68156 KB] g=47, 288 evaluated, 287 expanded
[t=121.683606s, 68156 KB] New best heuristic value for landmark_sum_heuristic: 49
[t=121.683606s, 68156 KB] New best heuristic value for ff: 30
[t=121.683606s, 68156 KB] g=47, 289 evaluated, 288 expanded
[t=121.687598s, 68156 KB] New best heuristic value for landmark_sum_heuristic: 47
[t=121.687598s, 68156 KB] New best heuristic value for ff: 29
[t=121.687598s, 68156 KB] g=47, 290 evaluated, 289 expanded
[t=121.687598s, 68156 KB] New best heuristic value for landmark_sum_heuristic: 45
[t=121.687598s, 68156 KB] New best heuristic value for ff: 28
[t=121.687598s, 68156 KB] g=47, 291 evaluated, 290 expanded
[t=121.687598s, 68156 KB] New best heuristic value for landmark_sum_heuristic: 43
[t=121.687598s, 68156 KB] New best heuristic value for ff: 27
[t=121.687598s, 68156 KB] g=47, 292 evaluated, 291 expanded
[t=121.687598s, 68156 KB] New best heuristic value for landmark_sum_heuristic: 42
[t=121.687598s, 68156 KB] New best heuristic value for ff: 26
[t=121.687598s, 68156 KB] g=47, 293 evaluated, 292 expanded
[t=121.691584s, 68156 KB] New best heuristic value for landmark_sum_heuristic: 39
[t=121.691584s, 68156 KB] New best heuristic value for ff: 22
[t=121.691584s, 68156 KB] g=48, 296 evaluated, 295 expanded
[t=121.691584s, 68156 KB] New best heuristic value for landmark_sum_heuristic: 37
[t=121.691584s, 68156 KB] New best heuristic value for ff: 21
[t=121.691584s, 68156 KB] g=48, 297 evaluated, 296 expanded
[t=121.691584s, 68156 KB] New best heuristic value for landmark_sum_heuristic: 35
[t=121.691584s, 68156 KB] New best heuristic value for ff: 20
[t=121.691584s, 68156 KB] g=48, 298 evaluated, 297 expanded
[t=121.691584s, 68156 KB] New best heuristic value for landmark_sum_heuristic: 33
[t=121.691584s, 68156 KB] New best heuristic value for ff: 19
[t=121.691584s, 68156 KB] g=48, 299 evaluated, 298 expanded
[t=121.695581s, 68156 KB] New best heuristic value for landmark_sum_heuristic: 31
[t=121.695581s, 68156 KB] New best heuristic value for ff: 18
[t=121.695581s, 68156 KB] g=48, 300 evaluated, 299 expanded
[t=121.695581s, 68156 KB] New best heuristic value for landmark_sum_heuristic: 29
[t=121.695581s, 68156 KB] New best heuristic value for ff: 17
[t=121.695581s, 68156 KB] g=48, 301 evaluated, 300 expanded
[t=121.695581s, 68156 KB] New best heuristic value for landmark_sum_heuristic: 27
[t=121.695581s, 68156 KB] New best heuristic value for ff: 16
[t=121.695581s, 68156 KB] g=48, 302 evaluated, 301 expanded
[t=121.695581s, 68156 KB] New best heuristic value for landmark_sum_heuristic: 25
[t=121.695581s, 68156 KB] New best heuristic value for ff: 15
[t=121.695581s, 68156 KB] g=48, 303 evaluated, 302 expanded
[t=121.695581s, 68156 KB] New best heuristic value for landmark_sum_heuristic: 23
[t=121.695581s, 68156 KB] New best heuristic value for ff: 14
[t=121.695581s, 68156 KB] g=48, 304 evaluated, 303 expanded
[t=121.695581s, 68156 KB] New best heuristic value for landmark_sum_heuristic: 22
[t=121.695581s, 68156 KB] New best heuristic value for ff: 13
[t=121.695581s, 68156 KB] g=48, 305 evaluated, 304 expanded
[t=121.847310s, 68156 KB] New best heuristic value for landmark_sum_heuristic: 21
[t=121.847310s, 68156 KB] g=47, 595 evaluated, 594 expanded, 2 reopened
[t=156.266025s, 68156 KB] New best heuristic value for landmark_sum_heuristic: 18
[t=156.266025s, 68156 KB] New best heuristic value for ff: 9
[t=156.266025s, 68156 KB] g=48, 76867 evaluated, 76866 expanded, 2222 reopened
[t=156.266025s, 68156 KB] New best heuristic value for landmark_sum_heuristic: 16
[t=156.266025s, 68156 KB] New best heuristic value for ff: 8
[t=156.266025s, 68156 KB] g=48, 76868 evaluated, 76867 expanded, 2222 reopened
[t=156.266025s, 68156 KB] New best heuristic value for landmark_sum_heuristic: 14
[t=156.266025s, 68156 KB] New best heuristic value for ff: 7
[t=156.266025s, 68156 KB] g=48, 76869 evaluated, 76868 expanded, 2222 reopened
[t=156.266025s, 68156 KB] New best heuristic value for landmark_sum_heuristic: 12
[t=156.266025s, 68156 KB] New best heuristic value for ff: 6
[t=156.266025s, 68156 KB] g=48, 76870 evaluated, 76869 expanded, 2222 reopened
[t=156.266025s, 68156 KB] New best heuristic value for landmark_sum_heuristic: 10
[t=156.266025s, 68156 KB] New best heuristic value for ff: 5
[t=156.266025s, 68156 KB] g=48, 76871 evaluated, 76870 expanded, 2222 reopened
[t=156.266025s, 68156 KB] New best heuristic value for landmark_sum_heuristic: 8
[t=156.266025s, 68156 KB] New best heuristic value for ff: 4
[t=156.266025s, 68156 KB] g=48, 76872 evaluated, 76871 expanded, 2222 reopened
[t=156.266025s, 68156 KB] New best heuristic value for landmark_sum_heuristic: 6
[t=156.266025s, 68156 KB] New best heuristic value for ff: 3
[t=156.266025s, 68156 KB] g=48, 76873 evaluated, 76872 expanded, 2222 reopened
[t=156.266025s, 68156 KB] New best heuristic value for landmark_sum_heuristic: 4
[t=156.266025s, 68156 KB] New best heuristic value for ff: 2
[t=156.266025s, 68156 KB] g=48, 76874 evaluated, 76873 expanded, 2222 reopened
[t=156.266025s, 68156 KB] New best heuristic value for landmark_sum_heuristic: 2
[t=156.266025s, 68156 KB] New best heuristic value for ff: 1
[t=156.266025s, 68156 KB] g=48, 76875 evaluated, 76874 expanded, 2222 reopened
[t=156.266025s, 68156 KB] Solution found!
[t=156.266025s, 68156 KB] Actual search time: 34.913828s
move-to-card card-d0-s0-v7 card-d0-s0-v5 card-d0-s0-v8 pile-2 (1)
move-to-card card-d0-s0-v4 card-d0-s3-v2 card-d0-s0-v5 pile-5 (1)
move-to-card card-d0-s3-v1 card-d0-s3-v0 card-d0-s3-v2 pile-3 (1)
move-to-card card-d0-s3-v0 card-d0-s3-v5 card-d0-s3-v1 pile-3 (1)
move-to-card card-d0-s3-v4 card-d0-s1-v3 card-d0-s3-v5 pile-4 (1)
move-to-card card-d0-s0-v5 card-d0-s0-v1 card-d0-s0-v6 pile-0 (1)
move-to-card card-d0-s0-v6 card-d0-s0-v2 card-d0-s0-v7 pile-2 (1)
move-to-card card-d0-s0-v1 card-d0-s1-v7 card-d0-s0-v2 pile-0 (1)
move-to-card card-d0-s1-v3 card-d0-s0-v3 card-d0-s0-v4 pile-2 (1)
move-to-card card-d0-s0-v2 card-d0-s1-v6 card-d0-s0-v3 pile-1 (1)
move-to-card card-d0-s1-v6 card-d0-s2-v3 card-d0-s1-v7 pile-5 (1)
move-to-card card-d0-s3-v2 card-d0-s1-v2 card-d0-s2-v3 pile-0 (1)
move-to-card card-d0-s1-v2 card-d0-s3-v3 card-d0-s1-v3 pile-2 (1)
move-to-card card-d0-s3-v2 card-d0-s2-v3 card-d0-s3-v3 pile-3 (1)
move-to-card card-d0-s3-v3 pile-3 card-d0-s3-v4 pile-4 (1)
move-to-tableau card-d0-s0-v3 card-d0-s2-v1 pile-3 (1)
move-to-card card-d0-s3-v5 card-d0-s1-v4 card-d0-s1-v6 pile-5 (1)
move-to-card card-d0-s1-v3 card-d0-s0-v4 card-d0-s1-v4 pile-4 (1)
move-to-card card-d0-s0-v3 pile-3 card-d0-s0-v4 pile-2 (1)
move-to-tableau card-d0-s1-v4 pile-4 pile-3 (1)
move-to-tableau card-d0-s0-v1 card-d0-s0-v2 pile-4 (1)
start-dealing  (1)
deal-card card-d0-s2-v4 card-d0-s3-v8 deal-0 card-d0-s2-v3 pile-0 (0)
deal-card card-d0-s3-v8 card-d0-s0-v0 deal-0 card-d0-s2-v1 pile-1 (0)
deal-card card-d0-s0-v0 card-d0-s2-v5 deal-0 card-d0-s0-v2 pile-2 (0)
deal-card card-d0-s2-v5 card-d0-s3-v7 deal-0 card-d0-s1-v2 pile-3 (0)
deal-card card-d0-s3-v7 card-d0-s2-v8 deal-0 card-d0-s0-v1 pile-4 (0)
deal-card card-d0-s2-v8 deal-0 deal-0 card-d0-s3-v0 pile-5 (0)
finish-dealing deal-0 deal-1 (0)
move-to-card card-d0-s2-v4 card-d0-s2-v3 card-d0-s2-v5 pile-3 (1)
move-to-card card-d0-s2-v3 pile-0 card-d0-s2-v4 pile-3 (1)
move-to-card card-d0-s3-v7 card-d0-s0-v1 card-d0-s3-v8 pile-1 (1)
move-to-tableau card-d0-s2-v8 card-d0-s3-v0 pile-0 (1)
move-to-card card-d0-s0-v0 card-d0-s0-v2 card-d0-s0-v1 pile-4 (1)
start-dealing  (1)
deal-card card-d0-s2-v7 card-d0-s1-v5 deal-1 card-d0-s2-v8 pile-0 (0)
deal-card card-d0-s1-v5 card-d0-s2-v0 deal-1 card-d0-s3-v7 pile-1 (0)
deal-card card-d0-s2-v0 card-d0-s1-v8 deal-1 card-d0-s0-v2 pile-2 (0)
deal-card card-d0-s1-v8 card-d0-s2-v6 deal-1 card-d0-s2-v3 pile-3 (0)
deal-card card-d0-s2-v6 card-d0-s1-v1 deal-1 card-d0-s0-v0 pile-4 (0)
deal-card card-d0-s1-v1 deal-1 deal-1 card-d0-s3-v0 pile-5 (0)
finish-dealing deal-1 deal-2 (0)
move-to-card card-d0-s2-v6 card-d0-s0-v0 card-d0-s2-v7 pile-0 (1)
move-to-card card-d0-s2-v0 card-d0-s0-v2 card-d0-s1-v1 pile-5 (1)
move-to-card card-d0-s0-v1 pile-4 card-d0-s0-v2 pile-2 (1)
move-to-tableau card-d0-s1-v8 card-d0-s2-v3 pile-4 (1)
move-to-card card-d0-s2-v5 card-d0-s1-v2 card-d0-s2-v6 pile-0 (1)
move-to-card card-d0-s1-v4 pile-3 card-d0-s1-v5 pile-1 (1)
move-to-tableau card-d0-s2-v0 card-d0-s1-v1 pile-3 (1)
move-to-card card-d0-s1-v1 card-d0-s3-v0 card-d0-s1-v2 pile-1 (1)
start-collecting-deck card-d0-s0-v0 (1)
collect-card card-d0-s0-v0 card-d0-s0-v1 pile-2 (0)
collect-card card-d0-s0-v1 card-d0-s0-v2 pile-2 (0)
collect-card card-d0-s0-v2 card-d0-s0-v3 pile-2 (0)
collect-card card-d0-s0-v3 card-d0-s0-v4 pile-2 (0)
collect-card card-d0-s0-v4 card-d0-s0-v5 pile-2 (0)
collect-card card-d0-s0-v5 card-d0-s0-v6 pile-2 (0)
collect-card card-d0-s0-v6 card-d0-s0-v7 pile-2 (0)
collect-card card-d0-s0-v7 card-d0-s0-v8 pile-2 (0)
finish-collecting-deck card-d0-s0-v8 card-d0-s3-v6 pile-2 (0)
move-to-card card-d0-s3-v5 card-d0-s1-v6 card-d0-s3-v6 pile-2 (1)
move-to-card card-d0-s1-v5 card-d0-s3-v7 card-d0-s1-v6 pile-5 (1)
move-to-card card-d0-s3-v6 card-d0-s2-v2 card-d0-s3-v7 pile-1 (1)
move-to-card card-d0-s2-v2 card-d0-s1-v0 card-d0-s2-v3 pile-0 (1)
move-to-card card-d0-s1-v0 pile-2 card-d0-s1-v1 pile-5 (1)
move-to-card card-d0-s1-v7 pile-5 card-d0-s1-v8 pile-4 (1)
start-collecting-deck card-d0-s1-v0 (1)
collect-card card-d0-s1-v0 card-d0-s1-v1 pile-4 (0)
collect-card card-d0-s1-v1 card-d0-s1-v2 pile-4 (0)
collect-card card-d0-s1-v2 card-d0-s1-v3 pile-4 (0)
collect-card card-d0-s1-v3 card-d0-s1-v4 pile-4 (0)
collect-card card-d0-s1-v4 card-d0-s1-v5 pile-4 (0)
collect-card card-d0-s1-v5 card-d0-s1-v6 pile-4 (0)
collect-card card-d0-s1-v6 card-d0-s1-v7 pile-4 (0)
collect-card card-d0-s1-v7 card-d0-s1-v8 pile-4 (0)
finish-collecting-deck card-d0-s1-v8 pile-4 pile-4 (0)
start-collecting-deck card-d0-s3-v0 (1)
collect-card card-d0-s3-v0 card-d0-s3-v1 pile-1 (0)
collect-card card-d0-s3-v1 card-d0-s3-v2 pile-1 (0)
collect-card card-d0-s3-v2 card-d0-s3-v3 pile-1 (0)
collect-card card-d0-s3-v3 card-d0-s3-v4 pile-1 (0)
collect-card card-d0-s3-v4 card-d0-s3-v5 pile-1 (0)
collect-card card-d0-s3-v5 card-d0-s3-v6 pile-1 (0)
collect-card card-d0-s3-v6 card-d0-s3-v7 pile-1 (0)
collect-card card-d0-s3-v7 card-d0-s3-v8 pile-1 (0)
finish-collecting-deck card-d0-s3-v8 card-d0-s2-v1 pile-1 (0)
move-to-card card-d0-s2-v1 pile-1 card-d0-s2-v2 pile-0 (1)
move-to-card card-d0-s2-v0 pile-3 card-d0-s2-v1 pile-0 (1)
start-collecting-deck card-d0-s2-v0 (1)
collect-card card-d0-s2-v0 card-d0-s2-v1 pile-0 (0)
collect-card card-d0-s2-v1 card-d0-s2-v2 pile-0 (0)
collect-card card-d0-s2-v2 card-d0-s2-v3 pile-0 (0)
collect-card card-d0-s2-v3 card-d0-s2-v4 pile-0 (0)
collect-card card-d0-s2-v4 card-d0-s2-v5 pile-0 (0)
collect-card card-d0-s2-v5 card-d0-s2-v6 pile-0 (0)
collect-card card-d0-s2-v6 card-d0-s2-v7 pile-0 (0)
collect-card card-d0-s2-v7 card-d0-s2-v8 pile-0 (0)
finish-collecting-deck card-d0-s2-v8 pile-0 pile-0 (0)
[t=156.266025s, 68156 KB] Plan length: 98 step(s).
[t=156.266025s, 68156 KB] Plan cost: 48
[t=156.266025s, 68156 KB] Expanded 76875 state(s).
[t=156.266025s, 68156 KB] Reopened 2222 state(s).
[t=156.266025s, 68156 KB] Evaluated 76876 state(s).
[t=156.266025s, 68156 KB] Evaluations: 151530
[t=156.266025s, 68156 KB] Generated 571256 state(s).
[t=156.266025s, 68156 KB] Dead ends: 0 state(s).
[t=156.266025s, 68156 KB] Number of registered states: 74654
[t=156.266025s, 68156 KB] Int hash set load factor: 74654/131072 = 0.569565
[t=156.266025s, 68156 KB] Int hash set resizes: 17
[t=156.266025s, 68156 KB] Best solution cost so far: 48
[t=156.266025s, 68156 KB] Solution found - keep searching
[t=156.270023s, 68156 KB] Building successor generator...done!
[t=156.270023s, 68156 KB] peak memory difference for successor generator creation: 0 KB
[t=156.270023s, 68156 KB] time for successor generation creation: 0.000000s
[t=156.270023s, 68156 KB] Variables: 407
[t=156.270023s, 68156 KB] FactPairs: 1538
[t=156.270023s, 68156 KB] Bytes per state: 68
[t=156.270023s, 68156 KB] Starting search: lazy_wastar
[t=156.270023s, 68156 KB] Conducting lazy best first search, (real) bound = 48
[t=156.270023s, 68156 KB] New best heuristic value for landmark_sum_heuristic: 226
[t=156.270023s, 68156 KB] New best heuristic value for ff: 150
[t=156.270023s, 68156 KB] g=0, 1 evaluated, 0 expanded
[t=156.270023s, 68156 KB] Initial heuristic value for landmark_sum_heuristic: 226
[t=156.270023s, 68156 KB] Initial heuristic value for ff: 150
[t=156.270023s, 68156 KB] New best heuristic value for landmark_sum_heuristic: 221
[t=156.270023s, 68156 KB] New best heuristic value for ff: 147
[t=156.270023s, 68156 KB] g=1, 2 evaluated, 1 expanded
[t=156.270023s, 68156 KB] New best heuristic value for landmark_sum_heuristic: 216
[t=156.270023s, 68156 KB] g=2, 3 evaluated, 2 expanded
[t=156.274025s, 68156 KB] New best heuristic value for landmark_sum_heuristic: 211
[t=156.274025s, 68156 KB] New best heuristic value for ff: 141
[t=156.274025s, 68156 KB] g=3, 4 evaluated, 3 expanded
[t=156.274025s, 68156 KB] New best heuristic value for landmark_sum_heuristic: 206
[t=156.274025s, 68156 KB] g=4, 5 evaluated, 4 expanded
[t=156.274025s, 68156 KB] New best heuristic value for landmark_sum_heuristic: 201
[t=156.274025s, 68156 KB] New best heuristic value for ff: 140
[t=156.274025s, 68156 KB] g=5, 6 evaluated, 5 expanded
[t=156.274025s, 68156 KB] New best heuristic value for landmark_sum_heuristic: 200
[t=156.274025s, 68156 KB] g=6, 8 evaluated, 7 expanded
[t=156.282036s, 68156 KB] New best heuristic value for ff: 138
[t=156.282036s, 68156 KB] g=6, 12 evaluated, 11 expanded
[t=156.282036s, 68156 KB] New best heuristic value for landmark_sum_heuristic: 196
[t=156.282036s, 68156 KB] New best heuristic value for ff: 136
[t=156.282036s, 68156 KB] g=6, 14 evaluated, 13 expanded
[t=156.282036s, 68156 KB] New best heuristic value for landmark_sum_heuristic: 195
[t=156.282036s, 68156 KB] g=7, 15 evaluated, 14 expanded
[t=156.286031s, 68156 KB] New best heuristic value for landmark_sum_heuristic: 191
[t=156.286031s, 68156 KB] New best heuristic value for ff: 135
[t=156.286031s, 68156 KB] g=7, 18 evaluated, 17 expanded
[t=156.290045s, 68156 KB] New best heuristic value for landmark_sum_heuristic: 186
[t=156.290045s, 68156 KB] New best heuristic value for ff: 134
[t=156.290045s, 68156 KB] g=8, 19 evaluated, 18 expanded
[t=156.290045s, 68156 KB] New best heuristic value for landmark_sum_heuristic: 185
[t=156.290045s, 68156 KB] New best heuristic value for ff: 133
[t=156.290045s, 68156 KB] g=9, 23 evaluated, 22 expanded
[t=156.294029s, 68156 KB] New best heuristic value for landmark_sum_heuristic: 184
[t=156.294029s, 68156 KB] g=9, 26 evaluated, 25 expanded
[t=156.298023s, 68156 KB] New best heuristic value for landmark_sum_heuristic: 179
[t=156.298023s, 68156 KB] g=10, 30 evaluated, 29 expanded
[t=156.302035s, 68156 KB] New best heuristic value for landmark_sum_heuristic: 178
[t=156.302035s, 68156 KB] g=11, 36 evaluated, 35 expanded
[t=156.306023s, 68156 KB] New best heuristic value for ff: 132
[t=156.306023s, 68156 KB] g=8, 37 evaluated, 36 expanded
[t=156.306023s, 68156 KB] New best heuristic value for landmark_sum_heuristic: 174
[t=156.306023s, 68156 KB] New best heuristic value for ff: 127
[t=156.306023s, 68156 KB] g=11, 42 evaluated, 41 expanded
[t=156.310025s, 68156 KB] New best heuristic value for landmark_sum_heuristic: 173
[t=156.310025s, 68156 KB] g=12, 45 evaluated, 44 expanded
[t=156.314025s, 68156 KB] New best heuristic value for landmark_sum_heuristic: 171
[t=156.314025s, 68156 KB] g=12, 51 evaluated, 50 expanded
[t=156.314025s, 68156 KB] New best heuristic value for ff: 124
[t=156.314025s, 68156 KB] g=12, 52 evaluated, 51 expanded
[t=156.318023s, 68156 KB] New best heuristic value for ff: 123
[t=156.318023s, 68156 KB] g=12, 53 evaluated, 52 expanded
[t=156.322022s, 68156 KB] New best heuristic value for landmark_sum_heuristic: 168
[t=156.322022s, 68156 KB] g=13, 60 evaluated, 59 expanded
[t=156.322022s, 68156 KB] New best heuristic value for landmark_sum_heuristic: 164
[t=156.322022s, 68156 KB] New best heuristic value for ff: 119
[t=156.322022s, 68156 KB] g=14, 63 evaluated, 62 expanded
[t=156.326023s, 68156 KB] New best heuristic value for landmark_sum_heuristic: 163
[t=156.326023s, 68156 KB] g=15, 66 evaluated, 65 expanded
[t=156.326023s, 68156 KB] New best heuristic value for landmark_sum_heuristic: 160
[t=156.326023s, 68156 KB] g=15, 68 evaluated, 67 expanded
[t=156.334041s, 68156 KB] New best heuristic value for ff: 116
[t=156.334041s, 68156 KB] g=15, 74 evaluated, 73 expanded
[t=156.338021s, 68156 KB] New best heuristic value for landmark_sum_heuristic: 158
[t=156.338021s, 68156 KB] g=16, 81 evaluated, 80 expanded
[t=156.346492s, 68156 KB] New best heuristic value for landmark_sum_heuristic: 157
[t=156.346492s, 68156 KB] g=17, 92 evaluated, 91 expanded
[t=156.346492s, 68156 KB] New best heuristic value for landmark_sum_heuristic: 155
[t=156.350041s, 68156 KB] g=17, 94 evaluated, 93 expanded
[t=156.350041s, 68156 KB] New best heuristic value for ff: 111
[t=156.350041s, 68156 KB] g=17, 96 evaluated, 95 expanded
[t=156.354022s, 68156 KB] New best heuristic value for landmark_sum_heuristic: 154
[t=156.354022s, 68156 KB] g=18, 101 evaluated, 100 expanded
[t=156.362026s, 68156 KB] New best heuristic value for landmark_sum_heuristic: 151
[t=156.362026s, 68156 KB] g=19, 113 evaluated, 112 expanded
[t=156.374022s, 68156 KB] New best heuristic value for landmark_sum_heuristic: 150
[t=156.374022s, 68156 KB] g=20, 127 evaluated, 126 expanded
[t=156.378023s, 68156 KB] New best heuristic value for landmark_sum_heuristic: 148
[t=156.378023s, 68156 KB] g=20, 137 evaluated, 136 expanded
[t=156.394029s, 68156 KB] New best heuristic value for landmark_sum_heuristic: 147
[t=156.394029s, 68156 KB] g=21, 159 evaluated, 158 expanded
[t=156.406022s, 68156 KB] New best heuristic value for ff: 106
[t=156.406022s, 68156 KB] g=22, 176 evaluated, 175 expanded
[t=156.418029s, 68156 KB] New best heuristic value for landmark_sum_heuristic: 145
[t=156.418029s, 68156 KB] g=23, 191 evaluated, 190 expanded
[t=156.418029s, 68156 KB] New best heuristic value for landmark_sum_heuristic: 141
[t=156.418029s, 68156 KB] g=24, 192 evaluated, 191 expanded
[t=156.422028s, 68156 KB] New best heuristic value for landmark_sum_heuristic: 140
[t=156.422028s, 68156 KB] g=25, 196 evaluated, 195 expanded
[t=156.422028s, 68156 KB] New best heuristic value for landmark_sum_heuristic: 139
[t=156.422028s, 68156 KB] g=25, 198 evaluated, 197 expanded
[t=156.426027s, 68156 KB] New best heuristic value for landmark_sum_heuristic: 138
[t=156.426027s, 68156 KB] New best heuristic value for ff: 104
[t=156.426027s, 68156 KB] g=26, 200 evaluated, 199 expanded
[t=156.426027s, 68156 KB] New best heuristic value for ff: 100
[t=156.426027s, 68156 KB] g=25, 204 evaluated, 203 expanded
[t=156.430024s, 68156 KB] New best heuristic value for ff: 98
[t=156.430024s, 68156 KB] g=25, 206 evaluated, 205 expanded
[t=156.430024s, 68156 KB] New best heuristic value for landmark_sum_heuristic: 136
[t=156.430024s, 68156 KB] g=26, 211 evaluated, 210 expanded
[t=156.434025s, 68156 KB] New best heuristic value for landmark_sum_heuristic: 134
[t=156.434025s, 68156 KB] g=28, 214 evaluated, 213 expanded
[t=156.438040s, 68156 KB] New best heuristic value for landmark_sum_heuristic: 133
[t=156.438040s, 68156 KB] g=29, 218 evaluated, 217 expanded
[t=156.438040s, 68156 KB] New best heuristic value for ff: 92
[t=156.438040s, 68156 KB] g=28, 221 evaluated, 220 expanded
[t=156.442027s, 68156 KB] New best heuristic value for landmark_sum_heuristic: 132
[t=156.442027s, 68156 KB] g=28, 224 evaluated, 223 expanded
[t=156.442027s, 68156 KB] New best heuristic value for landmark_sum_heuristic: 130
[t=156.442027s, 68156 KB] g=28, 225 evaluated, 224 expanded
[t=156.442027s, 68156 KB] New best heuristic value for landmark_sum_heuristic: 129
[t=156.442027s, 68156 KB] g=28, 226 evaluated, 225 expanded
[t=156.442027s, 68156 KB] New best heuristic value for landmark_sum_heuristic: 128
[t=156.442027s, 68156 KB] g=28, 227 evaluated, 226 expanded
[t=156.442027s, 68156 KB] New best heuristic value for landmark_sum_heuristic: 127
[t=156.442027s, 68156 KB] g=28, 229 evaluated, 228 expanded
[t=156.446022s, 68156 KB] New best heuristic value for landmark_sum_heuristic: 125
[t=156.446022s, 68156 KB] New best heuristic value for ff: 88
[t=156.446022s, 68156 KB] g=29, 232 evaluated, 231 expanded
[t=156.446022s, 68156 KB] New best heuristic value for landmark_sum_heuristic: 122
[t=156.446022s, 68156 KB] g=30, 235 evaluated, 234 expanded
[t=156.450023s, 68156 KB] New best heuristic value for ff: 86
[t=156.450023s, 68156 KB] g=32, 239 evaluated, 238 expanded
[t=156.450023s, 68156 KB] New best heuristic value for ff: 84
[t=156.450023s, 68156 KB] g=32, 242 evaluated, 241 expanded
[t=156.454024s, 68156 KB] New best heuristic value for landmark_sum_heuristic: 120
[t=156.454024s, 68156 KB] g=33, 245 evaluated, 244 expanded
[t=156.454024s, 68156 KB] New best heuristic value for landmark_sum_heuristic: 117
[t=156.454024s, 68156 KB] New best heuristic value for ff: 82
[t=156.454024s, 68156 KB] g=34, 246 evaluated, 245 expanded
[t=156.454024s, 68156 KB] New best heuristic value for ff: 80
[t=156.454024s, 68156 KB] g=35, 248 evaluated, 247 expanded
[t=156.458023s, 68156 KB] New best heuristic value for landmark_sum_heuristic: 114
[t=156.458023s, 68156 KB] New best heuristic value for ff: 78
[t=156.458023s, 68156 KB] g=36, 250 evaluated, 249 expanded
[t=156.458023s, 68156 KB] New best heuristic value for landmark_sum_heuristic: 111
[t=156.458023s, 68156 KB] g=37, 252 evaluated, 251 expanded
[t=156.458023s, 68156 KB] New best heuristic value for ff: 74
[t=156.458023s, 68156 KB] g=37, 253 evaluated, 252 expanded
[t=156.458023s, 68156 KB] New best heuristic value for landmark_sum_heuristic: 109
[t=156.458023s, 68156 KB] g=37, 254 evaluated, 253 expanded
[t=156.462022s, 68156 KB] New best heuristic value for landmark_sum_heuristic: 107
[t=156.462022s, 68156 KB] New best heuristic value for ff: 72
[t=156.462022s, 68156 KB] g=37, 255 evaluated, 254 expanded
[t=156.462022s, 68156 KB] New best heuristic value for landmark_sum_heuristic: 105
[t=156.462022s, 68156 KB] g=37, 256 evaluated, 255 expanded
[t=156.462022s, 68156 KB] New best heuristic value for landmark_sum_heuristic: 103
[t=156.462022s, 68156 KB] New best heuristic value for ff: 70
[t=156.462022s, 68156 KB] g=37, 257 evaluated, 256 expanded
[t=156.462022s, 68156 KB] New best heuristic value for landmark_sum_heuristic: 101
[t=156.462022s, 68156 KB] New best heuristic value for ff: 69
[t=156.462022s, 68156 KB] g=37, 258 evaluated, 257 expanded
[t=156.462022s, 68156 KB] New best heuristic value for landmark_sum_heuristic: 99
[t=156.462022s, 68156 KB] New best heuristic value for ff: 68
[t=156.462022s, 68156 KB] g=37, 259 evaluated, 258 expanded
[t=156.462022s, 68156 KB] New best heuristic value for landmark_sum_heuristic: 97
[t=156.462022s, 68156 KB] New best heuristic value for ff: 65
[t=156.462022s, 68156 KB] g=37, 260 evaluated, 259 expanded
[t=156.462022s, 68156 KB] New best heuristic value for landmark_sum_heuristic: 95
[t=156.462022s, 68156 KB] g=37, 261 evaluated, 260 expanded
[t=156.466023s, 68156 KB] New best heuristic value for landmark_sum_heuristic: 93
[t=156.466023s, 68156 KB] New best heuristic value for ff: 63
[t=156.466023s, 68156 KB] g=37, 262 evaluated, 261 expanded
[t=156.466023s, 68156 KB] New best heuristic value for landmark_sum_heuristic: 89
[t=156.466023s, 68156 KB] New best heuristic value for ff: 57
[t=156.466023s, 68156 KB] g=38, 265 evaluated, 264 expanded
[t=156.466023s, 68156 KB] New best heuristic value for landmark_sum_heuristic: 87
[t=156.466023s, 68156 KB] New best heuristic value for ff: 53
[t=156.466023s, 68156 KB] g=39, 267 evaluated, 266 expanded
[t=156.470022s, 68156 KB] New best heuristic value for landmark_sum_heuristic: 82
[t=156.470022s, 68156 KB] New best heuristic value for ff: 51
[t=156.470022s, 68156 KB] g=40, 269 evaluated, 268 expanded
[t=156.470022s, 68156 KB] New best heuristic value for landmark_sum_heuristic: 77
[t=156.470022s, 68156 KB] New best heuristic value for ff: 49
[t=156.470022s, 68156 KB] g=41, 271 evaluated, 270 expanded
[t=156.470022s, 68156 KB] New best heuristic value for landmark_sum_heuristic: 73
[t=156.470022s, 68156 KB] New best heuristic value for ff: 47
[t=156.470022s, 68156 KB] g=42, 272 evaluated, 271 expanded
[t=156.470022s, 68156 KB] New best heuristic value for landmark_sum_heuristic: 69
[t=156.470022s, 68156 KB] New best heuristic value for ff: 45
[t=156.470022s, 68156 KB] g=43, 274 evaluated, 273 expanded
[t=156.474024s, 68156 KB] New best heuristic value for landmark_sum_heuristic: 68
[t=156.474024s, 68156 KB] New best heuristic value for ff: 43
[t=156.474024s, 68156 KB] g=44, 278 evaluated, 277 expanded
[t=156.474024s, 68156 KB] New best heuristic value for landmark_sum_heuristic: 66
[t=156.474024s, 68156 KB] New best heuristic value for ff: 41
[t=156.474024s, 68156 KB] g=45, 279 evaluated, 278 expanded
[t=156.474024s, 68156 KB] New best heuristic value for landmark_sum_heuristic: 62
[t=156.474024s, 68156 KB] New best heuristic value for ff: 39
[t=156.474024s, 68156 KB] g=46, 280 evaluated, 279 expanded
[t=156.478022s, 68156 KB] New best heuristic value for landmark_sum_heuristic: 59
[t=156.478022s, 68156 KB] New best heuristic value for ff: 35
[t=156.478022s, 68156 KB] g=47, 284 evaluated, 283 expanded
[t=156.478022s, 68156 KB] New best heuristic value for landmark_sum_heuristic: 57
[t=156.478022s, 68156 KB] New best heuristic value for ff: 34
[t=156.478022s, 68156 KB] g=47, 285 evaluated, 284 expanded
[t=156.478022s, 68156 KB] New best heuristic value for landmark_sum_heuristic: 55
[t=156.478022s, 68156 KB] New best heuristic value for ff: 33
[t=156.478022s, 68156 KB] g=47, 286 evaluated, 285 expanded
[t=156.478022s, 68156 KB] New best heuristic value for landmark_sum_heuristic: 53
[t=156.478022s, 68156 KB] New best heuristic value for ff: 32
[t=156.478022s, 68156 KB] g=47, 287 evaluated, 286 expanded
[t=156.478022s, 68156 KB] New best heuristic value for landmark_sum_heuristic: 51
[t=156.478022s, 68156 KB] New best heuristic value for ff: 31
[t=156.478022s, 68156 KB] g=47, 288 evaluated, 287 expanded
[t=156.478022s, 68156 KB] New best heuristic value for landmark_sum_heuristic: 49
[t=156.478022s, 68156 KB] New best heuristic value for ff: 30
[t=156.478022s, 68156 KB] g=47, 289 evaluated, 288 expanded
[t=156.478022s, 68156 KB] New best heuristic value for landmark_sum_heuristic: 47
[t=156.478022s, 68156 KB] New best heuristic value for ff: 29
[t=156.482020s, 68156 KB] g=47, 290 evaluated, 289 expanded
[t=156.482020s, 68156 KB] New best heuristic value for landmark_sum_heuristic: 45
[t=156.482020s, 68156 KB] New best heuristic value for ff: 28
[t=156.482020s, 68156 KB] g=47, 291 evaluated, 290 expanded
[t=156.482020s, 68156 KB] New best heuristic value for landmark_sum_heuristic: 43
[t=156.482020s, 68156 KB] New best heuristic value for ff: 27
[t=156.482020s, 68156 KB] g=47, 292 evaluated, 291 expanded
[t=156.482020s, 68156 KB] New best heuristic value for landmark_sum_heuristic: 42
[t=156.482020s, 68156 KB] New best heuristic value for ff: 26
[t=156.482020s, 68156 KB] g=47, 293 evaluated, 292 expanded
[t=156.498019s, 68156 KB] New best heuristic value for ff: 24
[t=156.498019s, 68156 KB] g=47, 329 evaluated, 328 expanded
[t=156.498019s, 68156 KB] New best heuristic value for landmark_sum_heuristic: 41
[t=156.498019s, 68156 KB] New best heuristic value for ff: 23
[t=156.498019s, 68156 KB] g=47, 330 evaluated, 329 expanded
[t=156.498019s, 68156 KB] New best heuristic value for landmark_sum_heuristic: 39
[t=156.498019s, 68156 KB] New best heuristic value for ff: 22
[t=156.498019s, 68156 KB] g=47, 331 evaluated, 330 expanded
[t=156.502022s, 68156 KB] New best heuristic value for landmark_sum_heuristic: 37
[t=156.502022s, 68156 KB] New best heuristic value for ff: 21
[t=156.502022s, 68156 KB] g=47, 332 evaluated, 331 expanded
[t=156.502022s, 68156 KB] New best heuristic value for landmark_sum_heuristic: 35
[t=156.502022s, 68156 KB] New best heuristic value for ff: 20
[t=156.502022s, 68156 KB] g=47, 333 evaluated, 332 expanded
[t=156.502022s, 68156 KB] New best heuristic value for landmark_sum_heuristic: 33
[t=156.502022s, 68156 KB] New best heuristic value for ff: 19
[t=156.502022s, 68156 KB] g=47, 334 evaluated, 333 expanded
[t=156.502022s, 68156 KB] New best heuristic value for landmark_sum_heuristic: 31
[t=156.502022s, 68156 KB] New best heuristic value for ff: 18
[t=156.502022s, 68156 KB] g=47, 335 evaluated, 334 expanded
[t=156.502022s, 68156 KB] New best heuristic value for landmark_sum_heuristic: 29
[t=156.502022s, 68156 KB] New best heuristic value for ff: 17
[t=156.502022s, 68156 KB] g=47, 336 evaluated, 335 expanded
[t=156.502022s, 68156 KB] New best heuristic value for landmark_sum_heuristic: 27
[t=156.502022s, 68156 KB] New best heuristic value for ff: 16
[t=156.502022s, 68156 KB] g=47, 337 evaluated, 336 expanded
[t=156.502022s, 68156 KB] New best heuristic value for landmark_sum_heuristic: 26
[t=156.502022s, 68156 KB] New best heuristic value for ff: 15
[t=156.502022s, 68156 KB] g=47, 338 evaluated, 337 expanded
[t=156.526030s, 68156 KB] New best heuristic value for landmark_sum_heuristic: 24
[t=156.526030s, 68156 KB] g=46, 387 evaluated, 386 expanded, 1 reopened
[t=156.526030s, 68156 KB] New best heuristic value for landmark_sum_heuristic: 22
[t=156.526030s, 68156 KB] New best heuristic value for ff: 13
[t=156.526030s, 68156 KB] g=47, 388 evaluated, 387 expanded, 1 reopened
[t=156.526030s, 68156 KB] New best heuristic value for landmark_sum_heuristic: 21
[t=156.526030s, 68156 KB] g=47, 390 evaluated, 389 expanded, 1 reopened
[t=190.326823s, 68156 KB] New best heuristic value for landmark_sum_heuristic: 19
[t=190.326823s, 68156 KB] g=47, 78726 evaluated, 78725 expanded, 2627 reopened
[t=190.570860s, 68156 KB] New best heuristic value for landmark_sum_heuristic: 17
[t=190.570860s, 68156 KB] g=47, 79439 evaluated, 79438 expanded, 2654 reopened
[t=190.830854s, 68156 KB] New best heuristic value for landmark_sum_heuristic: 15
[t=190.830854s, 68156 KB] g=47, 80184 evaluated, 80183 expanded, 2663 reopened
[t=191.062835s, 68156 KB] New best heuristic value for landmark_sum_heuristic: 13
[t=191.062835s, 68156 KB] g=47, 80869 evaluated, 80868 expanded, 2690 reopened
[t=191.326845s, 68156 KB] New best heuristic value for landmark_sum_heuristic: 11
[t=191.326845s, 68156 KB] g=47, 81604 evaluated, 81603 expanded, 2694 reopened
[t=191.630816s, 68156 KB] New best heuristic value for landmark_sum_heuristic: 9
[t=191.630816s, 68156 KB] g=47, 82426 evaluated, 82425 expanded, 2698 reopened
Peak memory: 132824 KB
caught signal 24 -- exiting
Time limit has been reached.
Remove intermediate file output.sas
search exit code: 23

Driver aborting after search
INFO     Planner time: 300.44s
