INFO     planner time limit: 300s
INFO     planner memory limit: 4096 MB

INFO     Running translator.
INFO     translator stdin: None
INFO     translator time limit: 299s
INFO     translator memory limit: 4096 MB
INFO     translator command line string: /usr/bin/python3 /home/buser/planopt/planopt-hs25/demo/fast-downward/builds/release/bin/translate/translate.py /home/buser/KRP_Project/Spider_NoAxioms/domain.pddl /home/buser/KRP_Project/Spider_NoAxioms/instances/sat_p07.pddl --sas-file output.sas
Parsing...
Parsing: [0.010s CPU, 0.005s wall-clock]
Normalizing task... [0.000s CPU, 0.000s wall-clock]
Instantiating...
Generating Datalog program... [0.000s CPU, 0.000s wall-clock]
Normalizing Datalog program...
Trivial rules: Converted to facts.
Normalizing Datalog program: [0.000s CPU, 0.002s wall-clock]
Preparing model... [0.000s CPU, 0.001s wall-clock]
Generated 129 rules.
Computing model... [0.140s CPU, 0.134s wall-clock]
13160 relevant atoms
13555 auxiliary atoms
26715 final queue length
85455 total queue pushes
Completing instantiation... [0.460s CPU, 0.473s wall-clock]
Instantiating: [0.620s CPU, 0.616s wall-clock]
Computing fact groups...
Finding invariants...
28 initial candidates
Finding invariants: [0.000s CPU, 0.004s wall-clock]
Checking invariant weight... [0.000s CPU, 0.000s wall-clock]
Instantiating groups... [0.000s CPU, 0.000s wall-clock]
Collecting mutex groups... [0.000s CPU, 0.000s wall-clock]
Choosing groups...
357 uncovered facts
Choosing groups: [0.000s CPU, 0.000s wall-clock]
Building translation key... [0.000s CPU, 0.000s wall-clock]
Computing fact groups: [0.000s CPU, 0.007s wall-clock]
Building STRIPS to SAS dictionary... [0.000s CPU, 0.000s wall-clock]
Building dictionary for full mutex groups... [0.000s CPU, 0.000s wall-clock]
Building mutex information...
Building mutex information: [0.000s CPU, 0.001s wall-clock]
Translating task...
Processing axioms...
Simplifying axioms... [0.000s CPU, 0.000s wall-clock]
Translator axioms removed by simplifying: 0
Processing axioms: [0.030s CPU, 0.026s wall-clock]
Translating task: [0.490s CPU, 0.489s wall-clock]
17542 effect conditions simplified
0 implied preconditions added
Detecting unreachable propositions...
0 operators removed
0 axioms removed
33 propositions removed
Detecting unreachable propositions: [0.270s CPU, 0.276s wall-clock]
Reordering and filtering variables...
376 of 378 variables necessary.
0 of 25 mutex groups necessary.
12057 of 12057 operators necessary.
0 of 0 axiom rules necessary.
Reordering and filtering variables: [0.220s CPU, 0.211s wall-clock]
Translator variables: 376
Translator derived variables: 0
Translator facts: 1081
Translator goal facts: 30
Translator mutex groups: 0
Translator total mutex groups size: 0
Translator operators: 12057
Translator axioms: 0
Translator task size: 180216
Translator peak memory: 121388 KB
Writing output... [0.090s CPU, 0.086s wall-clock]
Done! [1.720s CPU, 1.709s wall-clock]
translate exit code: 0

INFO     Running search (release).
INFO     search stdin: output.sas
INFO     search time limit: 298s
INFO     search memory limit: 4096 MB
INFO     search command line string: /home/buser/planopt/planopt-hs25/demo/fast-downward/builds/release/bin/downward --search --if-unit-cost 'let(hlm,landmark_sum(lm_reasonable_orders_hps(lm_rhw()),pref=false),let(hff,ff(),iterated([lazy_greedy([hff,hlm],preferred=[hff,hlm]),lazy_wastar([hff,hlm],preferred=[hff,hlm],w=5),lazy_wastar([hff,hlm],preferred=[hff,hlm],w=3),lazy_wastar([hff,hlm],preferred=[hff,hlm],w=2),lazy_wastar([hff,hlm],preferred=[hff,hlm],w=1)],repeat_last=true,continue_on_fail=true)))' --if-non-unit-cost 'let(hlm1,landmark_sum(lm_reasonable_orders_hps(lm_rhw()),transform=adapt_costs(one),pref=false),let(hff1,ff(transform=adapt_costs(one)),let(hlm2,landmark_sum(lm_reasonable_orders_hps(lm_rhw()),transform=adapt_costs(plusone),pref=false),let(hff2,ff(transform=adapt_costs(plusone)),iterated([lazy_greedy([hff1,hlm1],preferred=[hff1,hlm1],cost_type=one,reopen_closed=false),lazy_greedy([hff2,hlm2],preferred=[hff2,hlm2],reopen_closed=false),lazy_wastar([hff2,hlm2],preferred=[hff2,hlm2],w=5),lazy_wastar([hff2,hlm2],preferred=[hff2,hlm2],w=3),lazy_wastar([hff2,hlm2],preferred=[hff2,hlm2],w=2),lazy_wastar([hff2,hlm2],preferred=[hff2,hlm2],w=1)],repeat_last=true,continue_on_fail=true)))))' --always --internal-plan-file /home/buser/KRP_Project/runs/noaxioms_sat_p07_lama.plan < output.sas
[t=0.000000s, 14580 KB] reading input...
[t=0.059603s, 20860 KB] done reading input!
[t=0.059603s, 21248 KB] Initializing landmark sum heuristic...
[t=0.059603s, 21248 KB] Generating landmark graph...
[t=0.063611s, 21380 KB] Building a landmark graph with reasonable orders.
[t=0.063611s, 21776 KB] Initializing Exploration...
[t=0.071611s, 30272 KB] Generating landmarks using the RPG/SAS+ approach
[t=0.679791s, 32044 KB] Landmarks generation time: 0.616180s
[t=0.679791s, 32044 KB] Discovered 241 landmarks, of which 28 are disjunctive and 0 are conjunctive.
[t=0.679791s, 32044 KB] 1591 edges
[t=0.679791s, 32044 KB] approx. reasonable orders
[t=0.795819s, 32044 KB] Landmarks generation time: 0.736216s
[t=0.795819s, 32044 KB] Discovered 241 landmarks, of which 28 are disjunctive and 0 are conjunctive.
[t=0.795819s, 32044 KB] 1681 edges
[t=0.795819s, 32044 KB] Landmark graph generation time: 0.736216s
[t=0.795819s, 32044 KB] Landmark graph contains 241 landmarks, of which 28 are disjunctive and 0 are conjunctive.
[t=0.795819s, 32044 KB] Landmark graph contains 1681 orderings.
[t=0.803817s, 33484 KB] Simplifying 68209 unary operators... done! [68209 unary operators]
[t=0.851830s, 35464 KB] time to simplify: 0.048014s
[t=0.855845s, 38384 KB] Initializing additive heuristic...
[t=0.855845s, 38384 KB] Initializing FF heuristic...
[t=0.855845s, 38384 KB] Initializing landmark sum heuristic...
[t=0.855845s, 38384 KB] Generating landmark graph...
[t=0.855845s, 38384 KB] Building a landmark graph with reasonable orders.
[t=0.855845s, 38384 KB] Initializing Exploration...
[t=0.859833s, 39260 KB] Generating landmarks using the RPG/SAS+ approach
[t=1.500023s, 41000 KB] Landmarks generation time: 0.644177s
[t=1.500023s, 41000 KB] Discovered 241 landmarks, of which 28 are disjunctive and 0 are conjunctive.
[t=1.500023s, 41000 KB] 1591 edges
[t=1.500023s, 41000 KB] approx. reasonable orders
[t=1.632046s, 41000 KB] Landmarks generation time: 0.776200s
[t=1.632046s, 41000 KB] Discovered 241 landmarks, of which 28 are disjunctive and 0 are conjunctive.
[t=1.632046s, 41000 KB] 1681 edges
[t=1.632046s, 41000 KB] Landmark graph generation time: 0.776200s
[t=1.632046s, 41000 KB] Landmark graph contains 241 landmarks, of which 28 are disjunctive and 0 are conjunctive.
[t=1.632046s, 41000 KB] Landmark graph contains 1681 orderings.
[t=1.636054s, 43560 KB] Simplifying 68209 unary operators... done! [68209 unary operators]
[t=1.712072s, 44352 KB] time to simplify: 0.076017s
[t=1.716083s, 48884 KB] Initializing additive heuristic...
[t=1.716083s, 48884 KB] Initializing FF heuristic...
[t=1.716083s, 48884 KB] Building successor generator...done!
[t=1.720076s, 48884 KB] peak memory difference for successor generator creation: 0 KB
[t=1.720076s, 48884 KB] time for successor generation creation: 0.003993s
[t=1.720076s, 48884 KB] Variables: 376
[t=1.720076s, 48884 KB] FactPairs: 1081
[t=1.720076s, 48884 KB] Bytes per state: 60
[t=1.720076s, 48884 KB] Building successor generator...done!
[t=1.720076s, 48884 KB] peak memory difference for successor generator creation: 0 KB
[t=1.720076s, 48884 KB] time for successor generation creation: 0.000000s
[t=1.720076s, 48884 KB] Variables: 376
[t=1.720076s, 48884 KB] FactPairs: 1081
[t=1.720076s, 48884 KB] Bytes per state: 60
[t=1.720076s, 48884 KB] Starting search: lazy_greedy
[t=1.720076s, 48884 KB] Conducting lazy best first search, (real) bound = 2147483647
[t=1.720076s, 48884 KB] New best heuristic value for landmark_sum_heuristic: 122
[t=1.720076s, 48884 KB] New best heuristic value for ff: 105
[t=1.720076s, 48884 KB] g=0, 1 evaluated, 0 expanded
[t=1.720076s, 48884 KB] Initial heuristic value for landmark_sum_heuristic: 122
[t=1.720076s, 48884 KB] Initial heuristic value for ff: 105
[t=1.724079s, 48884 KB] New best heuristic value for landmark_sum_heuristic: 120
[t=1.724079s, 48884 KB] g=1, 2 evaluated, 1 expanded
[t=1.724079s, 48884 KB] New best heuristic value for landmark_sum_heuristic: 119
[t=1.724079s, 48884 KB] g=2, 3 evaluated, 2 expanded
[t=1.728078s, 48884 KB] New best heuristic value for ff: 98
[t=1.728078s, 48884 KB] g=1, 6 evaluated, 5 expanded
[t=1.732078s, 48884 KB] New best heuristic value for landmark_sum_heuristic: 117
[t=1.732078s, 48884 KB] g=4, 11 evaluated, 10 expanded
[t=1.732078s, 48884 KB] New best heuristic value for landmark_sum_heuristic: 115
[t=1.732078s, 48884 KB] New best heuristic value for ff: 96
[t=1.732078s, 48884 KB] g=7, 14 evaluated, 13 expanded
[t=1.736079s, 48884 KB] New best heuristic value for landmark_sum_heuristic: 113
[t=1.736079s, 48884 KB] g=9, 16 evaluated, 15 expanded
[t=1.736079s, 48884 KB] New best heuristic value for landmark_sum_heuristic: 112
[t=1.736079s, 48884 KB] g=11, 18 evaluated, 17 expanded
[t=1.740083s, 48884 KB] New best heuristic value for landmark_sum_heuristic: 110
[t=1.740083s, 48884 KB] g=12, 19 evaluated, 18 expanded
[t=1.740083s, 48884 KB] New best heuristic value for landmark_sum_heuristic: 109
[t=1.740083s, 48884 KB] g=13, 21 evaluated, 20 expanded
[t=1.740083s, 48884 KB] New best heuristic value for landmark_sum_heuristic: 108
[t=1.740083s, 48884 KB] g=14, 22 evaluated, 21 expanded
[t=1.744083s, 48884 KB] New best heuristic value for ff: 95
[t=1.744083s, 48884 KB] g=17, 28 evaluated, 27 expanded
[t=1.748082s, 48884 KB] New best heuristic value for landmark_sum_heuristic: 106
[t=1.748082s, 48884 KB] g=18, 29 evaluated, 28 expanded
[t=1.748082s, 48884 KB] New best heuristic value for landmark_sum_heuristic: 105
[t=1.748082s, 48884 KB] g=19, 30 evaluated, 29 expanded
[t=1.748082s, 48884 KB] New best heuristic value for landmark_sum_heuristic: 103
[t=1.748082s, 48884 KB] g=20, 31 evaluated, 30 expanded
[t=1.748082s, 48884 KB] New best heuristic value for ff: 94
[t=1.748082s, 48884 KB] g=21, 32 evaluated, 31 expanded
[t=1.752083s, 48884 KB] New best heuristic value for landmark_sum_heuristic: 101
[t=1.752083s, 48884 KB] g=23, 34 evaluated, 33 expanded
[t=1.752083s, 48884 KB] New best heuristic value for landmark_sum_heuristic: 100
[t=1.752083s, 48884 KB] g=24, 35 evaluated, 34 expanded
[t=1.752083s, 48884 KB] New best heuristic value for landmark_sum_heuristic: 98
[t=1.752083s, 48884 KB] g=25, 36 evaluated, 35 expanded
[t=1.756086s, 48884 KB] New best heuristic value for landmark_sum_heuristic: 97
[t=1.756086s, 48884 KB] g=27, 38 evaluated, 37 expanded
[t=1.756086s, 48884 KB] New best heuristic value for landmark_sum_heuristic: 96
[t=1.756086s, 48884 KB] g=28, 39 evaluated, 38 expanded
[t=1.756086s, 48884 KB] New best heuristic value for landmark_sum_heuristic: 95
[t=1.756086s, 48884 KB] g=29, 43 evaluated, 41 expanded
[t=1.760088s, 48884 KB] New best heuristic value for landmark_sum_heuristic: 94
[t=1.760088s, 48884 KB] g=30, 44 evaluated, 42 expanded
[t=1.776111s, 48884 KB] New best heuristic value for landmark_sum_heuristic: 93
[t=1.776111s, 48884 KB] g=39, 68 evaluated, 61 expanded
[t=1.788114s, 48884 KB] New best heuristic value for landmark_sum_heuristic: 92
[t=1.788114s, 48884 KB] New best heuristic value for ff: 93
[t=1.788114s, 48884 KB] g=48, 85 evaluated, 76 expanded
[t=1.788114s, 48884 KB] New best heuristic value for ff: 92
[t=1.788114s, 48884 KB] g=49, 86 evaluated, 77 expanded
[t=1.788114s, 48884 KB] New best heuristic value for ff: 91
[t=1.788114s, 48884 KB] g=50, 87 evaluated, 78 expanded
[t=1.792095s, 48884 KB] New best heuristic value for landmark_sum_heuristic: 91
[t=1.792095s, 48884 KB] g=53, 92 evaluated, 82 expanded
[t=1.792095s, 48884 KB] New best heuristic value for ff: 90
[t=1.792095s, 48884 KB] g=55, 94 evaluated, 84 expanded
[t=1.796096s, 48884 KB] New best heuristic value for landmark_sum_heuristic: 90
[t=1.796096s, 48884 KB] g=58, 98 evaluated, 88 expanded
[t=1.804098s, 48884 KB] New best heuristic value for landmark_sum_heuristic: 89
[t=1.804098s, 48884 KB] g=65, 110 evaluated, 98 expanded
[t=1.804098s, 48884 KB] New best heuristic value for ff: 82
[t=1.804098s, 48884 KB] g=66, 112 evaluated, 100 expanded
[t=1.804098s, 48884 KB] New best heuristic value for landmark_sum_heuristic: 86
[t=1.804098s, 48884 KB] g=67, 113 evaluated, 101 expanded
[t=1.808099s, 48884 KB] New best heuristic value for landmark_sum_heuristic: 85
[t=1.808099s, 48884 KB] g=68, 114 evaluated, 102 expanded
[t=1.808099s, 48884 KB] New best heuristic value for ff: 79
[t=1.808099s, 48884 KB] g=69, 116 evaluated, 104 expanded
[t=1.808099s, 48884 KB] New best heuristic value for landmark_sum_heuristic: 84
[t=1.808099s, 48884 KB] g=70, 117 evaluated, 105 expanded
[t=1.808099s, 48884 KB] New best heuristic value for landmark_sum_heuristic: 83
[t=1.808099s, 48884 KB] g=71, 118 evaluated, 106 expanded
[t=1.812099s, 48884 KB] New best heuristic value for landmark_sum_heuristic: 82
[t=1.812099s, 48884 KB] g=73, 125 evaluated, 112 expanded
[t=1.816100s, 48884 KB] New best heuristic value for landmark_sum_heuristic: 81
[t=1.816100s, 48884 KB] g=77, 132 evaluated, 118 expanded
[t=1.820103s, 48884 KB] New best heuristic value for ff: 72
[t=1.820103s, 48884 KB] g=78, 134 evaluated, 119 expanded
[t=1.820103s, 48884 KB] New best heuristic value for landmark_sum_heuristic: 78
[t=1.820103s, 48884 KB] g=79, 135 evaluated, 120 expanded
[t=1.820103s, 48884 KB] New best heuristic value for landmark_sum_heuristic: 77
[t=1.820103s, 48884 KB] g=80, 136 evaluated, 121 expanded
[t=1.828108s, 48884 KB] New best heuristic value for landmark_sum_heuristic: 76
[t=1.828108s, 48884 KB] g=83, 148 evaluated, 128 expanded
[t=1.828108s, 48884 KB] New best heuristic value for landmark_sum_heuristic: 75
[t=1.828108s, 48884 KB] g=84, 149 evaluated, 129 expanded
[t=1.868117s, 48884 KB] New best heuristic value for landmark_sum_heuristic: 74
[t=1.868117s, 48884 KB] g=93, 219 evaluated, 177 expanded
[t=7.616411s, 48884 KB] New best heuristic value for landmark_sum_heuristic: 72
[t=7.616411s, 48884 KB] New best heuristic value for ff: 70
[t=7.616411s, 48884 KB] g=85, 9085 evaluated, 7457 expanded
[t=7.616411s, 48884 KB] New best heuristic value for landmark_sum_heuristic: 69
[t=7.616411s, 48884 KB] New best heuristic value for ff: 69
[t=7.616411s, 48884 KB] g=86, 9086 evaluated, 7458 expanded
[t=8.101915s, 48884 KB] New best heuristic value for ff: 68
[t=8.101915s, 48884 KB] g=102, 9808 evaluated, 8074 expanded
[t=8.101915s, 48884 KB] New best heuristic value for ff: 65
[t=8.101915s, 48884 KB] g=103, 9809 evaluated, 8075 expanded
[t=8.101915s, 48884 KB] New best heuristic value for ff: 59
[t=8.101915s, 48884 KB] g=104, 9810 evaluated, 8076 expanded
[t=8.101915s, 48884 KB] New best heuristic value for landmark_sum_heuristic: 67
[t=8.101915s, 48884 KB] g=105, 9811 evaluated, 8077 expanded
[t=8.105894s, 48884 KB] New best heuristic value for landmark_sum_heuristic: 63
[t=8.105894s, 48884 KB] g=106, 9812 evaluated, 8078 expanded
[t=8.105894s, 48884 KB] New best heuristic value for landmark_sum_heuristic: 62
[t=8.105894s, 48884 KB] g=108, 9816 evaluated, 8081 expanded
[t=8.109875s, 48884 KB] New best heuristic value for landmark_sum_heuristic: 61
[t=8.109875s, 48884 KB] New best heuristic value for ff: 58
[t=8.109875s, 48884 KB] g=112, 9822 evaluated, 8086 expanded
[t=8.109875s, 48884 KB] New best heuristic value for ff: 57
[t=8.109875s, 48884 KB] g=113, 9823 evaluated, 8087 expanded
[t=8.113853s, 48884 KB] New best heuristic value for landmark_sum_heuristic: 60
[t=8.113853s, 48884 KB] g=115, 9828 evaluated, 8090 expanded
[t=8.113853s, 48884 KB] New best heuristic value for landmark_sum_heuristic: 59
[t=8.113853s, 48884 KB] g=116, 9829 evaluated, 8091 expanded
[t=9.257244s, 48884 KB] New best heuristic value for ff: 56
[t=9.257244s, 48884 KB] g=115, 11675 evaluated, 9511 expanded
[t=28.135665s, 48884 KB] New best heuristic value for ff: 55
[t=28.135665s, 48884 KB] g=106, 41609 evaluated, 33255 expanded
[t=28.139660s, 48884 KB] New best heuristic value for landmark_sum_heuristic: 58
[t=28.139660s, 48884 KB] g=108, 41611 evaluated, 33257 expanded
[t=28.143661s, 48884 KB] New best heuristic value for ff: 54
[t=28.143661s, 48884 KB] g=112, 41622 evaluated, 33267 expanded
[t=28.147653s, 48884 KB] New best heuristic value for ff: 53
[t=28.147653s, 48884 KB] g=113, 41624 evaluated, 33269 expanded
[t=28.147653s, 48884 KB] New best heuristic value for ff: 52
[t=28.147653s, 48884 KB] g=114, 41626 evaluated, 33271 expanded
[t=28.155640s, 48884 KB] New best heuristic value for landmark_sum_heuristic: 57
[t=28.155640s, 48884 KB] g=115, 41640 evaluated, 33281 expanded
[t=28.155640s, 48884 KB] New best heuristic value for landmark_sum_heuristic: 56
[t=28.155640s, 48884 KB] g=117, 41644 evaluated, 33285 expanded
[t=28.159639s, 48884 KB] New best heuristic value for ff: 48
[t=28.159639s, 48884 KB] g=118, 41645 evaluated, 33286 expanded
[t=28.167626s, 48884 KB] New best heuristic value for landmark_sum_heuristic: 55
[t=28.167626s, 48884 KB] g=125, 41662 evaluated, 33299 expanded
[t=28.263506s, 48884 KB] New best heuristic value for ff: 41
[t=28.263506s, 48884 KB] g=142, 41846 evaluated, 33450 expanded
[t=28.267506s, 48884 KB] New best heuristic value for landmark_sum_heuristic: 54
[t=28.267506s, 48884 KB] g=143, 41847 evaluated, 33451 expanded
[t=28.267506s, 48884 KB] New best heuristic value for landmark_sum_heuristic: 52
[t=28.267506s, 48884 KB] New best heuristic value for ff: 37
[t=28.267506s, 48884 KB] g=144, 41848 evaluated, 33452 expanded
[t=28.267506s, 48884 KB] New best heuristic value for landmark_sum_heuristic: 50
[t=28.267506s, 48884 KB] New best heuristic value for ff: 36
[t=28.267506s, 48884 KB] g=145, 41849 evaluated, 33453 expanded
[t=28.267506s, 48884 KB] New best heuristic value for landmark_sum_heuristic: 48
[t=28.267506s, 48884 KB] New best heuristic value for ff: 32
[t=28.267506s, 48884 KB] g=146, 41850 evaluated, 33454 expanded
[t=28.267506s, 48884 KB] New best heuristic value for landmark_sum_heuristic: 45
[t=28.267506s, 48884 KB] g=147, 41851 evaluated, 33455 expanded
[t=28.267506s, 48884 KB] New best heuristic value for landmark_sum_heuristic: 42
[t=28.267506s, 48884 KB] New best heuristic value for ff: 31
[t=28.267506s, 48884 KB] g=148, 41852 evaluated, 33456 expanded
[t=28.267506s, 48884 KB] New best heuristic value for ff: 30
[t=28.267506s, 48884 KB] g=149, 41853 evaluated, 33457 expanded
[t=28.271501s, 48884 KB] New best heuristic value for landmark_sum_heuristic: 40
[t=28.271501s, 48884 KB] g=150, 41855 evaluated, 33458 expanded
[t=28.271501s, 48884 KB] New best heuristic value for landmark_sum_heuristic: 39
[t=28.271501s, 48884 KB] New best heuristic value for ff: 29
[t=28.271501s, 48884 KB] g=154, 41859 evaluated, 33462 expanded
[t=28.271501s, 48884 KB] New best heuristic value for ff: 28
[t=28.271501s, 48884 KB] g=155, 41860 evaluated, 33463 expanded
[t=28.275494s, 48884 KB] New best heuristic value for ff: 27
[t=28.275494s, 48884 KB] g=157, 41865 evaluated, 33467 expanded
[t=28.275494s, 48884 KB] New best heuristic value for ff: 26
[t=28.275494s, 48884 KB] g=158, 41866 evaluated, 33468 expanded
[t=28.279488s, 48884 KB] New best heuristic value for ff: 25
[t=28.279488s, 48884 KB] g=163, 41875 evaluated, 33476 expanded
[t=28.279488s, 48884 KB] New best heuristic value for landmark_sum_heuristic: 38
[t=28.279488s, 48884 KB] New best heuristic value for ff: 24
[t=28.279488s, 48884 KB] g=164, 41876 evaluated, 33477 expanded
[t=28.279488s, 48884 KB] New best heuristic value for ff: 23
[t=28.279488s, 48884 KB] g=165, 41877 evaluated, 33478 expanded
[t=28.279488s, 48884 KB] New best heuristic value for landmark_sum_heuristic: 37
[t=28.279488s, 48884 KB] New best heuristic value for ff: 21
[t=28.279488s, 48884 KB] g=166, 41878 evaluated, 33479 expanded
[t=28.283483s, 48884 KB] New best heuristic value for landmark_sum_heuristic: 35
[t=28.283483s, 48884 KB] New best heuristic value for ff: 20
[t=28.283483s, 48884 KB] g=167, 41879 evaluated, 33480 expanded
[t=28.283483s, 48884 KB] New best heuristic value for landmark_sum_heuristic: 33
[t=28.283483s, 48884 KB] New best heuristic value for ff: 19
[t=28.283483s, 48884 KB] g=168, 41880 evaluated, 33481 expanded
[t=28.283483s, 48884 KB] New best heuristic value for landmark_sum_heuristic: 31
[t=28.283483s, 48884 KB] New best heuristic value for ff: 18
[t=28.283483s, 48884 KB] g=169, 41881 evaluated, 33482 expanded
[t=28.283483s, 48884 KB] New best heuristic value for landmark_sum_heuristic: 29
[t=28.283483s, 48884 KB] g=170, 41882 evaluated, 33483 expanded
[t=28.283483s, 48884 KB] New best heuristic value for landmark_sum_heuristic: 27
[t=28.283483s, 48884 KB] New best heuristic value for ff: 16
[t=28.283483s, 48884 KB] g=171, 41883 evaluated, 33484 expanded
[t=28.283483s, 48884 KB] New best heuristic value for landmark_sum_heuristic: 23
[t=28.283483s, 48884 KB] New best heuristic value for ff: 15
[t=28.283483s, 48884 KB] g=172, 41884 evaluated, 33485 expanded
[t=28.283483s, 48884 KB] New best heuristic value for landmark_sum_heuristic: 22
[t=28.283483s, 48884 KB] New best heuristic value for ff: 14
[t=28.283483s, 48884 KB] g=173, 41885 evaluated, 33486 expanded
[t=28.287485s, 48884 KB] New best heuristic value for landmark_sum_heuristic: 21
[t=28.287485s, 48884 KB] g=174, 41886 evaluated, 33487 expanded
[t=28.287485s, 48884 KB] New best heuristic value for landmark_sum_heuristic: 20
[t=28.287485s, 48884 KB] g=175, 41887 evaluated, 33488 expanded
[t=28.287485s, 48884 KB] New best heuristic value for landmark_sum_heuristic: 19
[t=28.287485s, 48884 KB] New best heuristic value for ff: 13
[t=28.287485s, 48884 KB] g=176, 41889 evaluated, 33490 expanded
[t=28.287485s, 48884 KB] New best heuristic value for ff: 12
[t=28.287485s, 48884 KB] g=177, 41892 evaluated, 33493 expanded
[t=28.291488s, 48884 KB] New best heuristic value for ff: 11
[t=28.291488s, 48884 KB] g=178, 41893 evaluated, 33494 expanded
[t=28.291488s, 48884 KB] New best heuristic value for landmark_sum_heuristic: 18
[t=28.291488s, 48884 KB] New best heuristic value for ff: 10
[t=28.291488s, 48884 KB] g=179, 41895 evaluated, 33495 expanded
[t=28.291488s, 48884 KB] New best heuristic value for landmark_sum_heuristic: 17
[t=28.291488s, 48884 KB] g=182, 41902 evaluated, 33501 expanded
[t=28.291488s, 48884 KB] New best heuristic value for landmark_sum_heuristic: 16
[t=28.291488s, 48884 KB] New best heuristic value for ff: 9
[t=28.295468s, 48884 KB] g=183, 41903 evaluated, 33502 expanded
[t=28.295468s, 48884 KB] New best heuristic value for landmark_sum_heuristic: 15
[t=28.295468s, 48884 KB] g=187, 41909 evaluated, 33507 expanded
[t=28.295468s, 48884 KB] New best heuristic value for landmark_sum_heuristic: 14
[t=28.295468s, 48884 KB] New best heuristic value for ff: 8
[t=28.295468s, 48884 KB] g=188, 41910 evaluated, 33508 expanded
[t=28.295468s, 48884 KB] New best heuristic value for landmark_sum_heuristic: 12
[t=28.295468s, 48884 KB] New best heuristic value for ff: 6
[t=28.295468s, 48884 KB] g=189, 41911 evaluated, 33509 expanded
[t=28.295468s, 48884 KB] New best heuristic value for landmark_sum_heuristic: 10
[t=28.295468s, 48884 KB] New best heuristic value for ff: 5
[t=28.295468s, 48884 KB] g=190, 41912 evaluated, 33510 expanded
[t=28.295468s, 48884 KB] New best heuristic value for landmark_sum_heuristic: 8
[t=28.295468s, 48884 KB] New best heuristic value for ff: 4
[t=28.295468s, 48884 KB] g=191, 41913 evaluated, 33511 expanded
[t=28.299465s, 48884 KB] New best heuristic value for landmark_sum_heuristic: 6
[t=28.299465s, 48884 KB] New best heuristic value for ff: 3
[t=28.299465s, 48884 KB] g=192, 41914 evaluated, 33512 expanded
[t=28.299465s, 48884 KB] New best heuristic value for landmark_sum_heuristic: 4
[t=28.299465s, 48884 KB] New best heuristic value for ff: 2
[t=28.299465s, 48884 KB] g=193, 41915 evaluated, 33513 expanded
[t=28.299465s, 48884 KB] New best heuristic value for landmark_sum_heuristic: 2
[t=28.299465s, 48884 KB] New best heuristic value for ff: 1
[t=28.299465s, 48884 KB] g=194, 41916 evaluated, 33514 expanded
[t=28.299465s, 48884 KB] Solution found!
[t=28.299465s, 48884 KB] Actual search time: 26.579389s
move-to-card card-d1-s0-v3 card-d0-s1-v0 card-d1-s1-v4 pile-3 (1)
change-tableau-and-stop card-d1-s0-v3 pile-0 pile-3 (0)
make-unmovable-and-continue card-d1-s1-v4 card-d1-s1-v5 (0)
make-unmovable-and-stop-at-unmovable card-d1-s1-v5 card-d0-s0-v4 (0)
make-movable-and-stop card-d0-s1-v0 card-d0-s0-v0 (0)
start-dealing  (1)
deal-card card-d1-s1-v1 card-d1-s0-v2 deal-0 card-d0-s1-v0 pile-0 (0)
make-unmovable-and-stop-at-unmovable card-d0-s1-v0 card-d0-s0-v0 (0)
deal-card card-d1-s0-v2 card-d0-s0-v5 deal-0 card-d1-s1-v3 pile-1 (0)
make-unmovable-and-continue card-d1-s1-v3 card-d0-s1-v4 (0)
make-unmovable-and-stop-at-unmovable card-d0-s1-v4 card-d0-s0-v1 (0)
deal-card card-d0-s0-v5 card-d0-s0-v3 deal-0 card-d1-s0-v1 pile-2 (0)
make-unmovable-and-stop-at-unmovable card-d1-s0-v1 card-d1-s0-v5 (0)
deal-card card-d0-s0-v3 deal-0 deal-0 card-d1-s0-v3 pile-3 (0)
make-unmovable-and-stop-at-unmovable card-d1-s0-v3 card-d1-s1-v4 (0)
finish-dealing deal-0 deal-1 (0)
move-to-card card-d1-s0-v2 card-d1-s1-v3 card-d0-s0-v3 pile-3 (1)
change-tableau-and-stop card-d1-s0-v2 pile-1 pile-3 (0)
make-movable-and-continue card-d1-s1-v3 card-d0-s1-v4 (0)
make-movable-and-stop card-d0-s1-v4 card-d0-s0-v1 (0)
move-to-card card-d1-s1-v1 card-d0-s1-v0 card-d1-s0-v2 pile-3 (1)
change-tableau-and-stop card-d1-s1-v1 pile-0 pile-3 (0)
make-unmovable-and-continue card-d1-s0-v2 card-d0-s0-v3 (0)
make-unmovable-and-stop-at-unmovable card-d0-s0-v3 card-d1-s0-v3 (0)
make-movable-and-stop card-d0-s1-v0 card-d0-s0-v0 (0)
move-to-card card-d0-s1-v0 card-d0-s0-v0 card-d1-s1-v1 pile-3 (1)
change-tableau-and-stop card-d0-s1-v0 pile-0 pile-3 (0)
make-movable-and-stop card-d0-s0-v0 card-d1-s1-v2 (0)
move-to-card card-d0-s1-v4 card-d0-s0-v1 card-d0-s0-v5 pile-2 (1)
change-tableau-and-continue card-d0-s1-v4 pile-1 pile-2 card-d1-s1-v3 (0)
change-tableau-and-stop card-d1-s1-v3 pile-1 pile-2 (0)
make-unmovable-and-stop-at-unmovable card-d0-s0-v5 card-d1-s0-v1 (0)
make-movable-and-stop card-d0-s0-v1 card-d1-s0-v4 (0)
move-to-card card-d0-s0-v0 card-d1-s1-v2 card-d0-s0-v1 pile-1 (1)
change-tableau-and-stop card-d0-s0-v0 pile-0 pile-1 (0)
make-movable-and-stop card-d1-s1-v2 pile-0 (0)
move-to-card card-d1-s1-v1 card-d1-s0-v2 card-d1-s1-v2 pile-0 (1)
change-tableau-and-continue card-d1-s1-v1 pile-3 pile-0 card-d0-s1-v0 (0)
change-tableau-and-stop card-d0-s1-v0 pile-3 pile-0 (0)
make-movable-and-continue card-d1-s0-v2 card-d0-s0-v3 (0)
make-movable-and-stop card-d0-s0-v3 card-d1-s0-v3 (0)
move-to-card card-d0-s0-v1 card-d1-s0-v4 card-d1-s0-v2 pile-3 (1)
change-tableau-and-continue card-d0-s0-v1 pile-1 pile-3 card-d0-s0-v0 (0)
change-tableau-and-stop card-d0-s0-v0 pile-1 pile-3 (0)
make-movable-and-stop card-d1-s0-v4 pile-1 (0)
move-to-card card-d0-s0-v3 card-d1-s0-v3 card-d1-s0-v4 pile-1 (1)
change-tableau-and-continue card-d0-s0-v3 pile-3 pile-1 card-d1-s0-v2 (0)
change-tableau-and-continue card-d1-s0-v2 pile-3 pile-1 card-d0-s0-v1 (0)
change-tableau-and-continue card-d0-s0-v1 pile-3 pile-1 card-d0-s0-v0 (0)
change-tableau-and-stop card-d0-s0-v0 pile-3 pile-1 (0)
make-movable-and-stop card-d1-s0-v3 card-d1-s1-v4 (0)
move-to-card card-d1-s0-v2 card-d0-s0-v3 card-d1-s0-v3 pile-3 (1)
change-tableau-and-continue card-d1-s0-v2 pile-1 pile-3 card-d0-s0-v1 (0)
change-tableau-and-continue card-d0-s0-v1 pile-1 pile-3 card-d0-s0-v0 (0)
change-tableau-and-stop card-d0-s0-v0 pile-1 pile-3 (0)
move-to-card card-d1-s1-v2 pile-0 card-d1-s1-v3 pile-2 (1)
change-tableau-and-continue card-d1-s1-v2 pile-0 pile-2 card-d1-s1-v1 (0)
change-tableau-and-continue card-d1-s1-v1 pile-0 pile-2 card-d0-s1-v0 (0)
change-tableau-and-stop card-d0-s1-v0 pile-0 pile-2 (0)
make-movable-ignore-pile pile-0 (0)
move-to-tableau card-d0-s1-v4 card-d0-s0-v5 pile-0 (1)
change-tableau-and-continue card-d0-s1-v4 pile-2 pile-0 card-d1-s1-v3 (0)
change-tableau-and-continue card-d1-s1-v3 pile-2 pile-0 card-d1-s1-v2 (0)
change-tableau-and-continue card-d1-s1-v2 pile-2 pile-0 card-d1-s1-v1 (0)
change-tableau-and-continue card-d1-s1-v1 pile-2 pile-0 card-d0-s1-v0 (0)
change-tableau-and-stop card-d0-s1-v0 pile-2 pile-0 (0)
make-movable-and-stop card-d0-s0-v5 card-d1-s0-v1 (0)
move-to-card card-d1-s0-v4 pile-1 card-d0-s0-v5 pile-2 (1)
change-tableau-and-continue card-d1-s0-v4 pile-1 pile-2 card-d0-s0-v3 (0)
change-tableau-and-stop card-d0-s0-v3 pile-1 pile-2 (0)
make-movable-ignore-pile pile-1 (0)
move-to-tableau card-d0-s0-v5 card-d1-s0-v1 pile-1 (1)
change-tableau-and-continue card-d0-s0-v5 pile-2 pile-1 card-d1-s0-v4 (0)
change-tableau-and-continue card-d1-s0-v4 pile-2 pile-1 card-d0-s0-v3 (0)
change-tableau-and-stop card-d0-s0-v3 pile-2 pile-1 (0)
make-movable-and-stop card-d1-s0-v1 card-d1-s0-v5 (0)
move-to-card card-d0-s0-v0 card-d0-s0-v1 card-d1-s0-v1 pile-2 (1)
change-tableau-and-stop card-d0-s0-v0 pile-3 pile-2 (0)
start-dealing  (1)
deal-card card-d0-s1-v1 card-d0-s0-v2 deal-1 card-d0-s1-v0 pile-0 (0)
make-unmovable-and-continue card-d0-s1-v0 card-d1-s1-v1 (0)
make-unmovable-and-continue card-d1-s1-v1 card-d1-s1-v2 (0)
make-unmovable-and-continue card-d1-s1-v2 card-d1-s1-v3 (0)
make-unmovable-and-continue card-d1-s1-v3 card-d0-s1-v4 (0)
make-unmovable-and-stop-at-tableau card-d0-s1-v4 pile-0 (0)
deal-card card-d0-s0-v2 card-d0-s1-v2 deal-1 card-d0-s0-v3 pile-1 (0)
deal-card card-d0-s1-v2 card-d1-s0-v0 deal-1 card-d0-s0-v0 pile-2 (0)
make-unmovable-and-continue card-d0-s0-v0 card-d1-s0-v1 (0)
make-unmovable-and-stop-at-unmovable card-d1-s0-v1 card-d1-s0-v5 (0)
deal-card card-d1-s0-v0 deal-1 deal-1 card-d0-s0-v1 pile-3 (0)
finish-dealing deal-1 deal-2 (0)
move-to-card card-d0-s1-v1 card-d0-s1-v0 card-d0-s1-v2 pile-2 (1)
change-tableau-and-stop card-d0-s1-v1 pile-0 pile-2 (0)
make-movable-and-continue card-d0-s1-v0 card-d1-s1-v1 (0)
make-movable-and-continue card-d1-s1-v1 card-d1-s1-v2 (0)
make-movable-and-continue card-d1-s1-v2 card-d1-s1-v3 (0)
make-movable-and-continue card-d1-s1-v3 card-d0-s1-v4 (0)
make-movable-and-stop card-d0-s1-v4 pile-0 (0)
move-to-card card-d0-s0-v1 card-d1-s0-v2 card-d0-s0-v2 pile-1 (1)
change-tableau-and-continue card-d0-s0-v1 pile-3 pile-1 card-d1-s0-v0 (0)
change-tableau-and-stop card-d1-s0-v0 pile-3 pile-1 (0)
start-collecting-deck card-d1-s0-v0 (1)
collect-card card-d1-s0-v0 card-d0-s0-v1 pile-1 (0)
collect-card card-d0-s0-v1 card-d0-s0-v2 pile-1 (0)
collect-card card-d0-s0-v2 card-d0-s0-v3 pile-1 (0)
collect-card card-d0-s0-v3 card-d1-s0-v4 pile-1 (0)
collect-card card-d1-s0-v4 card-d0-s0-v5 pile-1 (0)
finish-collecting-deck card-d0-s0-v5 pile-1 pile-1 (0)
make-movable-ignore-pile pile-1 (0)
move-to-tableau card-d0-s1-v2 card-d0-s0-v0 pile-1 (1)
change-tableau-and-continue card-d0-s1-v2 pile-2 pile-1 card-d0-s1-v1 (0)
change-tableau-and-stop card-d0-s1-v1 pile-2 pile-1 (0)
make-movable-and-continue card-d0-s0-v0 card-d1-s0-v1 (0)
make-movable-and-stop card-d1-s0-v1 card-d1-s0-v5 (0)
move-to-card card-d1-s0-v1 card-d1-s0-v5 card-d1-s0-v2 pile-3 (1)
change-tableau-and-continue card-d1-s0-v1 pile-2 pile-3 card-d0-s0-v0 (0)
change-tableau-and-stop card-d0-s0-v0 pile-2 pile-3 (0)
make-movable-and-stop card-d1-s0-v5 card-d1-s1-v0 (0)
move-to-card card-d0-s1-v4 pile-0 card-d1-s0-v5 pile-2 (1)
change-tableau-and-continue card-d0-s1-v4 pile-0 pile-2 card-d1-s1-v3 (0)
change-tableau-and-continue card-d1-s1-v3 pile-0 pile-2 card-d1-s1-v2 (0)
change-tableau-and-continue card-d1-s1-v2 pile-0 pile-2 card-d1-s1-v1 (0)
change-tableau-and-continue card-d1-s1-v1 pile-0 pile-2 card-d0-s1-v0 (0)
change-tableau-and-stop card-d0-s1-v0 pile-0 pile-2 (0)
make-unmovable-and-stop-at-unmovable card-d1-s0-v5 card-d1-s1-v0 (0)
make-movable-ignore-pile pile-0 (0)
move-to-tableau card-d1-s0-v3 card-d1-s1-v4 pile-0 (1)
change-tableau-and-continue card-d1-s0-v3 pile-3 pile-0 card-d1-s0-v2 (0)
change-tableau-and-continue card-d1-s0-v2 pile-3 pile-0 card-d1-s0-v1 (0)
change-tableau-and-continue card-d1-s0-v1 pile-3 pile-0 card-d0-s0-v0 (0)
change-tableau-and-stop card-d0-s0-v0 pile-3 pile-0 (0)
make-movable-and-continue card-d1-s1-v4 card-d1-s1-v5 (0)
make-movable-and-stop card-d1-s1-v5 card-d0-s0-v4 (0)
move-to-card card-d0-s1-v0 card-d1-s1-v1 card-d0-s1-v1 pile-1 (1)
change-tableau-and-stop card-d0-s1-v0 pile-2 pile-1 (0)
move-to-card card-d1-s1-v3 card-d0-s1-v4 card-d1-s1-v4 pile-3 (1)
change-tableau-and-continue card-d1-s1-v3 pile-2 pile-3 card-d1-s1-v2 (0)
change-tableau-and-continue card-d1-s1-v2 pile-2 pile-3 card-d1-s1-v1 (0)
change-tableau-and-stop card-d1-s1-v1 pile-2 pile-3 (0)
move-to-card card-d0-s1-v0 card-d0-s1-v1 card-d1-s1-v1 pile-3 (1)
change-tableau-and-stop card-d0-s1-v0 pile-1 pile-3 (0)
start-collecting-deck card-d0-s1-v0 (1)
collect-card card-d0-s1-v0 card-d1-s1-v1 pile-3 (0)
collect-card card-d1-s1-v1 card-d1-s1-v2 pile-3 (0)
collect-card card-d1-s1-v2 card-d1-s1-v3 pile-3 (0)
collect-card card-d1-s1-v3 card-d1-s1-v4 pile-3 (0)
collect-card card-d1-s1-v4 card-d1-s1-v5 pile-3 (0)
finish-collecting-deck card-d1-s1-v5 card-d0-s0-v4 pile-3 (0)
make-movable-and-stop card-d0-s0-v4 card-d0-s1-v3 (0)
move-to-card card-d1-s0-v3 pile-0 card-d0-s0-v4 pile-3 (1)
change-tableau-and-continue card-d1-s0-v3 pile-0 pile-3 card-d1-s0-v2 (0)
change-tableau-and-continue card-d1-s0-v2 pile-0 pile-3 card-d1-s0-v1 (0)
change-tableau-and-continue card-d1-s0-v1 pile-0 pile-3 card-d0-s0-v0 (0)
change-tableau-and-stop card-d0-s0-v0 pile-0 pile-3 (0)
make-movable-ignore-pile pile-0 (0)
move-to-tableau card-d0-s1-v4 card-d1-s0-v5 pile-0 (1)
change-tableau-and-stop card-d0-s1-v4 pile-2 pile-0 (0)
make-movable-and-stop card-d1-s0-v5 card-d1-s1-v0 (0)
move-to-card card-d0-s0-v4 card-d0-s1-v3 card-d1-s0-v5 pile-2 (1)
change-tableau-and-continue card-d0-s0-v4 pile-3 pile-2 card-d1-s0-v3 (0)
change-tableau-and-continue card-d1-s0-v3 pile-3 pile-2 card-d1-s0-v2 (0)
change-tableau-and-continue card-d1-s0-v2 pile-3 pile-2 card-d1-s0-v1 (0)
change-tableau-and-continue card-d1-s0-v1 pile-3 pile-2 card-d0-s0-v0 (0)
change-tableau-and-stop card-d0-s0-v0 pile-3 pile-2 (0)
make-movable-and-stop card-d0-s1-v3 pile-3 (0)
start-collecting-deck card-d0-s0-v0 (1)
collect-card card-d0-s0-v0 card-d1-s0-v1 pile-2 (0)
collect-card card-d1-s0-v1 card-d1-s0-v2 pile-2 (0)
collect-card card-d1-s0-v2 card-d1-s0-v3 pile-2 (0)
collect-card card-d1-s0-v3 card-d0-s0-v4 pile-2 (0)
collect-card card-d0-s0-v4 card-d1-s0-v5 pile-2 (0)
finish-collecting-deck card-d1-s0-v5 card-d1-s1-v0 pile-2 (0)
make-movable-and-stop card-d1-s1-v0 card-d0-s1-v5 (0)
move-to-card card-d0-s1-v3 pile-3 card-d0-s1-v4 pile-0 (1)
change-tableau-and-stop card-d0-s1-v3 pile-3 pile-0 (0)
make-movable-ignore-pile pile-3 (0)
move-to-card card-d1-s1-v0 card-d0-s1-v5 card-d0-s1-v1 pile-1 (1)
change-tableau-and-stop card-d1-s1-v0 pile-2 pile-1 (0)
make-movable-and-stop card-d0-s1-v5 pile-2 (0)
move-to-card card-d0-s1-v4 pile-0 card-d0-s1-v5 pile-2 (1)
change-tableau-and-continue card-d0-s1-v4 pile-0 pile-2 card-d0-s1-v3 (0)
change-tableau-and-stop card-d0-s1-v3 pile-0 pile-2 (0)
make-movable-ignore-pile pile-0 (0)
move-to-card card-d0-s1-v2 pile-1 card-d0-s1-v3 pile-2 (1)
change-tableau-and-continue card-d0-s1-v2 pile-1 pile-2 card-d0-s1-v1 (0)
change-tableau-and-continue card-d0-s1-v1 pile-1 pile-2 card-d1-s1-v0 (0)
change-tableau-and-stop card-d1-s1-v0 pile-1 pile-2 (0)
make-movable-ignore-pile pile-1 (0)
start-collecting-deck card-d1-s1-v0 (1)
collect-card card-d1-s1-v0 card-d0-s1-v1 pile-2 (0)
collect-card card-d0-s1-v1 card-d0-s1-v2 pile-2 (0)
collect-card card-d0-s1-v2 card-d0-s1-v3 pile-2 (0)
collect-card card-d0-s1-v3 card-d0-s1-v4 pile-2 (0)
collect-card card-d0-s1-v4 card-d0-s1-v5 pile-2 (0)
finish-collecting-deck card-d0-s1-v5 pile-2 pile-2 (0)
[t=28.299465s, 48884 KB] Plan length: 195 step(s).
[t=28.299465s, 48884 KB] Plan cost: 37
[t=28.299465s, 48884 KB] Expanded 33515 state(s).
[t=28.299465s, 48884 KB] Reopened 0 state(s).
[t=28.299465s, 48884 KB] Evaluated 41917 state(s).
[t=28.299465s, 48884 KB] Evaluations: 75433
[t=28.299465s, 48884 KB] Generated 52951 state(s).
[t=28.299465s, 48884 KB] Dead ends: 8401 state(s).
[t=28.299465s, 48884 KB] Number of registered states: 41917
[t=28.299465s, 48884 KB] Int hash set load factor: 41917/65536 = 0.639603
[t=28.299465s, 48884 KB] Int hash set resizes: 16
[t=28.299465s, 48884 KB] Best solution cost so far: 37
[t=28.299465s, 48884 KB] Solution found - keep searching
[t=28.299465s, 48884 KB] Building successor generator...done!
[t=28.299465s, 48884 KB] peak memory difference for successor generator creation: 0 KB
[t=28.299465s, 48884 KB] time for successor generation creation: 0.000000s
[t=28.299465s, 48884 KB] Variables: 376
[t=28.299465s, 48884 KB] FactPairs: 1081
[t=28.299465s, 48884 KB] Bytes per state: 60
[t=28.299465s, 48884 KB] Starting search: lazy_greedy
[t=28.299465s, 48884 KB] Conducting lazy best first search, (real) bound = 37
[t=28.303464s, 48884 KB] New best heuristic value for landmark_sum_heuristic: 151
[t=28.303464s, 48884 KB] New best heuristic value for ff: 144
[t=28.303464s, 48884 KB] g=0, 1 evaluated, 0 expanded
[t=28.303464s, 48884 KB] Initial heuristic value for landmark_sum_heuristic: 151
[t=28.303464s, 48884 KB] Initial heuristic value for ff: 144
[t=28.303464s, 48884 KB] New best heuristic value for landmark_sum_heuristic: 146
[t=28.303464s, 48884 KB] g=1, 2 evaluated, 1 expanded
[t=28.303464s, 48884 KB] New best heuristic value for landmark_sum_heuristic: 145
[t=28.303464s, 48884 KB] g=1, 3 evaluated, 2 expanded
[t=28.307474s, 48884 KB] New best heuristic value for ff: 137
[t=28.307474s, 48884 KB] g=1, 6 evaluated, 5 expanded
[t=28.311452s, 48884 KB] New best heuristic value for landmark_sum_heuristic: 141
[t=28.311452s, 48884 KB] g=2, 11 evaluated, 10 expanded
[t=28.311452s, 48884 KB] New best heuristic value for landmark_sum_heuristic: 140
[t=28.311452s, 48884 KB] g=2, 13 evaluated, 12 expanded
[t=28.319454s, 48884 KB] New best heuristic value for ff: 136
[t=28.319454s, 48884 KB] g=1, 18 evaluated, 17 expanded
[t=28.323456s, 48884 KB] New best heuristic value for landmark_sum_heuristic: 139
[t=28.323456s, 48884 KB] g=3, 24 evaluated, 21 expanded
[t=28.323456s, 48884 KB] New best heuristic value for landmark_sum_heuristic: 137
[t=28.323456s, 48884 KB] g=3, 27 evaluated, 24 expanded
[t=28.327438s, 48884 KB] New best heuristic value for landmark_sum_heuristic: 136
[t=28.327438s, 48884 KB] g=3, 32 evaluated, 29 expanded
[t=28.331429s, 48884 KB] New best heuristic value for landmark_sum_heuristic: 134
[t=28.331429s, 48884 KB] g=3, 34 evaluated, 31 expanded
[t=28.331429s, 48884 KB] New best heuristic value for landmark_sum_heuristic: 132
[t=28.331429s, 48884 KB] g=3, 36 evaluated, 33 expanded
[t=28.331429s, 48884 KB] New best heuristic value for landmark_sum_heuristic: 131
[t=28.331429s, 48884 KB] g=4, 38 evaluated, 35 expanded
[t=28.335428s, 48884 KB] New best heuristic value for landmark_sum_heuristic: 130
[t=28.335428s, 48884 KB] g=4, 39 evaluated, 36 expanded
[t=28.335428s, 48884 KB] New best heuristic value for landmark_sum_heuristic: 129
[t=28.335428s, 48884 KB] g=5, 42 evaluated, 39 expanded
[t=28.339423s, 48884 KB] New best heuristic value for landmark_sum_heuristic: 128
[t=28.339423s, 48884 KB] g=5, 45 evaluated, 42 expanded
[t=28.339423s, 48884 KB] New best heuristic value for landmark_sum_heuristic: 127
[t=28.339423s, 48884 KB] g=5, 47 evaluated, 44 expanded
[t=28.343416s, 48884 KB] New best heuristic value for landmark_sum_heuristic: 122
[t=28.343416s, 48884 KB] g=6, 51 evaluated, 48 expanded
[t=28.343416s, 48884 KB] New best heuristic value for landmark_sum_heuristic: 121
[t=28.343416s, 48884 KB] g=6, 52 evaluated, 49 expanded
[t=28.347413s, 48884 KB] New best heuristic value for landmark_sum_heuristic: 120
[t=28.347413s, 48884 KB] New best heuristic value for ff: 135
[t=28.347413s, 48884 KB] g=7, 57 evaluated, 54 expanded
[t=28.351416s, 48884 KB] New best heuristic value for landmark_sum_heuristic: 118
[t=28.351416s, 48884 KB] g=7, 58 evaluated, 55 expanded
[t=28.351416s, 48884 KB] New best heuristic value for landmark_sum_heuristic: 117
[t=28.351416s, 48884 KB] g=7, 59 evaluated, 56 expanded
[t=28.351416s, 48884 KB] New best heuristic value for landmark_sum_heuristic: 116
[t=28.351416s, 48884 KB] g=7, 60 evaluated, 57 expanded
[t=28.351416s, 48884 KB] New best heuristic value for landmark_sum_heuristic: 112
[t=28.351416s, 48884 KB] g=7, 62 evaluated, 59 expanded
[t=28.355406s, 48884 KB] New best heuristic value for landmark_sum_heuristic: 108
[t=28.355406s, 48884 KB] g=7, 64 evaluated, 61 expanded
[t=28.355406s, 48884 KB] New best heuristic value for landmark_sum_heuristic: 107
[t=28.355406s, 48884 KB] g=7, 65 evaluated, 62 expanded
[t=28.359398s, 48884 KB] New best heuristic value for landmark_sum_heuristic: 106
[t=28.359398s, 48884 KB] g=8, 70 evaluated, 66 expanded
[t=28.359398s, 48884 KB] New best heuristic value for landmark_sum_heuristic: 105
[t=28.359398s, 48884 KB] g=8, 71 evaluated, 67 expanded
[t=28.367393s, 48884 KB] New best heuristic value for landmark_sum_heuristic: 104
[t=28.367393s, 48884 KB] g=9, 85 evaluated, 79 expanded
[t=28.371385s, 48884 KB] New best heuristic value for landmark_sum_heuristic: 103
[t=28.371385s, 48884 KB] g=10, 87 evaluated, 81 expanded
[t=28.371385s, 48884 KB] New best heuristic value for landmark_sum_heuristic: 102
[t=28.371385s, 48884 KB] g=10, 88 evaluated, 82 expanded
[t=28.379390s, 48884 KB] New best heuristic value for landmark_sum_heuristic: 101
[t=28.379390s, 48884 KB] New best heuristic value for ff: 133
[t=28.379390s, 48884 KB] g=11, 99 evaluated, 90 expanded
[t=28.379390s, 48884 KB] New best heuristic value for landmark_sum_heuristic: 100
[t=28.379390s, 48884 KB] New best heuristic value for ff: 132
[t=28.379390s, 48884 KB] g=11, 100 evaluated, 91 expanded
[t=28.379390s, 48884 KB] New best heuristic value for ff: 129
[t=28.379390s, 48884 KB] g=11, 101 evaluated, 92 expanded
[t=28.383371s, 48884 KB] New best heuristic value for ff: 128
[t=28.383371s, 48884 KB] g=12, 107 evaluated, 96 expanded
[t=28.383371s, 48884 KB] New best heuristic value for ff: 127
[t=28.383371s, 48884 KB] g=12, 108 evaluated, 97 expanded
[t=28.391360s, 48884 KB] New best heuristic value for ff: 126
[t=28.391360s, 48884 KB] g=12, 122 evaluated, 108 expanded
[t=28.391360s, 48884 KB] New best heuristic value for ff: 125
[t=28.391360s, 48884 KB] g=12, 123 evaluated, 109 expanded
[t=28.615106s, 48884 KB] New best heuristic value for landmark_sum_heuristic: 99
[t=28.615106s, 48884 KB] g=17, 476 evaluated, 406 expanded
[t=29.949645s, 48884 KB] New best heuristic value for ff: 124
[t=29.949645s, 48884 KB] g=15, 2497 evaluated, 2159 expanded
[t=29.953639s, 48884 KB] New best heuristic value for ff: 122
[t=29.953639s, 48884 KB] g=15, 2500 evaluated, 2162 expanded
[t=29.953639s, 48884 KB] New best heuristic value for ff: 121
[t=29.953639s, 48884 KB] g=15, 2502 evaluated, 2164 expanded
[t=29.977614s, 48884 KB] New best heuristic value for ff: 120
[t=29.977614s, 48884 KB] g=19, 2540 evaluated, 2198 expanded
[t=30.189402s, 48884 KB] New best heuristic value for ff: 119
[t=30.189402s, 48884 KB] g=14, 2857 evaluated, 2479 expanded
[t=30.193398s, 48884 KB] New best heuristic value for ff: 116
[t=30.193398s, 48884 KB] g=15, 2863 evaluated, 2484 expanded
[t=30.197396s, 48884 KB] New best heuristic value for ff: 115
[t=30.197396s, 48884 KB] g=16, 2868 evaluated, 2489 expanded
[t=30.201423s, 48884 KB] New best heuristic value for ff: 104
[t=30.201423s, 48884 KB] g=16, 2873 evaluated, 2493 expanded
[t=30.201423s, 48884 KB] New best heuristic value for landmark_sum_heuristic: 96
[t=30.201423s, 48884 KB] g=17, 2874 evaluated, 2494 expanded
[t=30.201423s, 48884 KB] New best heuristic value for landmark_sum_heuristic: 95
[t=30.201423s, 48884 KB] g=17, 2875 evaluated, 2495 expanded
[t=30.201423s, 48884 KB] New best heuristic value for ff: 102
[t=30.201423s, 48884 KB] g=17, 2877 evaluated, 2497 expanded
[t=30.205388s, 48884 KB] New best heuristic value for landmark_sum_heuristic: 94
[t=30.205388s, 48884 KB] g=18, 2878 evaluated, 2498 expanded
[t=30.205388s, 48884 KB] New best heuristic value for landmark_sum_heuristic: 93
[t=30.205388s, 48884 KB] g=18, 2879 evaluated, 2499 expanded
[t=30.205388s, 48884 KB] New best heuristic value for landmark_sum_heuristic: 92
[t=30.205388s, 48884 KB] g=18, 2881 evaluated, 2500 expanded
[t=30.233378s, 48884 KB] New best heuristic value for landmark_sum_heuristic: 91
[t=30.233378s, 48884 KB] g=20, 2931 evaluated, 2535 expanded
[t=30.261339s, 48884 KB] New best heuristic value for landmark_sum_heuristic: 90
[t=30.261339s, 48884 KB] g=21, 2983 evaluated, 2566 expanded
[t=37.646865s, 48884 KB] New best heuristic value for landmark_sum_heuristic: 89
[t=37.646865s, 48884 KB] New best heuristic value for ff: 101
[t=37.646865s, 48884 KB] g=14, 14470 evaluated, 12132 expanded
[t=37.646865s, 48884 KB] New best heuristic value for landmark_sum_heuristic: 86
[t=37.646865s, 48884 KB] g=14, 14471 evaluated, 12133 expanded
[t=39.943872s, 48884 KB] New best heuristic value for ff: 98
[t=39.943872s, 48884 KB] g=17, 18004 evaluated, 15099 expanded
[t=39.947877s, 48884 KB] New best heuristic value for ff: 92
[t=39.947877s, 48884 KB] g=17, 18005 evaluated, 15100 expanded
[t=39.947877s, 48884 KB] New best heuristic value for ff: 84
[t=39.947877s, 48884 KB] g=17, 18006 evaluated, 15101 expanded
[t=39.947877s, 48884 KB] New best heuristic value for landmark_sum_heuristic: 84
[t=39.947877s, 48884 KB] g=17, 18007 evaluated, 15102 expanded
[t=39.947877s, 48884 KB] New best heuristic value for landmark_sum_heuristic: 81
[t=39.947877s, 48884 KB] g=17, 18008 evaluated, 15103 expanded
[t=39.951884s, 48884 KB] New best heuristic value for landmark_sum_heuristic: 80
[t=39.951884s, 48884 KB] g=18, 18010 evaluated, 15105 expanded
[t=39.951884s, 48884 KB] New best heuristic value for landmark_sum_heuristic: 79
[t=39.951884s, 48884 KB] g=18, 18011 evaluated, 15106 expanded
[t=39.951884s, 48884 KB] New best heuristic value for landmark_sum_heuristic: 78
[t=39.951884s, 48884 KB] g=18, 18012 evaluated, 15107 expanded
[t=39.951884s, 48884 KB] New best heuristic value for landmark_sum_heuristic: 76
[t=39.951884s, 48884 KB] g=19, 18016 evaluated, 15110 expanded
[t=39.955889s, 48884 KB] New best heuristic value for ff: 83
[t=39.955889s, 48884 KB] g=19, 18019 evaluated, 15113 expanded
[t=39.955889s, 48884 KB] New best heuristic value for landmark_sum_heuristic: 75
[t=39.955889s, 48884 KB] New best heuristic value for ff: 82
[t=39.955889s, 48884 KB] g=19, 18020 evaluated, 15114 expanded
[t=39.959894s, 48884 KB] New best heuristic value for ff: 76
[t=39.959894s, 48884 KB] g=20, 18028 evaluated, 15120 expanded
[t=39.967905s, 48884 KB] New best heuristic value for ff: 75
[t=39.967905s, 48884 KB] g=18, 18045 evaluated, 15133 expanded
[t=39.971910s, 48884 KB] New best heuristic value for landmark_sum_heuristic: 74
[t=39.971910s, 48884 KB] g=20, 18054 evaluated, 15140 expanded
[t=61.985756s, 49548 KB] New best heuristic value for landmark_sum_heuristic: 72
[t=61.985756s, 49548 KB] g=20, 52083 evaluated, 42994 expanded
[t=61.985756s, 49548 KB] New best heuristic value for landmark_sum_heuristic: 71
[t=61.989758s, 49548 KB] g=20, 52084 evaluated, 42995 expanded
[t=61.997760s, 49548 KB] New best heuristic value for landmark_sum_heuristic: 70
[t=61.997760s, 49548 KB] g=21, 52101 evaluated, 43008 expanded
[t=62.005766s, 49548 KB] New best heuristic value for landmark_sum_heuristic: 69
[t=62.005766s, 49548 KB] g=22, 52113 evaluated, 43018 expanded
[t=62.009770s, 49548 KB] New best heuristic value for landmark_sum_heuristic: 68
[t=62.009770s, 49548 KB] New best heuristic value for ff: 65
[t=62.009770s, 49548 KB] g=23, 52120 evaluated, 43024 expanded
[t=62.009770s, 49548 KB] New best heuristic value for landmark_sum_heuristic: 66
[t=62.009770s, 49548 KB] g=23, 52121 evaluated, 43025 expanded
[t=62.013778s, 49548 KB] New best heuristic value for landmark_sum_heuristic: 64
[t=62.013778s, 49548 KB] New best heuristic value for ff: 62
[t=62.013778s, 49548 KB] g=23, 52122 evaluated, 43026 expanded
[t=62.013778s, 49548 KB] New best heuristic value for landmark_sum_heuristic: 62
[t=62.013778s, 49548 KB] New best heuristic value for ff: 61
[t=62.013778s, 49548 KB] g=23, 52123 evaluated, 43027 expanded
[t=62.013778s, 49548 KB] New best heuristic value for landmark_sum_heuristic: 60
[t=62.013778s, 49548 KB] New best heuristic value for ff: 56
[t=62.013778s, 49548 KB] g=23, 52124 evaluated, 43028 expanded
[t=62.013778s, 49548 KB] New best heuristic value for landmark_sum_heuristic: 57
[t=62.013778s, 49548 KB] g=23, 52125 evaluated, 43029 expanded
[t=62.013778s, 49548 KB] New best heuristic value for landmark_sum_heuristic: 55
[t=62.013778s, 49548 KB] g=23, 52126 evaluated, 43030 expanded
[t=62.013778s, 49548 KB] New best heuristic value for ff: 55
[t=62.013778s, 49548 KB] g=23, 52127 evaluated, 43031 expanded
[t=62.017744s, 49548 KB] New best heuristic value for landmark_sum_heuristic: 53
[t=62.017744s, 49548 KB] New best heuristic value for ff: 54
[t=62.017744s, 49548 KB] g=24, 52128 evaluated, 43032 expanded
[t=62.017744s, 49548 KB] New best heuristic value for ff: 53
[t=62.017744s, 49548 KB] g=24, 52129 evaluated, 43033 expanded
[t=62.017744s, 49548 KB] New best heuristic value for landmark_sum_heuristic: 52
[t=62.017744s, 49548 KB] New best heuristic value for ff: 52
[t=62.017744s, 49548 KB] g=24, 52130 evaluated, 43034 expanded
[t=62.017744s, 49548 KB] New best heuristic value for ff: 51
[t=62.017744s, 49548 KB] g=24, 52131 evaluated, 43035 expanded
[t=62.017744s, 49548 KB] New best heuristic value for ff: 50
[t=62.017744s, 49548 KB] g=25, 52135 evaluated, 43039 expanded
[t=62.021730s, 49548 KB] New best heuristic value for landmark_sum_heuristic: 51
[t=62.021730s, 49548 KB] New best heuristic value for ff: 49
[t=62.021730s, 49548 KB] g=25, 52136 evaluated, 43040 expanded
[t=62.021730s, 49548 KB] New best heuristic value for ff: 48
[t=62.021730s, 49548 KB] g=25, 52137 evaluated, 43041 expanded
[t=62.021730s, 49548 KB] New best heuristic value for landmark_sum_heuristic: 47
[t=62.021730s, 49548 KB] g=26, 52138 evaluated, 43042 expanded
[t=62.021730s, 49548 KB] New best heuristic value for landmark_sum_heuristic: 46
[t=62.021730s, 49548 KB] New best heuristic value for ff: 47
[t=62.021730s, 49548 KB] g=26, 52139 evaluated, 43043 expanded
[t=62.021730s, 49548 KB] New best heuristic value for ff: 46
[t=62.021730s, 49548 KB] g=26, 52140 evaluated, 43044 expanded
[t=62.025738s, 49548 KB] New best heuristic value for ff: 45
[t=62.025738s, 49548 KB] g=27, 52143 evaluated, 43047 expanded
[t=62.025738s, 49548 KB] New best heuristic value for ff: 44
[t=62.025738s, 49548 KB] g=27, 52144 evaluated, 43048 expanded
[t=62.025738s, 49548 KB] New best heuristic value for ff: 43
[t=62.025738s, 49548 KB] g=27, 52146 evaluated, 43049 expanded
[t=62.025738s, 49548 KB] New best heuristic value for ff: 42
[t=62.025738s, 49548 KB] g=27, 52148 evaluated, 43051 expanded
[t=62.029753s, 49548 KB] New best heuristic value for ff: 41
[t=62.029753s, 49548 KB] g=28, 52154 evaluated, 43056 expanded
[t=62.029753s, 49548 KB] New best heuristic value for ff: 40
[t=62.029753s, 49548 KB] g=28, 52156 evaluated, 43058 expanded
[t=62.033748s, 49548 KB] New best heuristic value for ff: 37
[t=62.033748s, 49548 KB] g=28, 52158 evaluated, 43060 expanded
[t=62.033748s, 49548 KB] New best heuristic value for landmark_sum_heuristic: 44
[t=62.033748s, 49548 KB] New best heuristic value for ff: 36
[t=62.033748s, 49548 KB] g=29, 52159 evaluated, 43061 expanded
[t=62.033748s, 49548 KB] New best heuristic value for landmark_sum_heuristic: 43
[t=62.033748s, 49548 KB] New best heuristic value for ff: 35
[t=62.033748s, 49548 KB] g=29, 52160 evaluated, 43062 expanded
[t=62.033748s, 49548 KB] New best heuristic value for ff: 34
[t=62.033748s, 49548 KB] g=29, 52161 evaluated, 43063 expanded
[t=62.033748s, 49548 KB] New best heuristic value for landmark_sum_heuristic: 41
[t=62.033748s, 49548 KB] g=30, 52162 evaluated, 43064 expanded
[t=62.037754s, 49548 KB] New best heuristic value for ff: 32
[t=62.037754s, 49548 KB] g=30, 52166 evaluated, 43068 expanded
[t=62.037754s, 49548 KB] New best heuristic value for ff: 31
[t=62.037754s, 49548 KB] g=30, 52168 evaluated, 43070 expanded
[t=62.037754s, 49548 KB] New best heuristic value for landmark_sum_heuristic: 40
[t=62.037754s, 49548 KB] g=30, 52169 evaluated, 43071 expanded
[t=62.037754s, 49548 KB] New best heuristic value for ff: 30
[t=62.037754s, 49548 KB] g=30, 52170 evaluated, 43072 expanded
[t=62.041742s, 49548 KB] New best heuristic value for landmark_sum_heuristic: 39
[t=62.041742s, 49548 KB] g=31, 52172 evaluated, 43074 expanded
[t=62.045740s, 49548 KB] New best heuristic value for landmark_sum_heuristic: 38
[t=62.045740s, 49548 KB] New best heuristic value for ff: 29
[t=62.045740s, 49548 KB] g=31, 52180 evaluated, 43081 expanded
[t=62.045740s, 49548 KB] New best heuristic value for ff: 28
[t=62.045740s, 49548 KB] g=31, 52181 evaluated, 43082 expanded
[t=62.045740s, 49548 KB] New best heuristic value for landmark_sum_heuristic: 36
[t=62.045740s, 49548 KB] New best heuristic value for ff: 24
[t=62.045740s, 49548 KB] g=32, 52185 evaluated, 43086 expanded
[t=62.049740s, 49548 KB] New best heuristic value for landmark_sum_heuristic: 34
[t=62.049740s, 49548 KB] New best heuristic value for ff: 23
[t=62.049740s, 49548 KB] g=32, 52186 evaluated, 43087 expanded
[t=62.049740s, 49548 KB] New best heuristic value for landmark_sum_heuristic: 32
[t=62.049740s, 49548 KB] New best heuristic value for ff: 22
[t=62.049740s, 49548 KB] g=32, 52187 evaluated, 43088 expanded
[t=62.049740s, 49548 KB] New best heuristic value for landmark_sum_heuristic: 30
[t=62.049740s, 49548 KB] New best heuristic value for ff: 21
[t=62.049740s, 49548 KB] g=32, 52188 evaluated, 43089 expanded
[t=62.049740s, 49548 KB] New best heuristic value for landmark_sum_heuristic: 28
[t=62.049740s, 49548 KB] New best heuristic value for ff: 20
[t=62.049740s, 49548 KB] g=32, 52189 evaluated, 43090 expanded
[t=62.049740s, 49548 KB] New best heuristic value for landmark_sum_heuristic: 26
[t=62.049740s, 49548 KB] New best heuristic value for ff: 19
[t=62.049740s, 49548 KB] g=32, 52190 evaluated, 43091 expanded
[t=62.049740s, 49548 KB] New best heuristic value for landmark_sum_heuristic: 23
[t=62.049740s, 49548 KB] New best heuristic value for ff: 18
[t=62.049740s, 49548 KB] g=32, 52191 evaluated, 43092 expanded
[t=62.049740s, 49548 KB] New best heuristic value for landmark_sum_heuristic: 21
[t=62.049740s, 49548 KB] New best heuristic value for ff: 17
[t=62.049740s, 49548 KB] g=32, 52192 evaluated, 43093 expanded
[t=62.053742s, 49548 KB] New best heuristic value for ff: 14
[t=62.053742s, 49548 KB] g=33, 52194 evaluated, 43095 expanded
[t=62.053742s, 49548 KB] New best heuristic value for landmark_sum_heuristic: 20
[t=62.053742s, 49548 KB] New best heuristic value for ff: 13
[t=62.053742s, 49548 KB] g=33, 52195 evaluated, 43096 expanded
[t=62.053742s, 49548 KB] New best heuristic value for landmark_sum_heuristic: 19
[t=62.053742s, 49548 KB] New best heuristic value for ff: 12
[t=62.053742s, 49548 KB] g=33, 52196 evaluated, 43097 expanded
[t=62.053742s, 49548 KB] New best heuristic value for landmark_sum_heuristic: 18
[t=62.053742s, 49548 KB] g=34, 52197 evaluated, 43098 expanded
[t=62.057744s, 49548 KB] New best heuristic value for landmark_sum_heuristic: 17
[t=62.057744s, 49548 KB] New best heuristic value for ff: 11
[t=62.057744s, 49548 KB] g=34, 52204 evaluated, 43104 expanded
[t=62.057744s, 49548 KB] New best heuristic value for landmark_sum_heuristic: 16
[t=62.057744s, 49548 KB] New best heuristic value for ff: 10
[t=62.057744s, 49548 KB] g=34, 52205 evaluated, 43105 expanded
[t=62.057744s, 49548 KB] New best heuristic value for landmark_sum_heuristic: 12
[t=62.057744s, 49548 KB] New best heuristic value for ff: 6
[t=62.057744s, 49548 KB] g=35, 52206 evaluated, 43106 expanded
[t=62.057744s, 49548 KB] New best heuristic value for landmark_sum_heuristic: 10
[t=62.057744s, 49548 KB] New best heuristic value for ff: 5
[t=62.057744s, 49548 KB] g=35, 52207 evaluated, 43107 expanded
[t=62.057744s, 49548 KB] New best heuristic value for landmark_sum_heuristic: 8
[t=62.057744s, 49548 KB] New best heuristic value for ff: 4
[t=62.057744s, 49548 KB] g=35, 52208 evaluated, 43108 expanded
[t=62.057744s, 49548 KB] New best heuristic value for landmark_sum_heuristic: 6
[t=62.057744s, 49548 KB] New best heuristic value for ff: 3
[t=62.057744s, 49548 KB] g=35, 52209 evaluated, 43109 expanded
[t=62.057744s, 49548 KB] New best heuristic value for landmark_sum_heuristic: 4
[t=62.057744s, 49548 KB] New best heuristic value for ff: 2
[t=62.057744s, 49548 KB] g=35, 52210 evaluated, 43110 expanded
[t=62.057744s, 49548 KB] New best heuristic value for landmark_sum_heuristic: 2
[t=62.057744s, 49548 KB] New best heuristic value for ff: 1
[t=62.057744s, 49548 KB] g=35, 52211 evaluated, 43111 expanded
[t=62.057744s, 49548 KB] Solution found!
[t=62.057744s, 49548 KB] Actual search time: 33.758278s
move-to-card card-d1-s0-v3 card-d0-s1-v0 card-d1-s1-v4 pile-3 (1)
change-tableau-and-stop card-d1-s0-v3 pile-0 pile-3 (0)
make-unmovable-and-continue card-d1-s1-v4 card-d1-s1-v5 (0)
make-unmovable-and-stop-at-unmovable card-d1-s1-v5 card-d0-s0-v4 (0)
make-movable-and-stop card-d0-s1-v0 card-d0-s0-v0 (0)
move-to-card card-d0-s1-v0 card-d0-s0-v0 card-d1-s0-v1 pile-2 (1)
change-tableau-and-stop card-d0-s1-v0 pile-0 pile-2 (0)
make-unmovable-and-stop-at-unmovable card-d1-s0-v1 card-d1-s0-v5 (0)
make-movable-and-stop card-d0-s0-v0 card-d1-s1-v2 (0)
start-dealing  (1)
deal-card card-d1-s1-v1 card-d1-s0-v2 deal-0 card-d0-s0-v0 pile-0 (0)
make-unmovable-and-stop-at-unmovable card-d0-s0-v0 card-d1-s1-v2 (0)
deal-card card-d1-s0-v2 card-d0-s0-v5 deal-0 card-d1-s1-v3 pile-1 (0)
make-unmovable-and-continue card-d1-s1-v3 card-d0-s1-v4 (0)
make-unmovable-and-stop-at-unmovable card-d0-s1-v4 card-d0-s0-v1 (0)
deal-card card-d0-s0-v5 card-d0-s0-v3 deal-0 card-d0-s1-v0 pile-2 (0)
make-unmovable-and-stop-at-unmovable card-d0-s1-v0 card-d1-s0-v1 (0)
deal-card card-d0-s0-v3 deal-0 deal-0 card-d1-s0-v3 pile-3 (0)
make-unmovable-and-stop-at-unmovable card-d1-s0-v3 card-d1-s1-v4 (0)
finish-dealing deal-0 deal-1 (0)
move-to-card card-d1-s0-v2 card-d1-s1-v3 card-d0-s0-v3 pile-3 (1)
change-tableau-and-stop card-d1-s0-v2 pile-1 pile-3 (0)
make-movable-and-continue card-d1-s1-v3 card-d0-s1-v4 (0)
make-movable-and-stop card-d0-s1-v4 card-d0-s0-v1 (0)
move-to-card card-d0-s1-v4 card-d0-s0-v1 card-d0-s0-v5 pile-2 (1)
change-tableau-and-continue card-d0-s1-v4 pile-1 pile-2 card-d1-s1-v3 (0)
change-tableau-and-stop card-d1-s1-v3 pile-1 pile-2 (0)
make-unmovable-and-stop-at-unmovable card-d0-s0-v5 card-d0-s1-v0 (0)
make-movable-and-stop card-d0-s0-v1 card-d1-s0-v4 (0)
move-to-card card-d1-s1-v1 card-d0-s0-v0 card-d1-s0-v2 pile-3 (1)
change-tableau-and-stop card-d1-s1-v1 pile-0 pile-3 (0)
make-unmovable-and-continue card-d1-s0-v2 card-d0-s0-v3 (0)
make-unmovable-and-stop-at-unmovable card-d0-s0-v3 card-d1-s0-v3 (0)
make-movable-and-stop card-d0-s0-v0 card-d1-s1-v2 (0)
move-to-card card-d0-s0-v0 card-d1-s1-v2 card-d0-s0-v1 pile-1 (1)
change-tableau-and-stop card-d0-s0-v0 pile-0 pile-1 (0)
make-movable-and-stop card-d1-s1-v2 pile-0 (0)
move-to-card card-d1-s1-v1 card-d1-s0-v2 card-d1-s1-v2 pile-0 (1)
change-tableau-and-stop card-d1-s1-v1 pile-3 pile-0 (0)
make-movable-and-continue card-d1-s0-v2 card-d0-s0-v3 (0)
make-movable-and-stop card-d0-s0-v3 card-d1-s0-v3 (0)
move-to-card card-d0-s0-v1 card-d1-s0-v4 card-d1-s0-v2 pile-3 (1)
change-tableau-and-continue card-d0-s0-v1 pile-1 pile-3 card-d0-s0-v0 (0)
change-tableau-and-stop card-d0-s0-v0 pile-1 pile-3 (0)
make-movable-and-stop card-d1-s0-v4 pile-1 (0)
move-to-card card-d1-s1-v2 pile-0 card-d1-s1-v3 pile-2 (1)
change-tableau-and-continue card-d1-s1-v2 pile-0 pile-2 card-d1-s1-v1 (0)
change-tableau-and-stop card-d1-s1-v1 pile-0 pile-2 (0)
make-movable-ignore-pile pile-0 (0)
move-to-tableau card-d0-s1-v4 card-d0-s0-v5 pile-0 (1)
change-tableau-and-continue card-d0-s1-v4 pile-2 pile-0 card-d1-s1-v3 (0)
change-tableau-and-continue card-d1-s1-v3 pile-2 pile-0 card-d1-s1-v2 (0)
change-tableau-and-continue card-d1-s1-v2 pile-2 pile-0 card-d1-s1-v1 (0)
change-tableau-and-stop card-d1-s1-v1 pile-2 pile-0 (0)
make-movable-and-stop card-d0-s0-v5 card-d0-s1-v0 (0)
move-to-card card-d0-s0-v3 card-d1-s0-v3 card-d1-s0-v4 pile-1 (1)
change-tableau-and-continue card-d0-s0-v3 pile-3 pile-1 card-d1-s0-v2 (0)
change-tableau-and-continue card-d1-s0-v2 pile-3 pile-1 card-d0-s0-v1 (0)
change-tableau-and-continue card-d0-s0-v1 pile-3 pile-1 card-d0-s0-v0 (0)
change-tableau-and-stop card-d0-s0-v0 pile-3 pile-1 (0)
make-movable-and-stop card-d1-s0-v3 card-d1-s1-v4 (0)
move-to-card card-d1-s0-v2 card-d0-s0-v3 card-d1-s0-v3 pile-3 (1)
change-tableau-and-continue card-d1-s0-v2 pile-1 pile-3 card-d0-s0-v1 (0)
change-tableau-and-continue card-d0-s0-v1 pile-1 pile-3 card-d0-s0-v0 (0)
change-tableau-and-stop card-d0-s0-v0 pile-1 pile-3 (0)
move-to-card card-d1-s0-v4 pile-1 card-d0-s0-v5 pile-2 (1)
change-tableau-and-continue card-d1-s0-v4 pile-1 pile-2 card-d0-s0-v3 (0)
change-tableau-and-stop card-d0-s0-v3 pile-1 pile-2 (0)
make-movable-ignore-pile pile-1 (0)
move-to-tableau card-d0-s0-v3 card-d1-s0-v4 pile-1 (1)
change-tableau-and-stop card-d0-s0-v3 pile-2 pile-1 (0)
move-to-card card-d1-s0-v3 card-d1-s1-v4 card-d1-s0-v4 pile-2 (1)
change-tableau-and-continue card-d1-s0-v3 pile-3 pile-2 card-d1-s0-v2 (0)
change-tableau-and-continue card-d1-s0-v2 pile-3 pile-2 card-d0-s0-v1 (0)
change-tableau-and-continue card-d0-s0-v1 pile-3 pile-2 card-d0-s0-v0 (0)
change-tableau-and-stop card-d0-s0-v0 pile-3 pile-2 (0)
make-movable-and-continue card-d1-s1-v4 card-d1-s1-v5 (0)
make-movable-and-stop card-d1-s1-v5 card-d0-s0-v4 (0)
start-collecting-deck card-d0-s0-v0 (1)
collect-card card-d0-s0-v0 card-d0-s0-v1 pile-2 (0)
collect-card card-d0-s0-v1 card-d1-s0-v2 pile-2 (0)
collect-card card-d1-s0-v2 card-d1-s0-v3 pile-2 (0)
collect-card card-d1-s0-v3 card-d1-s0-v4 pile-2 (0)
collect-card card-d1-s0-v4 card-d0-s0-v5 pile-2 (0)
finish-collecting-deck card-d0-s0-v5 card-d0-s1-v0 pile-2 (0)
make-movable-and-stop card-d0-s1-v0 card-d1-s0-v1 (0)
move-to-card card-d0-s1-v0 card-d1-s0-v1 card-d1-s1-v1 pile-0 (1)
change-tableau-and-stop card-d0-s1-v0 pile-2 pile-0 (0)
make-movable-and-stop card-d1-s0-v1 card-d1-s0-v5 (0)
start-dealing  (1)
deal-card card-d0-s1-v1 card-d0-s0-v2 deal-1 card-d0-s1-v0 pile-0 (0)
make-unmovable-and-continue card-d0-s1-v0 card-d1-s1-v1 (0)
make-unmovable-and-continue card-d1-s1-v1 card-d1-s1-v2 (0)
make-unmovable-and-continue card-d1-s1-v2 card-d1-s1-v3 (0)
make-unmovable-and-continue card-d1-s1-v3 card-d0-s1-v4 (0)
make-unmovable-and-stop-at-tableau card-d0-s1-v4 pile-0 (0)
deal-card card-d0-s0-v2 card-d0-s1-v2 deal-1 card-d0-s0-v3 pile-1 (0)
deal-card card-d0-s1-v2 card-d1-s0-v0 deal-1 card-d1-s0-v1 pile-2 (0)
make-unmovable-and-stop-at-unmovable card-d1-s0-v1 card-d1-s0-v5 (0)
deal-card card-d1-s0-v0 deal-1 deal-1 card-d1-s1-v4 pile-3 (0)
make-unmovable-and-continue card-d1-s1-v4 card-d1-s1-v5 (0)
make-unmovable-and-stop-at-unmovable card-d1-s1-v5 card-d0-s0-v4 (0)
finish-dealing deal-1 deal-2 (0)
move-to-card card-d0-s1-v1 card-d0-s1-v0 card-d0-s1-v2 pile-2 (1)
change-tableau-and-stop card-d0-s1-v1 pile-0 pile-2 (0)
make-movable-and-continue card-d0-s1-v0 card-d1-s1-v1 (0)
make-movable-and-continue card-d1-s1-v1 card-d1-s1-v2 (0)
make-movable-and-continue card-d1-s1-v2 card-d1-s1-v3 (0)
make-movable-and-continue card-d1-s1-v3 card-d0-s1-v4 (0)
make-movable-and-stop card-d0-s1-v4 pile-0 (0)
move-to-card card-d1-s0-v0 card-d1-s1-v4 card-d0-s1-v1 pile-2 (1)
change-tableau-and-stop card-d1-s0-v0 pile-3 pile-2 (0)
make-unmovable-and-continue card-d0-s1-v1 card-d0-s1-v2 (0)
make-unmovable-and-stop-at-unmovable card-d0-s1-v2 card-d1-s0-v1 (0)
make-movable-and-continue card-d1-s1-v4 card-d1-s1-v5 (0)
make-movable-and-stop card-d1-s1-v5 card-d0-s0-v4 (0)
move-to-card card-d1-s1-v3 card-d0-s1-v4 card-d1-s1-v4 pile-3 (1)
change-tableau-and-continue card-d1-s1-v3 pile-0 pile-3 card-d1-s1-v2 (0)
change-tableau-and-continue card-d1-s1-v2 pile-0 pile-3 card-d1-s1-v1 (0)
change-tableau-and-continue card-d1-s1-v1 pile-0 pile-3 card-d0-s1-v0 (0)
change-tableau-and-stop card-d0-s1-v0 pile-0 pile-3 (0)
start-collecting-deck card-d0-s1-v0 (1)
collect-card card-d0-s1-v0 card-d1-s1-v1 pile-3 (0)
collect-card card-d1-s1-v1 card-d1-s1-v2 pile-3 (0)
collect-card card-d1-s1-v2 card-d1-s1-v3 pile-3 (0)
collect-card card-d1-s1-v3 card-d1-s1-v4 pile-3 (0)
collect-card card-d1-s1-v4 card-d1-s1-v5 pile-3 (0)
finish-collecting-deck card-d1-s1-v5 card-d0-s0-v4 pile-3 (0)
make-movable-and-stop card-d0-s0-v4 card-d0-s1-v3 (0)
move-to-card card-d0-s0-v3 pile-1 card-d0-s0-v4 pile-3 (1)
change-tableau-and-continue card-d0-s0-v3 pile-1 pile-3 card-d0-s0-v2 (0)
change-tableau-and-stop card-d0-s0-v2 pile-1 pile-3 (0)
make-movable-ignore-pile pile-1 (0)
move-to-tableau card-d0-s0-v4 card-d0-s1-v3 pile-1 (1)
change-tableau-and-continue card-d0-s0-v4 pile-3 pile-1 card-d0-s0-v3 (0)
change-tableau-and-continue card-d0-s0-v3 pile-3 pile-1 card-d0-s0-v2 (0)
change-tableau-and-stop card-d0-s0-v2 pile-3 pile-1 (0)
make-movable-and-stop card-d0-s1-v3 pile-3 (0)
move-to-card card-d0-s1-v3 pile-3 card-d0-s1-v4 pile-0 (1)
change-tableau-and-stop card-d0-s1-v3 pile-3 pile-0 (0)
make-movable-ignore-pile pile-3 (0)
move-to-tableau card-d1-s0-v0 card-d0-s1-v1 pile-3 (1)
change-tableau-and-stop card-d1-s0-v0 pile-2 pile-3 (0)
make-movable-and-continue card-d0-s1-v1 card-d0-s1-v2 (0)
make-movable-and-stop card-d0-s1-v2 card-d1-s0-v1 (0)
move-to-card card-d0-s1-v2 card-d1-s0-v1 card-d0-s1-v3 pile-0 (1)
change-tableau-and-continue card-d0-s1-v2 pile-2 pile-0 card-d0-s1-v1 (0)
change-tableau-and-stop card-d0-s1-v1 pile-2 pile-0 (0)
make-movable-and-stop card-d1-s0-v1 card-d1-s0-v5 (0)
move-to-card card-d1-s0-v1 card-d1-s0-v5 card-d0-s0-v2 pile-1 (1)
change-tableau-and-stop card-d1-s0-v1 pile-2 pile-1 (0)
make-movable-and-stop card-d1-s0-v5 card-d1-s1-v0 (0)
move-to-card card-d1-s0-v0 pile-3 card-d1-s0-v1 pile-1 (1)
change-tableau-and-stop card-d1-s0-v0 pile-3 pile-1 (0)
make-movable-ignore-pile pile-3 (0)
move-to-card card-d0-s0-v4 pile-1 card-d1-s0-v5 pile-2 (1)
change-tableau-and-continue card-d0-s0-v4 pile-1 pile-2 card-d0-s0-v3 (0)
change-tableau-and-continue card-d0-s0-v3 pile-1 pile-2 card-d0-s0-v2 (0)
change-tableau-and-continue card-d0-s0-v2 pile-1 pile-2 card-d1-s0-v1 (0)
change-tableau-and-continue card-d1-s0-v1 pile-1 pile-2 card-d1-s0-v0 (0)
change-tableau-and-stop card-d1-s0-v0 pile-1 pile-2 (0)
make-movable-ignore-pile pile-1 (0)
start-collecting-deck card-d1-s0-v0 (1)
collect-card card-d1-s0-v0 card-d1-s0-v1 pile-2 (0)
collect-card card-d1-s0-v1 card-d0-s0-v2 pile-2 (0)
collect-card card-d0-s0-v2 card-d0-s0-v3 pile-2 (0)
collect-card card-d0-s0-v3 card-d0-s0-v4 pile-2 (0)
collect-card card-d0-s0-v4 card-d1-s0-v5 pile-2 (0)
finish-collecting-deck card-d1-s0-v5 card-d1-s1-v0 pile-2 (0)
make-movable-and-stop card-d1-s1-v0 card-d0-s1-v5 (0)
move-to-card card-d1-s1-v0 card-d0-s1-v5 card-d0-s1-v1 pile-0 (1)
change-tableau-and-stop card-d1-s1-v0 pile-2 pile-0 (0)
make-movable-and-stop card-d0-s1-v5 pile-2 (0)
move-to-card card-d0-s1-v4 pile-0 card-d0-s1-v5 pile-2 (1)
change-tableau-and-continue card-d0-s1-v4 pile-0 pile-2 card-d0-s1-v3 (0)
change-tableau-and-continue card-d0-s1-v3 pile-0 pile-2 card-d0-s1-v2 (0)
change-tableau-and-continue card-d0-s1-v2 pile-0 pile-2 card-d0-s1-v1 (0)
change-tableau-and-continue card-d0-s1-v1 pile-0 pile-2 card-d1-s1-v0 (0)
change-tableau-and-stop card-d1-s1-v0 pile-0 pile-2 (0)
make-movable-ignore-pile pile-0 (0)
start-collecting-deck card-d1-s1-v0 (1)
collect-card card-d1-s1-v0 card-d0-s1-v1 pile-2 (0)
collect-card card-d0-s1-v1 card-d0-s1-v2 pile-2 (0)
collect-card card-d0-s1-v2 card-d0-s1-v3 pile-2 (0)
collect-card card-d0-s1-v3 card-d0-s1-v4 pile-2 (0)
collect-card card-d0-s1-v4 card-d0-s1-v5 pile-2 (0)
finish-collecting-deck card-d0-s1-v5 pile-2 pile-2 (0)
[t=62.061741s, 49548 KB] Plan length: 187 step(s).
[t=62.061741s, 49548 KB] Plan cost: 35
[t=62.061741s, 49548 KB] Expanded 43112 state(s).
[t=62.061741s, 49548 KB] Reopened 0 state(s).
[t=62.061741s, 49548 KB] Evaluated 52212 state(s).
[t=62.061741s, 49548 KB] Evaluations: 95325
[t=62.061741s, 49548 KB] Generated 67084 state(s).
[t=62.061741s, 49548 KB] Dead ends: 9099 state(s).
[t=62.061741s, 49548 KB] Number of registered states: 52212
[t=62.061741s, 49548 KB] Int hash set load factor: 52212/65536 = 0.796692
[t=62.061741s, 49548 KB] Int hash set resizes: 16
[t=62.061741s, 49548 KB] Best solution cost so far: 35
[t=62.061741s, 49548 KB] Solution found - keep searching
[t=62.061741s, 49548 KB] Building successor generator...done!
[t=62.061741s, 49548 KB] peak memory difference for successor generator creation: 0 KB
[t=62.061741s, 49548 KB] time for successor generation creation: 0.000000s
[t=62.061741s, 49548 KB] Variables: 376
[t=62.061741s, 49548 KB] FactPairs: 1081
[t=62.061741s, 49548 KB] Bytes per state: 60
[t=62.061741s, 49548 KB] Starting search: lazy_wastar
[t=62.061741s, 49548 KB] Conducting lazy best first search, (real) bound = 35
[t=62.061741s, 49548 KB] New best heuristic value for ff: 144
[t=62.061741s, 49548 KB] New best heuristic value for landmark_sum_heuristic: 151
[t=62.061741s, 49548 KB] g=0, 1 evaluated, 0 expanded
[t=62.061741s, 49548 KB] Initial heuristic value for ff: 144
[t=62.061741s, 49548 KB] Initial heuristic value for landmark_sum_heuristic: 151
[t=62.061741s, 49548 KB] New best heuristic value for landmark_sum_heuristic: 146
[t=62.061741s, 49548 KB] g=1, 2 evaluated, 1 expanded
[t=62.061741s, 49548 KB] New best heuristic value for landmark_sum_heuristic: 145
[t=62.061741s, 49548 KB] g=1, 3 evaluated, 2 expanded
[t=62.065745s, 49548 KB] New best heuristic value for ff: 137
[t=62.065745s, 49548 KB] g=1, 6 evaluated, 5 expanded
[t=62.069745s, 49548 KB] New best heuristic value for landmark_sum_heuristic: 141
[t=62.069745s, 49548 KB] g=2, 11 evaluated, 10 expanded
[t=62.069745s, 49548 KB] New best heuristic value for landmark_sum_heuristic: 140
[t=62.069745s, 49548 KB] g=2, 13 evaluated, 12 expanded
[t=62.073747s, 49548 KB] New best heuristic value for ff: 136
[t=62.073747s, 49548 KB] g=1, 18 evaluated, 17 expanded
[t=62.077747s, 49548 KB] New best heuristic value for landmark_sum_heuristic: 139
[t=62.077747s, 49548 KB] g=3, 24 evaluated, 21 expanded
[t=62.081748s, 49548 KB] New best heuristic value for landmark_sum_heuristic: 137
[t=62.081748s, 49548 KB] g=3, 27 evaluated, 24 expanded
[t=62.085750s, 49548 KB] New best heuristic value for landmark_sum_heuristic: 136
[t=62.085750s, 49548 KB] g=3, 32 evaluated, 29 expanded
[t=62.085750s, 49548 KB] New best heuristic value for landmark_sum_heuristic: 134
[t=62.085750s, 49548 KB] g=3, 34 evaluated, 31 expanded
[t=62.089755s, 49548 KB] New best heuristic value for landmark_sum_heuristic: 132
[t=62.089755s, 49548 KB] g=3, 36 evaluated, 33 expanded
[t=62.089755s, 49548 KB] New best heuristic value for landmark_sum_heuristic: 131
[t=62.089755s, 49548 KB] g=4, 38 evaluated, 35 expanded
[t=62.089755s, 49548 KB] New best heuristic value for landmark_sum_heuristic: 130
[t=62.089755s, 49548 KB] g=4, 39 evaluated, 36 expanded
[t=62.093755s, 49548 KB] New best heuristic value for landmark_sum_heuristic: 129
[t=62.093755s, 49548 KB] g=5, 42 evaluated, 39 expanded
[t=62.093755s, 49548 KB] New best heuristic value for landmark_sum_heuristic: 128
[t=62.093755s, 49548 KB] g=5, 45 evaluated, 42 expanded
[t=62.097754s, 49548 KB] New best heuristic value for landmark_sum_heuristic: 127
[t=62.097754s, 49548 KB] g=5, 47 evaluated, 44 expanded
[t=62.101756s, 49548 KB] New best heuristic value for landmark_sum_heuristic: 122
[t=62.101756s, 49548 KB] g=6, 51 evaluated, 48 expanded
[t=62.101756s, 49548 KB] New best heuristic value for landmark_sum_heuristic: 121
[t=62.101756s, 49548 KB] g=6, 52 evaluated, 49 expanded
[t=62.105758s, 49548 KB] New best heuristic value for ff: 135
[t=62.105758s, 49548 KB] New best heuristic value for landmark_sum_heuristic: 120
[t=62.105758s, 49548 KB] g=7, 57 evaluated, 54 expanded
[t=62.105758s, 49548 KB] New best heuristic value for landmark_sum_heuristic: 118
[t=62.105758s, 49548 KB] g=7, 58 evaluated, 55 expanded
[t=62.105758s, 49548 KB] New best heuristic value for landmark_sum_heuristic: 117
[t=62.105758s, 49548 KB] g=7, 59 evaluated, 56 expanded
[t=62.105758s, 49548 KB] New best heuristic value for landmark_sum_heuristic: 116
[t=62.105758s, 49548 KB] g=7, 60 evaluated, 57 expanded
[t=62.109802s, 49548 KB] New best heuristic value for landmark_sum_heuristic: 112
[t=62.109802s, 49548 KB] g=7, 62 evaluated, 59 expanded
[t=62.109802s, 49548 KB] New best heuristic value for landmark_sum_heuristic: 108
[t=62.109802s, 49548 KB] g=7, 64 evaluated, 61 expanded
[t=62.113757s, 49548 KB] New best heuristic value for landmark_sum_heuristic: 107
[t=62.113757s, 49548 KB] g=7, 65 evaluated, 62 expanded
[t=62.113757s, 49548 KB] New best heuristic value for landmark_sum_heuristic: 106
[t=62.113757s, 49548 KB] g=8, 70 evaluated, 66 expanded
[t=62.117758s, 49548 KB] New best heuristic value for landmark_sum_heuristic: 105
[t=62.117758s, 49548 KB] g=8, 71 evaluated, 67 expanded
[t=62.125749s, 49548 KB] New best heuristic value for landmark_sum_heuristic: 104
[t=62.125749s, 49548 KB] g=9, 85 evaluated, 79 expanded
[t=62.129749s, 49548 KB] New best heuristic value for landmark_sum_heuristic: 103
[t=62.129749s, 49548 KB] g=10, 87 evaluated, 81 expanded
[t=62.129749s, 49548 KB] New best heuristic value for landmark_sum_heuristic: 102
[t=62.129749s, 49548 KB] g=10, 88 evaluated, 82 expanded
[t=62.137754s, 49548 KB] New best heuristic value for ff: 133
[t=62.137754s, 49548 KB] New best heuristic value for landmark_sum_heuristic: 101
[t=62.137754s, 49548 KB] g=11, 99 evaluated, 90 expanded
[t=62.137754s, 49548 KB] New best heuristic value for ff: 132
[t=62.137754s, 49548 KB] New best heuristic value for landmark_sum_heuristic: 100
[t=62.137754s, 49548 KB] g=11, 100 evaluated, 91 expanded
[t=62.137754s, 49548 KB] New best heuristic value for ff: 129
[t=62.137754s, 49548 KB] g=11, 101 evaluated, 92 expanded
[t=62.141757s, 49548 KB] New best heuristic value for ff: 128
[t=62.141757s, 49548 KB] g=12, 107 evaluated, 96 expanded
[t=62.141757s, 49548 KB] New best heuristic value for ff: 127
[t=62.141757s, 49548 KB] g=12, 108 evaluated, 97 expanded
[t=62.153758s, 49548 KB] New best heuristic value for ff: 126
[t=62.153758s, 49548 KB] g=12, 122 evaluated, 108 expanded
[t=62.153758s, 49548 KB] New best heuristic value for ff: 125
[t=62.153758s, 49548 KB] g=12, 123 evaluated, 109 expanded
[t=62.373806s, 49548 KB] New best heuristic value for landmark_sum_heuristic: 99
[t=62.373806s, 49548 KB] g=14, 455 evaluated, 390 expanded, 5 reopened
[t=63.489944s, 49548 KB] New best heuristic value for ff: 124
[t=63.493946s, 49548 KB] g=15, 2185 evaluated, 1894 expanded, 73 reopened
[t=63.493946s, 49548 KB] New best heuristic value for ff: 122
[t=63.493946s, 49548 KB] g=15, 2189 evaluated, 1898 expanded, 73 reopened
[t=63.493946s, 49548 KB] New best heuristic value for ff: 121
[t=63.493946s, 49548 KB] g=15, 2191 evaluated, 1899 expanded, 73 reopened
[t=63.549950s, 49548 KB] New best heuristic value for ff: 120
[t=63.549950s, 49548 KB] g=19, 2266 evaluated, 1968 expanded, 73 reopened
[t=63.821948s, 49548 KB] New best heuristic value for ff: 119
[t=63.821948s, 49548 KB] g=14, 2668 evaluated, 2326 expanded, 82 reopened
[t=63.845944s, 49548 KB] New best heuristic value for ff: 116
[t=63.845944s, 49548 KB] g=15, 2702 evaluated, 2356 expanded, 84 reopened
[t=63.853960s, 49548 KB] New best heuristic value for ff: 115
[t=63.853960s, 49548 KB] g=16, 2708 evaluated, 2362 expanded, 84 reopened
[t=63.857952s, 49548 KB] New best heuristic value for ff: 104
[t=63.857952s, 49548 KB] g=16, 2713 evaluated, 2366 expanded, 84 reopened
[t=63.857952s, 49548 KB] New best heuristic value for landmark_sum_heuristic: 96
[t=63.857952s, 49548 KB] g=17, 2714 evaluated, 2367 expanded, 84 reopened
[t=63.857952s, 49548 KB] New best heuristic value for landmark_sum_heuristic: 95
[t=63.857952s, 49548 KB] g=17, 2715 evaluated, 2368 expanded, 84 reopened
[t=63.857952s, 49548 KB] New best heuristic value for ff: 102
[t=63.857952s, 49548 KB] g=17, 2717 evaluated, 2370 expanded, 84 reopened
[t=63.861942s, 49548 KB] New best heuristic value for landmark_sum_heuristic: 94
[t=63.861942s, 49548 KB] g=18, 2718 evaluated, 2371 expanded, 84 reopened
[t=63.861942s, 49548 KB] New best heuristic value for landmark_sum_heuristic: 93
[t=63.861942s, 49548 KB] g=18, 2719 evaluated, 2372 expanded, 84 reopened
[t=63.861942s, 49548 KB] New best heuristic value for landmark_sum_heuristic: 92
[t=63.861942s, 49548 KB] g=18, 2721 evaluated, 2373 expanded, 84 reopened
[t=63.889945s, 49548 KB] New best heuristic value for landmark_sum_heuristic: 91
[t=63.889945s, 49548 KB] g=19, 2771 evaluated, 2408 expanded, 84 reopened
[t=63.917942s, 49548 KB] New best heuristic value for landmark_sum_heuristic: 90
[t=63.917942s, 49548 KB] g=21, 2823 evaluated, 2439 expanded, 85 reopened
[t=69.890221s, 49548 KB] New best heuristic value for ff: 101
[t=69.890221s, 49548 KB] New best heuristic value for landmark_sum_heuristic: 89
[t=69.890221s, 49548 KB] g=14, 12162 evaluated, 10221 expanded, 412 reopened
[t=69.890221s, 49548 KB] New best heuristic value for landmark_sum_heuristic: 86
[t=69.890221s, 49548 KB] g=14, 12163 evaluated, 10222 expanded, 412 reopened
[t=72.128931s, 49548 KB] New best heuristic value for ff: 98
[t=72.128931s, 49548 KB] g=17, 15642 evaluated, 13211 expanded, 527 reopened
[t=72.128931s, 49548 KB] New best heuristic value for ff: 92
[t=72.128931s, 49548 KB] g=17, 15643 evaluated, 13212 expanded, 527 reopened
[t=72.132953s, 49548 KB] New best heuristic value for ff: 84
[t=72.132953s, 49548 KB] g=17, 15644 evaluated, 13213 expanded, 527 reopened
[t=72.132953s, 49548 KB] New best heuristic value for landmark_sum_heuristic: 84
[t=72.132953s, 49548 KB] g=17, 15645 evaluated, 13214 expanded, 527 reopened
[t=72.132953s, 49548 KB] New best heuristic value for landmark_sum_heuristic: 81
[t=72.132953s, 49548 KB] g=17, 15646 evaluated, 13215 expanded, 527 reopened
[t=72.132953s, 49548 KB] New best heuristic value for landmark_sum_heuristic: 80
[t=72.132953s, 49548 KB] g=18, 15648 evaluated, 13217 expanded, 527 reopened
[t=72.132953s, 49548 KB] New best heuristic value for landmark_sum_heuristic: 79
[t=72.132953s, 49548 KB] g=18, 15649 evaluated, 13218 expanded, 527 reopened
[t=72.136870s, 49548 KB] New best heuristic value for landmark_sum_heuristic: 78
[t=72.136870s, 49548 KB] g=18, 15650 evaluated, 13219 expanded, 527 reopened
[t=72.136870s, 49548 KB] New best heuristic value for landmark_sum_heuristic: 76
[t=72.136870s, 49548 KB] g=19, 15654 evaluated, 13222 expanded, 527 reopened
[t=72.140862s, 49548 KB] New best heuristic value for ff: 83
[t=72.140862s, 49548 KB] g=19, 15657 evaluated, 13225 expanded, 527 reopened
[t=72.140862s, 49548 KB] New best heuristic value for ff: 82
[t=72.140862s, 49548 KB] New best heuristic value for landmark_sum_heuristic: 75
[t=72.140862s, 49548 KB] g=19, 15658 evaluated, 13226 expanded, 527 reopened
[t=72.144858s, 49548 KB] New best heuristic value for ff: 76
[t=72.144858s, 49548 KB] g=20, 15666 evaluated, 13232 expanded, 527 reopened
[t=72.152852s, 49548 KB] New best heuristic value for ff: 75
[t=72.152852s, 49548 KB] g=18, 15681 evaluated, 13243 expanded, 527 reopened
[t=72.156848s, 49548 KB] New best heuristic value for landmark_sum_heuristic: 74
[t=72.156848s, 49548 KB] g=20, 15691 evaluated, 13251 expanded, 528 reopened
[t=98.889186s, 50876 KB] New best heuristic value for landmark_sum_heuristic: 72
[t=98.893183s, 50876 KB] g=19, 59050 evaluated, 48053 expanded, 1937 reopened
[t=98.893183s, 50876 KB] New best heuristic value for landmark_sum_heuristic: 71
[t=98.893183s, 50876 KB] g=19, 59051 evaluated, 48054 expanded, 1937 reopened
[t=98.901179s, 50876 KB] New best heuristic value for landmark_sum_heuristic: 70
[t=98.901179s, 50876 KB] g=20, 59068 evaluated, 48067 expanded, 1937 reopened
[t=98.905176s, 50876 KB] New best heuristic value for landmark_sum_heuristic: 69
[t=98.905176s, 50876 KB] g=21, 59080 evaluated, 48077 expanded, 1937 reopened
[t=98.909171s, 50876 KB] New best heuristic value for ff: 65
[t=98.909171s, 50876 KB] New best heuristic value for landmark_sum_heuristic: 68
[t=98.909171s, 50876 KB] g=22, 59085 evaluated, 48082 expanded, 1937 reopened
[t=98.913171s, 50876 KB] New best heuristic value for landmark_sum_heuristic: 66
[t=98.913171s, 50876 KB] g=22, 59086 evaluated, 48083 expanded, 1937 reopened
[t=98.913171s, 50876 KB] New best heuristic value for ff: 62
[t=98.913171s, 50876 KB] New best heuristic value for landmark_sum_heuristic: 64
[t=98.913171s, 50876 KB] g=22, 59087 evaluated, 48084 expanded, 1937 reopened
[t=98.913171s, 50876 KB] New best heuristic value for ff: 61
[t=98.913171s, 50876 KB] New best heuristic value for landmark_sum_heuristic: 62
[t=98.913171s, 50876 KB] g=22, 59088 evaluated, 48085 expanded, 1937 reopened
[t=98.913171s, 50876 KB] New best heuristic value for ff: 56
[t=98.913171s, 50876 KB] New best heuristic value for landmark_sum_heuristic: 60
[t=98.913171s, 50876 KB] g=22, 59089 evaluated, 48086 expanded, 1937 reopened
[t=98.913171s, 50876 KB] New best heuristic value for landmark_sum_heuristic: 57
[t=98.913171s, 50876 KB] g=22, 59090 evaluated, 48087 expanded, 1937 reopened
[t=98.913171s, 50876 KB] New best heuristic value for landmark_sum_heuristic: 55
[t=98.913171s, 50876 KB] g=22, 59091 evaluated, 48088 expanded, 1937 reopened
[t=98.913171s, 50876 KB] New best heuristic value for ff: 55
[t=98.913171s, 50876 KB] g=22, 59092 evaluated, 48089 expanded, 1937 reopened
[t=98.917185s, 50876 KB] New best heuristic value for ff: 54
[t=98.917185s, 50876 KB] New best heuristic value for landmark_sum_heuristic: 53
[t=98.917185s, 50876 KB] g=23, 59093 evaluated, 48090 expanded, 1937 reopened
[t=98.917185s, 50876 KB] New best heuristic value for ff: 53
[t=98.917185s, 50876 KB] g=23, 59094 evaluated, 48091 expanded, 1937 reopened
[t=98.917185s, 50876 KB] New best heuristic value for ff: 52
[t=98.917185s, 50876 KB] New best heuristic value for landmark_sum_heuristic: 52
[t=98.917185s, 50876 KB] g=23, 59095 evaluated, 48092 expanded, 1937 reopened
[t=98.917185s, 50876 KB] New best heuristic value for ff: 51
[t=98.917185s, 50876 KB] g=23, 59096 evaluated, 48093 expanded, 1937 reopened
[t=98.921154s, 50876 KB] New best heuristic value for ff: 50
[t=98.921154s, 50876 KB] g=24, 59100 evaluated, 48097 expanded, 1937 reopened
[t=98.921154s, 50876 KB] New best heuristic value for ff: 49
[t=98.921154s, 50876 KB] New best heuristic value for landmark_sum_heuristic: 51
[t=98.921154s, 50876 KB] g=24, 59101 evaluated, 48098 expanded, 1937 reopened
[t=98.921154s, 50876 KB] New best heuristic value for ff: 48
[t=98.921154s, 50876 KB] g=24, 59102 evaluated, 48099 expanded, 1937 reopened
[t=98.921154s, 50876 KB] New best heuristic value for landmark_sum_heuristic: 47
[t=98.921154s, 50876 KB] g=25, 59103 evaluated, 48100 expanded, 1937 reopened
[t=98.925148s, 50876 KB] New best heuristic value for ff: 47
[t=98.925148s, 50876 KB] New best heuristic value for landmark_sum_heuristic: 46
[t=98.925148s, 50876 KB] g=25, 59104 evaluated, 48101 expanded, 1937 reopened
[t=98.925148s, 50876 KB] New best heuristic value for ff: 46
[t=98.925148s, 50876 KB] g=25, 59105 evaluated, 48102 expanded, 1937 reopened
[t=98.925148s, 50876 KB] New best heuristic value for ff: 45
[t=98.925148s, 50876 KB] g=26, 59108 evaluated, 48105 expanded, 1937 reopened
[t=98.925148s, 50876 KB] New best heuristic value for ff: 44
[t=98.925148s, 50876 KB] g=26, 59109 evaluated, 48106 expanded, 1937 reopened
[t=98.929147s, 50876 KB] New best heuristic value for ff: 43
[t=98.929147s, 50876 KB] g=26, 59111 evaluated, 48107 expanded, 1937 reopened
[t=98.929147s, 50876 KB] New best heuristic value for ff: 42
[t=98.929147s, 50876 KB] g=26, 59113 evaluated, 48109 expanded, 1937 reopened
[t=98.933142s, 50876 KB] New best heuristic value for ff: 41
[t=98.933142s, 50876 KB] g=27, 59119 evaluated, 48114 expanded, 1937 reopened
[t=98.933142s, 50876 KB] New best heuristic value for ff: 40
[t=98.933142s, 50876 KB] g=27, 59121 evaluated, 48116 expanded, 1937 reopened
[t=98.933142s, 50876 KB] New best heuristic value for ff: 37
[t=98.933142s, 50876 KB] g=27, 59123 evaluated, 48118 expanded, 1937 reopened
[t=98.933142s, 50876 KB] New best heuristic value for ff: 36
[t=98.933142s, 50876 KB] New best heuristic value for landmark_sum_heuristic: 44
[t=98.933142s, 50876 KB] g=28, 59124 evaluated, 48119 expanded, 1937 reopened
[t=98.933142s, 50876 KB] New best heuristic value for ff: 35
[t=98.933142s, 50876 KB] New best heuristic value for landmark_sum_heuristic: 43
[t=98.933142s, 50876 KB] g=28, 59125 evaluated, 48120 expanded, 1937 reopened
[t=98.937138s, 50876 KB] New best heuristic value for ff: 34
[t=98.937138s, 50876 KB] g=28, 59126 evaluated, 48121 expanded, 1937 reopened
[t=98.937138s, 50876 KB] New best heuristic value for landmark_sum_heuristic: 41
[t=98.937138s, 50876 KB] g=29, 59127 evaluated, 48122 expanded, 1937 reopened
[t=98.937138s, 50876 KB] New best heuristic value for ff: 32
[t=98.937138s, 50876 KB] g=29, 59131 evaluated, 48126 expanded, 1937 reopened
[t=98.937138s, 50876 KB] New best heuristic value for ff: 31
[t=98.937138s, 50876 KB] g=29, 59133 evaluated, 48128 expanded, 1937 reopened
[t=98.941135s, 50876 KB] New best heuristic value for landmark_sum_heuristic: 40
[t=98.941135s, 50876 KB] g=29, 59134 evaluated, 48129 expanded, 1937 reopened
[t=98.941135s, 50876 KB] New best heuristic value for ff: 30
[t=98.941135s, 50876 KB] g=29, 59135 evaluated, 48130 expanded, 1937 reopened
[t=98.941135s, 50876 KB] New best heuristic value for landmark_sum_heuristic: 39
[t=98.941135s, 50876 KB] g=30, 59137 evaluated, 48132 expanded, 1937 reopened
[t=98.945146s, 50876 KB] New best heuristic value for ff: 29
[t=98.945146s, 50876 KB] New best heuristic value for landmark_sum_heuristic: 38
[t=98.945146s, 50876 KB] g=30, 59145 evaluated, 48139 expanded, 1937 reopened
[t=98.945146s, 50876 KB] New best heuristic value for ff: 28
[t=98.945146s, 50876 KB] g=30, 59146 evaluated, 48140 expanded, 1937 reopened
[t=98.949229s, 51012 KB] New best heuristic value for ff: 24
[t=98.949229s, 51012 KB] New best heuristic value for landmark_sum_heuristic: 36
[t=98.949229s, 51012 KB] g=31, 59150 evaluated, 48144 expanded, 1937 reopened
[t=98.949229s, 51012 KB] New best heuristic value for ff: 23
[t=98.949229s, 51012 KB] New best heuristic value for landmark_sum_heuristic: 34
[t=98.949229s, 51012 KB] g=31, 59151 evaluated, 48145 expanded, 1937 reopened
[t=98.949229s, 51012 KB] New best heuristic value for ff: 22
[t=98.949229s, 51012 KB] New best heuristic value for landmark_sum_heuristic: 32
[t=98.949229s, 51012 KB] g=31, 59152 evaluated, 48146 expanded, 1937 reopened
[t=98.949229s, 51012 KB] New best heuristic value for ff: 21
[t=98.949229s, 51012 KB] New best heuristic value for landmark_sum_heuristic: 30
[t=98.949229s, 51012 KB] g=31, 59153 evaluated, 48147 expanded, 1937 reopened
[t=98.949229s, 51012 KB] New best heuristic value for ff: 20
[t=98.949229s, 51012 KB] New best heuristic value for landmark_sum_heuristic: 28
[t=98.949229s, 51012 KB] g=31, 59154 evaluated, 48148 expanded, 1937 reopened
[t=98.949229s, 51012 KB] New best heuristic value for ff: 19
[t=98.949229s, 51012 KB] New best heuristic value for landmark_sum_heuristic: 26
[t=98.949229s, 51012 KB] g=31, 59155 evaluated, 48149 expanded, 1937 reopened
[t=98.953139s, 51012 KB] New best heuristic value for ff: 18
[t=98.953139s, 51012 KB] New best heuristic value for landmark_sum_heuristic: 23
[t=98.953139s, 51012 KB] g=31, 59156 evaluated, 48150 expanded, 1937 reopened
[t=98.953139s, 51012 KB] New best heuristic value for ff: 17
[t=98.953139s, 51012 KB] New best heuristic value for landmark_sum_heuristic: 21
[t=98.953139s, 51012 KB] g=31, 59157 evaluated, 48151 expanded, 1937 reopened
[t=98.953139s, 51012 KB] New best heuristic value for ff: 14
[t=98.953139s, 51012 KB] g=32, 59159 evaluated, 48153 expanded, 1937 reopened
[t=98.953139s, 51012 KB] New best heuristic value for ff: 13
[t=98.953139s, 51012 KB] New best heuristic value for landmark_sum_heuristic: 20
[t=98.953139s, 51012 KB] g=32, 59160 evaluated, 48154 expanded, 1937 reopened
[t=98.953139s, 51012 KB] New best heuristic value for ff: 12
[t=98.953139s, 51012 KB] New best heuristic value for landmark_sum_heuristic: 19
[t=98.953139s, 51012 KB] g=32, 59161 evaluated, 48155 expanded, 1937 reopened
[t=98.953139s, 51012 KB] New best heuristic value for landmark_sum_heuristic: 18
[t=98.953139s, 51012 KB] g=33, 59162 evaluated, 48156 expanded, 1937 reopened
[t=98.957125s, 51012 KB] New best heuristic value for ff: 11
[t=98.957125s, 51012 KB] New best heuristic value for landmark_sum_heuristic: 17
[t=98.957125s, 51012 KB] g=33, 59169 evaluated, 48162 expanded, 1937 reopened
[t=98.957125s, 51012 KB] New best heuristic value for ff: 10
[t=98.957125s, 51012 KB] New best heuristic value for landmark_sum_heuristic: 16
[t=98.957125s, 51012 KB] g=33, 59170 evaluated, 48163 expanded, 1937 reopened
[t=98.957125s, 51012 KB] New best heuristic value for ff: 6
[t=98.957125s, 51012 KB] New best heuristic value for landmark_sum_heuristic: 12
[t=98.957125s, 51012 KB] g=34, 59171 evaluated, 48164 expanded, 1937 reopened
[t=98.957125s, 51012 KB] New best heuristic value for ff: 5
[t=98.957125s, 51012 KB] New best heuristic value for landmark_sum_heuristic: 10
[t=98.957125s, 51012 KB] g=34, 59172 evaluated, 48165 expanded, 1937 reopened
[t=98.957125s, 51012 KB] New best heuristic value for ff: 4
[t=98.957125s, 51012 KB] New best heuristic value for landmark_sum_heuristic: 8
[t=98.957125s, 51012 KB] g=34, 59173 evaluated, 48166 expanded, 1937 reopened
[t=98.957125s, 51012 KB] New best heuristic value for ff: 3
[t=98.957125s, 51012 KB] New best heuristic value for landmark_sum_heuristic: 6
[t=98.957125s, 51012 KB] g=34, 59174 evaluated, 48167 expanded, 1937 reopened
[t=98.961123s, 51012 KB] New best heuristic value for ff: 2
[t=98.961123s, 51012 KB] New best heuristic value for landmark_sum_heuristic: 4
[t=98.961123s, 51012 KB] g=34, 59175 evaluated, 48168 expanded, 1937 reopened
[t=98.961123s, 51012 KB] New best heuristic value for ff: 1
[t=98.961123s, 51012 KB] New best heuristic value for landmark_sum_heuristic: 2
[t=98.961123s, 51012 KB] g=34, 59176 evaluated, 48169 expanded, 1937 reopened
[t=98.961123s, 51012 KB] Solution found!
[t=98.961123s, 51012 KB] Actual search time: 36.899382s
move-to-card card-d1-s0-v3 card-d0-s1-v0 card-d1-s1-v4 pile-3 (1)
change-tableau-and-stop card-d1-s0-v3 pile-0 pile-3 (0)
make-unmovable-and-continue card-d1-s1-v4 card-d1-s1-v5 (0)
make-unmovable-and-stop-at-unmovable card-d1-s1-v5 card-d0-s0-v4 (0)
make-movable-and-stop card-d0-s1-v0 card-d0-s0-v0 (0)
start-dealing  (1)
deal-card card-d1-s1-v1 card-d1-s0-v2 deal-0 card-d0-s1-v0 pile-0 (0)
make-unmovable-and-stop-at-unmovable card-d0-s1-v0 card-d0-s0-v0 (0)
deal-card card-d1-s0-v2 card-d0-s0-v5 deal-0 card-d1-s1-v3 pile-1 (0)
make-unmovable-and-continue card-d1-s1-v3 card-d0-s1-v4 (0)
make-unmovable-and-stop-at-unmovable card-d0-s1-v4 card-d0-s0-v1 (0)
deal-card card-d0-s0-v5 card-d0-s0-v3 deal-0 card-d1-s0-v1 pile-2 (0)
make-unmovable-and-stop-at-unmovable card-d1-s0-v1 card-d1-s0-v5 (0)
deal-card card-d0-s0-v3 deal-0 deal-0 card-d1-s0-v3 pile-3 (0)
make-unmovable-and-stop-at-unmovable card-d1-s0-v3 card-d1-s1-v4 (0)
finish-dealing deal-0 deal-1 (0)
move-to-card card-d1-s0-v2 card-d1-s1-v3 card-d0-s0-v3 pile-3 (1)
change-tableau-and-stop card-d1-s0-v2 pile-1 pile-3 (0)
make-movable-and-continue card-d1-s1-v3 card-d0-s1-v4 (0)
make-movable-and-stop card-d0-s1-v4 card-d0-s0-v1 (0)
move-to-card card-d0-s1-v4 card-d0-s0-v1 card-d0-s0-v5 pile-2 (1)
change-tableau-and-continue card-d0-s1-v4 pile-1 pile-2 card-d1-s1-v3 (0)
change-tableau-and-stop card-d1-s1-v3 pile-1 pile-2 (0)
make-unmovable-and-stop-at-unmovable card-d0-s0-v5 card-d1-s0-v1 (0)
make-movable-and-stop card-d0-s0-v1 card-d1-s0-v4 (0)
move-to-card card-d1-s1-v1 card-d0-s1-v0 card-d1-s0-v2 pile-3 (1)
change-tableau-and-stop card-d1-s1-v1 pile-0 pile-3 (0)
make-unmovable-and-continue card-d1-s0-v2 card-d0-s0-v3 (0)
make-unmovable-and-stop-at-unmovable card-d0-s0-v3 card-d1-s0-v3 (0)
make-movable-and-stop card-d0-s1-v0 card-d0-s0-v0 (0)
move-to-card card-d0-s1-v0 card-d0-s0-v0 card-d1-s1-v1 pile-3 (1)
change-tableau-and-stop card-d0-s1-v0 pile-0 pile-3 (0)
make-movable-and-stop card-d0-s0-v0 card-d1-s1-v2 (0)
move-to-card card-d0-s0-v0 card-d1-s1-v2 card-d0-s0-v1 pile-1 (1)
change-tableau-and-stop card-d0-s0-v0 pile-0 pile-1 (0)
make-movable-and-stop card-d1-s1-v2 pile-0 (0)
move-to-card card-d1-s1-v1 card-d1-s0-v2 card-d1-s1-v2 pile-0 (1)
change-tableau-and-continue card-d1-s1-v1 pile-3 pile-0 card-d0-s1-v0 (0)
change-tableau-and-stop card-d0-s1-v0 pile-3 pile-0 (0)
make-movable-and-continue card-d1-s0-v2 card-d0-s0-v3 (0)
make-movable-and-stop card-d0-s0-v3 card-d1-s0-v3 (0)
move-to-card card-d0-s0-v1 card-d1-s0-v4 card-d1-s0-v2 pile-3 (1)
change-tableau-and-continue card-d0-s0-v1 pile-1 pile-3 card-d0-s0-v0 (0)
change-tableau-and-stop card-d0-s0-v0 pile-1 pile-3 (0)
make-movable-and-stop card-d1-s0-v4 pile-1 (0)
move-to-card card-d1-s1-v2 pile-0 card-d1-s1-v3 pile-2 (1)
change-tableau-and-continue card-d1-s1-v2 pile-0 pile-2 card-d1-s1-v1 (0)
change-tableau-and-continue card-d1-s1-v1 pile-0 pile-2 card-d0-s1-v0 (0)
change-tableau-and-stop card-d0-s1-v0 pile-0 pile-2 (0)
make-movable-ignore-pile pile-0 (0)
move-to-tableau card-d0-s1-v4 card-d0-s0-v5 pile-0 (1)
change-tableau-and-continue card-d0-s1-v4 pile-2 pile-0 card-d1-s1-v3 (0)
change-tableau-and-continue card-d1-s1-v3 pile-2 pile-0 card-d1-s1-v2 (0)
change-tableau-and-continue card-d1-s1-v2 pile-2 pile-0 card-d1-s1-v1 (0)
change-tableau-and-continue card-d1-s1-v1 pile-2 pile-0 card-d0-s1-v0 (0)
change-tableau-and-stop card-d0-s1-v0 pile-2 pile-0 (0)
make-movable-and-stop card-d0-s0-v5 card-d1-s0-v1 (0)
move-to-card card-d0-s0-v3 card-d1-s0-v3 card-d1-s0-v4 pile-1 (1)
change-tableau-and-continue card-d0-s0-v3 pile-3 pile-1 card-d1-s0-v2 (0)
change-tableau-and-continue card-d1-s0-v2 pile-3 pile-1 card-d0-s0-v1 (0)
change-tableau-and-continue card-d0-s0-v1 pile-3 pile-1 card-d0-s0-v0 (0)
change-tableau-and-stop card-d0-s0-v0 pile-3 pile-1 (0)
make-movable-and-stop card-d1-s0-v3 card-d1-s1-v4 (0)
move-to-card card-d1-s0-v2 card-d0-s0-v3 card-d1-s0-v3 pile-3 (1)
change-tableau-and-continue card-d1-s0-v2 pile-1 pile-3 card-d0-s0-v1 (0)
change-tableau-and-continue card-d0-s0-v1 pile-1 pile-3 card-d0-s0-v0 (0)
change-tableau-and-stop card-d0-s0-v0 pile-1 pile-3 (0)
move-to-card card-d1-s0-v4 pile-1 card-d0-s0-v5 pile-2 (1)
change-tableau-and-continue card-d1-s0-v4 pile-1 pile-2 card-d0-s0-v3 (0)
change-tableau-and-stop card-d0-s0-v3 pile-1 pile-2 (0)
make-movable-ignore-pile pile-1 (0)
move-to-tableau card-d0-s0-v3 card-d1-s0-v4 pile-1 (1)
change-tableau-and-stop card-d0-s0-v3 pile-2 pile-1 (0)
move-to-card card-d1-s0-v3 card-d1-s1-v4 card-d1-s0-v4 pile-2 (1)
change-tableau-and-continue card-d1-s0-v3 pile-3 pile-2 card-d1-s0-v2 (0)
change-tableau-and-continue card-d1-s0-v2 pile-3 pile-2 card-d0-s0-v1 (0)
change-tableau-and-continue card-d0-s0-v1 pile-3 pile-2 card-d0-s0-v0 (0)
change-tableau-and-stop card-d0-s0-v0 pile-3 pile-2 (0)
make-movable-and-continue card-d1-s1-v4 card-d1-s1-v5 (0)
make-movable-and-stop card-d1-s1-v5 card-d0-s0-v4 (0)
start-collecting-deck card-d0-s0-v0 (1)
collect-card card-d0-s0-v0 card-d0-s0-v1 pile-2 (0)
collect-card card-d0-s0-v1 card-d1-s0-v2 pile-2 (0)
collect-card card-d1-s0-v2 card-d1-s0-v3 pile-2 (0)
collect-card card-d1-s0-v3 card-d1-s0-v4 pile-2 (0)
collect-card card-d1-s0-v4 card-d0-s0-v5 pile-2 (0)
finish-collecting-deck card-d0-s0-v5 card-d1-s0-v1 pile-2 (0)
make-movable-and-stop card-d1-s0-v1 card-d1-s0-v5 (0)
start-dealing  (1)
deal-card card-d0-s1-v1 card-d0-s0-v2 deal-1 card-d0-s1-v0 pile-0 (0)
make-unmovable-and-continue card-d0-s1-v0 card-d1-s1-v1 (0)
make-unmovable-and-continue card-d1-s1-v1 card-d1-s1-v2 (0)
make-unmovable-and-continue card-d1-s1-v2 card-d1-s1-v3 (0)
make-unmovable-and-continue card-d1-s1-v3 card-d0-s1-v4 (0)
make-unmovable-and-stop-at-tableau card-d0-s1-v4 pile-0 (0)
deal-card card-d0-s0-v2 card-d0-s1-v2 deal-1 card-d0-s0-v3 pile-1 (0)
deal-card card-d0-s1-v2 card-d1-s0-v0 deal-1 card-d1-s0-v1 pile-2 (0)
make-unmovable-and-stop-at-unmovable card-d1-s0-v1 card-d1-s0-v5 (0)
deal-card card-d1-s0-v0 deal-1 deal-1 card-d1-s1-v4 pile-3 (0)
make-unmovable-and-continue card-d1-s1-v4 card-d1-s1-v5 (0)
make-unmovable-and-stop-at-unmovable card-d1-s1-v5 card-d0-s0-v4 (0)
finish-dealing deal-1 deal-2 (0)
move-to-card card-d0-s1-v1 card-d0-s1-v0 card-d0-s1-v2 pile-2 (1)
change-tableau-and-stop card-d0-s1-v1 pile-0 pile-2 (0)
make-movable-and-continue card-d0-s1-v0 card-d1-s1-v1 (0)
make-movable-and-continue card-d1-s1-v1 card-d1-s1-v2 (0)
make-movable-and-continue card-d1-s1-v2 card-d1-s1-v3 (0)
make-movable-and-continue card-d1-s1-v3 card-d0-s1-v4 (0)
make-movable-and-stop card-d0-s1-v4 pile-0 (0)
move-to-card card-d1-s0-v0 card-d1-s1-v4 card-d0-s1-v1 pile-2 (1)
change-tableau-and-stop card-d1-s0-v0 pile-3 pile-2 (0)
make-unmovable-and-continue card-d0-s1-v1 card-d0-s1-v2 (0)
make-unmovable-and-stop-at-unmovable card-d0-s1-v2 card-d1-s0-v1 (0)
make-movable-and-continue card-d1-s1-v4 card-d1-s1-v5 (0)
make-movable-and-stop card-d1-s1-v5 card-d0-s0-v4 (0)
move-to-card card-d1-s1-v3 card-d0-s1-v4 card-d1-s1-v4 pile-3 (1)
change-tableau-and-continue card-d1-s1-v3 pile-0 pile-3 card-d1-s1-v2 (0)
change-tableau-and-continue card-d1-s1-v2 pile-0 pile-3 card-d1-s1-v1 (0)
change-tableau-and-continue card-d1-s1-v1 pile-0 pile-3 card-d0-s1-v0 (0)
change-tableau-and-stop card-d0-s1-v0 pile-0 pile-3 (0)
start-collecting-deck card-d0-s1-v0 (1)
collect-card card-d0-s1-v0 card-d1-s1-v1 pile-3 (0)
collect-card card-d1-s1-v1 card-d1-s1-v2 pile-3 (0)
collect-card card-d1-s1-v2 card-d1-s1-v3 pile-3 (0)
collect-card card-d1-s1-v3 card-d1-s1-v4 pile-3 (0)
collect-card card-d1-s1-v4 card-d1-s1-v5 pile-3 (0)
finish-collecting-deck card-d1-s1-v5 card-d0-s0-v4 pile-3 (0)
make-movable-and-stop card-d0-s0-v4 card-d0-s1-v3 (0)
move-to-card card-d0-s0-v3 pile-1 card-d0-s0-v4 pile-3 (1)
change-tableau-and-continue card-d0-s0-v3 pile-1 pile-3 card-d0-s0-v2 (0)
change-tableau-and-stop card-d0-s0-v2 pile-1 pile-3 (0)
make-movable-ignore-pile pile-1 (0)
move-to-tableau card-d0-s0-v4 card-d0-s1-v3 pile-1 (1)
change-tableau-and-continue card-d0-s0-v4 pile-3 pile-1 card-d0-s0-v3 (0)
change-tableau-and-continue card-d0-s0-v3 pile-3 pile-1 card-d0-s0-v2 (0)
change-tableau-and-stop card-d0-s0-v2 pile-3 pile-1 (0)
make-movable-and-stop card-d0-s1-v3 pile-3 (0)
move-to-card card-d0-s1-v3 pile-3 card-d0-s1-v4 pile-0 (1)
change-tableau-and-stop card-d0-s1-v3 pile-3 pile-0 (0)
make-movable-ignore-pile pile-3 (0)
move-to-tableau card-d1-s0-v0 card-d0-s1-v1 pile-3 (1)
change-tableau-and-stop card-d1-s0-v0 pile-2 pile-3 (0)
make-movable-and-continue card-d0-s1-v1 card-d0-s1-v2 (0)
make-movable-and-stop card-d0-s1-v2 card-d1-s0-v1 (0)
move-to-card card-d0-s1-v2 card-d1-s0-v1 card-d0-s1-v3 pile-0 (1)
change-tableau-and-continue card-d0-s1-v2 pile-2 pile-0 card-d0-s1-v1 (0)
change-tableau-and-stop card-d0-s1-v1 pile-2 pile-0 (0)
make-movable-and-stop card-d1-s0-v1 card-d1-s0-v5 (0)
move-to-card card-d1-s0-v1 card-d1-s0-v5 card-d0-s0-v2 pile-1 (1)
change-tableau-and-stop card-d1-s0-v1 pile-2 pile-1 (0)
make-movable-and-stop card-d1-s0-v5 card-d1-s1-v0 (0)
move-to-card card-d1-s0-v0 pile-3 card-d1-s0-v1 pile-1 (1)
change-tableau-and-stop card-d1-s0-v0 pile-3 pile-1 (0)
make-movable-ignore-pile pile-3 (0)
move-to-card card-d0-s0-v4 pile-1 card-d1-s0-v5 pile-2 (1)
change-tableau-and-continue card-d0-s0-v4 pile-1 pile-2 card-d0-s0-v3 (0)
change-tableau-and-continue card-d0-s0-v3 pile-1 pile-2 card-d0-s0-v2 (0)
change-tableau-and-continue card-d0-s0-v2 pile-1 pile-2 card-d1-s0-v1 (0)
change-tableau-and-continue card-d1-s0-v1 pile-1 pile-2 card-d1-s0-v0 (0)
change-tableau-and-stop card-d1-s0-v0 pile-1 pile-2 (0)
make-movable-ignore-pile pile-1 (0)
start-collecting-deck card-d1-s0-v0 (1)
collect-card card-d1-s0-v0 card-d1-s0-v1 pile-2 (0)
collect-card card-d1-s0-v1 card-d0-s0-v2 pile-2 (0)
collect-card card-d0-s0-v2 card-d0-s0-v3 pile-2 (0)
collect-card card-d0-s0-v3 card-d0-s0-v4 pile-2 (0)
collect-card card-d0-s0-v4 card-d1-s0-v5 pile-2 (0)
finish-collecting-deck card-d1-s0-v5 card-d1-s1-v0 pile-2 (0)
make-movable-and-stop card-d1-s1-v0 card-d0-s1-v5 (0)
move-to-card card-d1-s1-v0 card-d0-s1-v5 card-d0-s1-v1 pile-0 (1)
change-tableau-and-stop card-d1-s1-v0 pile-2 pile-0 (0)
make-movable-and-stop card-d0-s1-v5 pile-2 (0)
move-to-card card-d0-s1-v4 pile-0 card-d0-s1-v5 pile-2 (1)
change-tableau-and-continue card-d0-s1-v4 pile-0 pile-2 card-d0-s1-v3 (0)
change-tableau-and-continue card-d0-s1-v3 pile-0 pile-2 card-d0-s1-v2 (0)
change-tableau-and-continue card-d0-s1-v2 pile-0 pile-2 card-d0-s1-v1 (0)
change-tableau-and-continue card-d0-s1-v1 pile-0 pile-2 card-d1-s1-v0 (0)
change-tableau-and-stop card-d1-s1-v0 pile-0 pile-2 (0)
make-movable-ignore-pile pile-0 (0)
start-collecting-deck card-d1-s1-v0 (1)
collect-card card-d1-s1-v0 card-d0-s1-v1 pile-2 (0)
collect-card card-d0-s1-v1 card-d0-s1-v2 pile-2 (0)
collect-card card-d0-s1-v2 card-d0-s1-v3 pile-2 (0)
collect-card card-d0-s1-v3 card-d0-s1-v4 pile-2 (0)
collect-card card-d0-s1-v4 card-d0-s1-v5 pile-2 (0)
finish-collecting-deck card-d0-s1-v5 pile-2 pile-2 (0)
[t=98.961123s, 51012 KB] Plan length: 186 step(s).
[t=98.961123s, 51012 KB] Plan cost: 34
[t=98.961123s, 51012 KB] Expanded 48170 state(s).
[t=98.961123s, 51012 KB] Reopened 1937 state(s).
[t=98.961123s, 51012 KB] Evaluated 59177 state(s).
[t=98.961123s, 51012 KB] Evaluations: 105411
[t=98.961123s, 51012 KB] Generated 78696 state(s).
[t=98.961123s, 51012 KB] Dead ends: 11006 state(s).
[t=98.961123s, 51012 KB] Number of registered states: 57240
[t=98.961123s, 51012 KB] Int hash set load factor: 57240/65536 = 0.873413
[t=98.961123s, 51012 KB] Int hash set resizes: 16
[t=98.961123s, 51012 KB] Best solution cost so far: 34
[t=98.961123s, 51012 KB] Solution found - keep searching
[t=98.961123s, 51012 KB] Building successor generator...done!
[t=98.961123s, 51012 KB] peak memory difference for successor generator creation: 0 KB
[t=98.961123s, 51012 KB] time for successor generation creation: 0.000000s
[t=98.961123s, 51012 KB] Variables: 376
[t=98.961123s, 51012 KB] FactPairs: 1081
[t=98.961123s, 51012 KB] Bytes per state: 60
[t=98.961123s, 51012 KB] Starting search: lazy_wastar
[t=98.961123s, 51012 KB] Conducting lazy best first search, (real) bound = 34
[t=98.961123s, 51012 KB] New best heuristic value for landmark_sum_heuristic: 151
[t=98.961123s, 51012 KB] New best heuristic value for ff: 144
[t=98.961123s, 51012 KB] g=0, 1 evaluated, 0 expanded
[t=98.961123s, 51012 KB] Initial heuristic value for landmark_sum_heuristic: 151
[t=98.961123s, 51012 KB] Initial heuristic value for ff: 144
[t=98.965121s, 51012 KB] New best heuristic value for landmark_sum_heuristic: 146
[t=98.965121s, 51012 KB] g=1, 2 evaluated, 1 expanded
[t=98.965121s, 51012 KB] New best heuristic value for landmark_sum_heuristic: 145
[t=98.965121s, 51012 KB] g=1, 3 evaluated, 2 expanded
[t=98.969117s, 51012 KB] New best heuristic value for ff: 137
[t=98.969117s, 51012 KB] g=1, 6 evaluated, 5 expanded
[t=98.973115s, 51012 KB] New best heuristic value for landmark_sum_heuristic: 141
[t=98.973115s, 51012 KB] g=2, 11 evaluated, 10 expanded
[t=98.973115s, 51012 KB] New best heuristic value for landmark_sum_heuristic: 140
[t=98.973115s, 51012 KB] g=2, 13 evaluated, 12 expanded
[t=98.977125s, 51012 KB] New best heuristic value for ff: 136
[t=98.977125s, 51012 KB] g=1, 18 evaluated, 17 expanded
[t=98.981111s, 51012 KB] New best heuristic value for landmark_sum_heuristic: 139
[t=98.981111s, 51012 KB] g=3, 24 evaluated, 21 expanded
[t=98.985109s, 51012 KB] New best heuristic value for landmark_sum_heuristic: 137
[t=98.985109s, 51012 KB] g=3, 27 evaluated, 24 expanded
[t=98.985109s, 51012 KB] New best heuristic value for landmark_sum_heuristic: 136
[t=98.985109s, 51012 KB] g=3, 32 evaluated, 29 expanded
[t=98.989106s, 51012 KB] New best heuristic value for landmark_sum_heuristic: 134
[t=98.989106s, 51012 KB] g=3, 34 evaluated, 31 expanded
[t=98.989106s, 51012 KB] New best heuristic value for landmark_sum_heuristic: 132
[t=98.989106s, 51012 KB] g=3, 36 evaluated, 33 expanded
[t=98.993104s, 51012 KB] New best heuristic value for landmark_sum_heuristic: 131
[t=98.993104s, 51012 KB] g=4, 38 evaluated, 35 expanded
[t=98.993104s, 51012 KB] New best heuristic value for landmark_sum_heuristic: 130
[t=98.993104s, 51012 KB] g=4, 39 evaluated, 36 expanded
[t=98.993104s, 51012 KB] New best heuristic value for landmark_sum_heuristic: 129
[t=98.993104s, 51012 KB] g=5, 42 evaluated, 39 expanded
[t=98.997102s, 51012 KB] New best heuristic value for landmark_sum_heuristic: 128
[t=98.997102s, 51012 KB] g=5, 45 evaluated, 42 expanded
[t=98.997102s, 51012 KB] New best heuristic value for landmark_sum_heuristic: 127
[t=98.997102s, 51012 KB] g=5, 47 evaluated, 44 expanded
[t=99.001101s, 51012 KB] New best heuristic value for landmark_sum_heuristic: 122
[t=99.001101s, 51012 KB] g=6, 51 evaluated, 48 expanded
[t=99.001101s, 51012 KB] New best heuristic value for landmark_sum_heuristic: 121
[t=99.001101s, 51012 KB] g=6, 52 evaluated, 49 expanded
[t=99.005100s, 51012 KB] New best heuristic value for landmark_sum_heuristic: 120
[t=99.005100s, 51012 KB] New best heuristic value for ff: 135
[t=99.005100s, 51012 KB] g=7, 57 evaluated, 54 expanded
[t=99.005100s, 51012 KB] New best heuristic value for landmark_sum_heuristic: 118
[t=99.005100s, 51012 KB] g=7, 58 evaluated, 55 expanded
[t=99.009104s, 51012 KB] New best heuristic value for landmark_sum_heuristic: 117
[t=99.009104s, 51012 KB] g=7, 59 evaluated, 56 expanded
[t=99.009104s, 51012 KB] New best heuristic value for landmark_sum_heuristic: 116
[t=99.009104s, 51012 KB] g=7, 60 evaluated, 57 expanded
[t=99.009104s, 51012 KB] New best heuristic value for landmark_sum_heuristic: 112
[t=99.009104s, 51012 KB] g=7, 62 evaluated, 59 expanded
[t=99.013097s, 51012 KB] New best heuristic value for landmark_sum_heuristic: 108
[t=99.013097s, 51012 KB] g=7, 64 evaluated, 61 expanded
[t=99.013097s, 51012 KB] New best heuristic value for landmark_sum_heuristic: 107
[t=99.013097s, 51012 KB] g=7, 65 evaluated, 62 expanded
[t=99.017091s, 51012 KB] New best heuristic value for landmark_sum_heuristic: 106
[t=99.017091s, 51012 KB] g=8, 70 evaluated, 66 expanded
[t=99.017091s, 51012 KB] New best heuristic value for landmark_sum_heuristic: 105
[t=99.017091s, 51012 KB] g=8, 71 evaluated, 67 expanded
[t=99.025091s, 51012 KB] New best heuristic value for landmark_sum_heuristic: 104
[t=99.025091s, 51012 KB] g=9, 85 evaluated, 79 expanded
[t=99.029089s, 51012 KB] New best heuristic value for landmark_sum_heuristic: 103
[t=99.029089s, 51012 KB] g=10, 87 evaluated, 81 expanded
[t=99.029089s, 51012 KB] New best heuristic value for landmark_sum_heuristic: 102
[t=99.029089s, 51012 KB] g=10, 88 evaluated, 82 expanded
[t=99.037079s, 51012 KB] New best heuristic value for landmark_sum_heuristic: 101
[t=99.037079s, 51012 KB] New best heuristic value for ff: 133
[t=99.037079s, 51012 KB] g=11, 99 evaluated, 90 expanded
[t=99.037079s, 51012 KB] New best heuristic value for landmark_sum_heuristic: 100
[t=99.037079s, 51012 KB] New best heuristic value for ff: 132
[t=99.037079s, 51012 KB] g=11, 100 evaluated, 91 expanded
[t=99.037079s, 51012 KB] New best heuristic value for ff: 129
[t=99.037079s, 51012 KB] g=11, 101 evaluated, 92 expanded
[t=99.041093s, 51012 KB] New best heuristic value for ff: 128
[t=99.041093s, 51012 KB] g=12, 107 evaluated, 96 expanded
[t=99.041093s, 51012 KB] New best heuristic value for ff: 127
[t=99.041093s, 51012 KB] g=12, 108 evaluated, 97 expanded
[t=99.049071s, 51012 KB] New best heuristic value for ff: 126
[t=99.049071s, 51012 KB] g=12, 122 evaluated, 108 expanded
[t=99.053069s, 51012 KB] New best heuristic value for ff: 125
[t=99.053069s, 51012 KB] g=12, 123 evaluated, 109 expanded
[t=99.248955s, 51012 KB] New best heuristic value for landmark_sum_heuristic: 99
[t=99.248955s, 51012 KB] g=14, 434 evaluated, 372 expanded, 4 reopened
[t=99.968526s, 51012 KB] New best heuristic value for ff: 124
[t=99.968526s, 51012 KB] g=15, 1575 evaluated, 1354 expanded, 33 reopened
[t=99.968526s, 51012 KB] New best heuristic value for ff: 122
[t=99.968526s, 51012 KB] g=15, 1578 evaluated, 1357 expanded, 33 reopened
[t=99.968526s, 51012 KB] New best heuristic value for ff: 121
[t=99.968526s, 51012 KB] g=15, 1579 evaluated, 1358 expanded, 33 reopened
[t=100.008503s, 51012 KB] New best heuristic value for ff: 120
[t=100.008503s, 51012 KB] g=19, 1643 evaluated, 1415 expanded, 35 reopened
[t=100.344309s, 51012 KB] New best heuristic value for ff: 119
[t=100.344309s, 51012 KB] g=14, 2116 evaluated, 1836 expanded, 46 reopened
[t=100.376294s, 51012 KB] New best heuristic value for ff: 116
[t=100.376294s, 51012 KB] g=15, 2164 evaluated, 1876 expanded, 46 reopened
[t=100.380287s, 51012 KB] New best heuristic value for ff: 115
[t=100.380287s, 51012 KB] g=16, 2170 evaluated, 1882 expanded, 46 reopened
[t=100.384285s, 51012 KB] New best heuristic value for ff: 104
[t=100.384285s, 51012 KB] g=16, 2175 evaluated, 1886 expanded, 46 reopened
[t=100.384285s, 51012 KB] New best heuristic value for landmark_sum_heuristic: 96
[t=100.384285s, 51012 KB] g=17, 2176 evaluated, 1887 expanded, 46 reopened
[t=100.384285s, 51012 KB] New best heuristic value for landmark_sum_heuristic: 95
[t=100.384285s, 51012 KB] g=17, 2177 evaluated, 1888 expanded, 46 reopened
[t=100.388282s, 51012 KB] New best heuristic value for ff: 102
[t=100.388282s, 51012 KB] g=17, 2179 evaluated, 1890 expanded, 46 reopened
[t=100.388282s, 51012 KB] New best heuristic value for landmark_sum_heuristic: 94
[t=100.388282s, 51012 KB] g=18, 2180 evaluated, 1891 expanded, 46 reopened
[t=100.388282s, 51012 KB] New best heuristic value for landmark_sum_heuristic: 93
[t=100.388282s, 51012 KB] g=18, 2181 evaluated, 1892 expanded, 46 reopened
[t=100.388282s, 51012 KB] New best heuristic value for landmark_sum_heuristic: 92
[t=100.388282s, 51012 KB] g=18, 2183 evaluated, 1893 expanded, 46 reopened
[t=100.420270s, 51012 KB] New best heuristic value for landmark_sum_heuristic: 91
[t=100.420270s, 51012 KB] g=19, 2233 evaluated, 1928 expanded, 46 reopened
[t=100.448251s, 51012 KB] New best heuristic value for landmark_sum_heuristic: 90
[t=100.448251s, 51012 KB] g=21, 2285 evaluated, 1959 expanded, 47 reopened
[t=103.878546s, 51012 KB] New best heuristic value for landmark_sum_heuristic: 89
[t=103.878546s, 51012 KB] New best heuristic value for ff: 101
[t=103.878546s, 51012 KB] g=14, 7916 evaluated, 6601 expanded, 271 reopened
[t=103.878546s, 51012 KB] New best heuristic value for landmark_sum_heuristic: 86
[t=103.878546s, 51012 KB] g=14, 7917 evaluated, 6602 expanded, 271 reopened
[t=104.491010s, 51012 KB] New best heuristic value for ff: 98
[t=104.491010s, 51012 KB] g=15, 8878 evaluated, 7429 expanded, 287 reopened
[t=104.491010s, 51012 KB] New best heuristic value for ff: 92
[t=104.491010s, 51012 KB] g=15, 8879 evaluated, 7430 expanded, 287 reopened
[t=104.491010s, 51012 KB] New best heuristic value for ff: 84
[t=104.491010s, 51012 KB] g=15, 8880 evaluated, 7431 expanded, 287 reopened
[t=104.491010s, 51012 KB] New best heuristic value for landmark_sum_heuristic: 84
[t=104.491010s, 51012 KB] g=15, 8881 evaluated, 7432 expanded, 287 reopened
[t=104.495067s, 51012 KB] New best heuristic value for landmark_sum_heuristic: 81
[t=104.495067s, 51012 KB] g=15, 8882 evaluated, 7433 expanded, 287 reopened
[t=104.495067s, 51012 KB] New best heuristic value for landmark_sum_heuristic: 80
[t=104.495067s, 51012 KB] g=16, 8884 evaluated, 7435 expanded, 287 reopened
[t=104.495067s, 51012 KB] New best heuristic value for landmark_sum_heuristic: 79
[t=104.495067s, 51012 KB] g=16, 8885 evaluated, 7436 expanded, 287 reopened
[t=104.495067s, 51012 KB] New best heuristic value for landmark_sum_heuristic: 78
[t=104.495067s, 51012 KB] g=16, 8886 evaluated, 7437 expanded, 287 reopened
[t=104.499123s, 51012 KB] New best heuristic value for landmark_sum_heuristic: 76
[t=104.499123s, 51012 KB] g=17, 8890 evaluated, 7440 expanded, 287 reopened
[t=104.499123s, 51012 KB] New best heuristic value for ff: 83
[t=104.499123s, 51012 KB] g=17, 8893 evaluated, 7443 expanded, 287 reopened
[t=104.499123s, 51012 KB] New best heuristic value for landmark_sum_heuristic: 75
[t=104.499123s, 51012 KB] New best heuristic value for ff: 82
[t=104.499123s, 51012 KB] g=17, 8894 evaluated, 7444 expanded, 287 reopened
[t=104.503182s, 51012 KB] New best heuristic value for ff: 76
[t=104.503182s, 51012 KB] g=18, 8902 evaluated, 7450 expanded, 287 reopened
[t=104.511292s, 51012 KB] New best heuristic value for ff: 75
[t=104.511292s, 51012 KB] g=16, 8917 evaluated, 7461 expanded, 287 reopened
[t=104.519409s, 51012 KB] New best heuristic value for landmark_sum_heuristic: 74
[t=104.519409s, 51012 KB] g=18, 8927 evaluated, 7469 expanded, 288 reopened
[t=133.301208s, 51012 KB] New best heuristic value for landmark_sum_heuristic: 72
[t=133.301208s, 51012 KB] g=19, 53313 evaluated, 43482 expanded, 1575 reopened
[t=133.301208s, 51012 KB] New best heuristic value for landmark_sum_heuristic: 71
[t=133.301208s, 51012 KB] g=19, 53314 evaluated, 43483 expanded, 1575 reopened
[t=133.309208s, 51012 KB] New best heuristic value for landmark_sum_heuristic: 70
[t=133.309208s, 51012 KB] g=20, 53331 evaluated, 43496 expanded, 1575 reopened
[t=133.317206s, 51012 KB] New best heuristic value for landmark_sum_heuristic: 69
[t=133.317206s, 51012 KB] g=21, 53343 evaluated, 43506 expanded, 1575 reopened
[t=133.321207s, 51012 KB] New best heuristic value for landmark_sum_heuristic: 68
[t=133.321207s, 51012 KB] New best heuristic value for ff: 65
[t=133.321207s, 51012 KB] g=22, 53348 evaluated, 43511 expanded, 1575 reopened
[t=133.321207s, 51012 KB] New best heuristic value for landmark_sum_heuristic: 66
[t=133.321207s, 51012 KB] g=22, 53349 evaluated, 43512 expanded, 1575 reopened
[t=133.321207s, 51012 KB] New best heuristic value for landmark_sum_heuristic: 64
[t=133.321207s, 51012 KB] New best heuristic value for ff: 62
[t=133.321207s, 51012 KB] g=22, 53350 evaluated, 43513 expanded, 1575 reopened
[t=133.321207s, 51012 KB] New best heuristic value for landmark_sum_heuristic: 62
[t=133.321207s, 51012 KB] New best heuristic value for ff: 61
[t=133.321207s, 51012 KB] g=22, 53351 evaluated, 43514 expanded, 1575 reopened
[t=133.321207s, 51012 KB] New best heuristic value for landmark_sum_heuristic: 60
[t=133.321207s, 51012 KB] New best heuristic value for ff: 56
[t=133.321207s, 51012 KB] g=22, 53352 evaluated, 43515 expanded, 1575 reopened
[t=133.325207s, 51012 KB] New best heuristic value for landmark_sum_heuristic: 57
[t=133.325207s, 51012 KB] g=22, 53353 evaluated, 43516 expanded, 1575 reopened
[t=133.325207s, 51012 KB] New best heuristic value for landmark_sum_heuristic: 55
[t=133.325207s, 51012 KB] g=22, 53354 evaluated, 43517 expanded, 1575 reopened
[t=133.325207s, 51012 KB] New best heuristic value for ff: 55
[t=133.325207s, 51012 KB] g=22, 53355 evaluated, 43518 expanded, 1575 reopened
[t=133.325207s, 51012 KB] New best heuristic value for landmark_sum_heuristic: 53
[t=133.325207s, 51012 KB] New best heuristic value for ff: 54
[t=133.325207s, 51012 KB] g=23, 53356 evaluated, 43519 expanded, 1575 reopened
[t=133.325207s, 51012 KB] New best heuristic value for ff: 53
[t=133.325207s, 51012 KB] g=23, 53357 evaluated, 43520 expanded, 1575 reopened
[t=133.325207s, 51012 KB] New best heuristic value for landmark_sum_heuristic: 52
[t=133.325207s, 51012 KB] New best heuristic value for ff: 52
[t=133.325207s, 51012 KB] g=23, 53358 evaluated, 43521 expanded, 1575 reopened
[t=133.325207s, 51012 KB] New best heuristic value for ff: 51
[t=133.325207s, 51012 KB] g=23, 53359 evaluated, 43522 expanded, 1575 reopened
[t=133.329221s, 51012 KB] New best heuristic value for ff: 50
[t=133.329221s, 51012 KB] g=24, 53363 evaluated, 43526 expanded, 1575 reopened
[t=133.329221s, 51012 KB] New best heuristic value for landmark_sum_heuristic: 51
[t=133.329221s, 51012 KB] New best heuristic value for ff: 49
[t=133.329221s, 51012 KB] g=24, 53364 evaluated, 43527 expanded, 1575 reopened
[t=133.329221s, 51012 KB] New best heuristic value for ff: 48
[t=133.329221s, 51012 KB] g=24, 53365 evaluated, 43528 expanded, 1575 reopened
[t=133.329221s, 51012 KB] New best heuristic value for landmark_sum_heuristic: 47
[t=133.329221s, 51012 KB] g=25, 53366 evaluated, 43529 expanded, 1575 reopened
[t=133.333209s, 51012 KB] New best heuristic value for landmark_sum_heuristic: 46
[t=133.333209s, 51012 KB] New best heuristic value for ff: 47
[t=133.333209s, 51012 KB] g=25, 53367 evaluated, 43530 expanded, 1575 reopened
[t=133.333209s, 51012 KB] New best heuristic value for ff: 46
[t=133.333209s, 51012 KB] g=25, 53368 evaluated, 43531 expanded, 1575 reopened
[t=133.333209s, 51012 KB] New best heuristic value for ff: 45
[t=133.333209s, 51012 KB] g=26, 53371 evaluated, 43534 expanded, 1575 reopened
[t=133.333209s, 51012 KB] New best heuristic value for ff: 44
[t=133.333209s, 51012 KB] g=26, 53372 evaluated, 43535 expanded, 1575 reopened
[t=133.333209s, 51012 KB] New best heuristic value for ff: 43
[t=133.333209s, 51012 KB] g=26, 53374 evaluated, 43536 expanded, 1575 reopened
[t=133.337210s, 51012 KB] New best heuristic value for ff: 42
[t=133.337210s, 51012 KB] g=26, 53376 evaluated, 43538 expanded, 1575 reopened
[t=133.337210s, 51012 KB] New best heuristic value for ff: 41
[t=133.337210s, 51012 KB] g=27, 53382 evaluated, 43543 expanded, 1575 reopened
[t=133.341211s, 51012 KB] New best heuristic value for ff: 40
[t=133.341211s, 51012 KB] g=27, 53384 evaluated, 43545 expanded, 1575 reopened
[t=133.341211s, 51012 KB] New best heuristic value for ff: 37
[t=133.341211s, 51012 KB] g=27, 53386 evaluated, 43547 expanded, 1575 reopened
[t=133.341211s, 51012 KB] New best heuristic value for landmark_sum_heuristic: 44
[t=133.341211s, 51012 KB] New best heuristic value for ff: 36
[t=133.341211s, 51012 KB] g=28, 53387 evaluated, 43548 expanded, 1575 reopened
[t=133.341211s, 51012 KB] New best heuristic value for landmark_sum_heuristic: 43
[t=133.341211s, 51012 KB] New best heuristic value for ff: 35
[t=133.341211s, 51012 KB] g=28, 53388 evaluated, 43549 expanded, 1575 reopened
[t=133.341211s, 51012 KB] New best heuristic value for ff: 34
[t=133.341211s, 51012 KB] g=28, 53389 evaluated, 43550 expanded, 1575 reopened
[t=133.341211s, 51012 KB] New best heuristic value for landmark_sum_heuristic: 41
[t=133.341211s, 51012 KB] g=29, 53390 evaluated, 43551 expanded, 1575 reopened
[t=133.345212s, 51012 KB] New best heuristic value for ff: 32
[t=133.345212s, 51012 KB] g=29, 53394 evaluated, 43555 expanded, 1575 reopened
[t=133.345212s, 51012 KB] New best heuristic value for ff: 31
[t=133.345212s, 51012 KB] g=29, 53396 evaluated, 43557 expanded, 1575 reopened
[t=133.345212s, 51012 KB] New best heuristic value for landmark_sum_heuristic: 40
[t=133.345212s, 51012 KB] g=29, 53397 evaluated, 43558 expanded, 1575 reopened
[t=133.345212s, 51012 KB] New best heuristic value for ff: 30
[t=133.345212s, 51012 KB] g=29, 53398 evaluated, 43559 expanded, 1575 reopened
[t=133.349212s, 51012 KB] New best heuristic value for landmark_sum_heuristic: 39
[t=133.349212s, 51012 KB] g=30, 53400 evaluated, 43561 expanded, 1575 reopened
[t=133.349212s, 51012 KB] New best heuristic value for landmark_sum_heuristic: 38
[t=133.349212s, 51012 KB] New best heuristic value for ff: 29
[t=133.349212s, 51012 KB] g=30, 53408 evaluated, 43568 expanded, 1575 reopened
[t=133.353212s, 51012 KB] New best heuristic value for ff: 28
[t=133.353212s, 51012 KB] g=30, 53409 evaluated, 43569 expanded, 1575 reopened
[t=133.353212s, 51012 KB] New best heuristic value for landmark_sum_heuristic: 36
[t=133.353212s, 51012 KB] New best heuristic value for ff: 24
[t=133.353212s, 51012 KB] g=31, 53413 evaluated, 43573 expanded, 1575 reopened
[t=133.353212s, 51012 KB] New best heuristic value for landmark_sum_heuristic: 34
[t=133.353212s, 51012 KB] New best heuristic value for ff: 23
[t=133.353212s, 51012 KB] g=31, 53414 evaluated, 43574 expanded, 1575 reopened
[t=133.353212s, 51012 KB] New best heuristic value for landmark_sum_heuristic: 32
[t=133.353212s, 51012 KB] New best heuristic value for ff: 22
[t=133.353212s, 51012 KB] g=31, 53415 evaluated, 43575 expanded, 1575 reopened
[t=133.353212s, 51012 KB] New best heuristic value for landmark_sum_heuristic: 30
[t=133.353212s, 51012 KB] New best heuristic value for ff: 21
[t=133.353212s, 51012 KB] g=31, 53416 evaluated, 43576 expanded, 1575 reopened
[t=133.357213s, 51012 KB] New best heuristic value for landmark_sum_heuristic: 28
[t=133.357213s, 51012 KB] New best heuristic value for ff: 20
[t=133.357213s, 51012 KB] g=31, 53417 evaluated, 43577 expanded, 1575 reopened
[t=133.357213s, 51012 KB] New best heuristic value for landmark_sum_heuristic: 26
[t=133.357213s, 51012 KB] New best heuristic value for ff: 19
[t=133.357213s, 51012 KB] g=31, 53418 evaluated, 43578 expanded, 1575 reopened
[t=133.357213s, 51012 KB] New best heuristic value for landmark_sum_heuristic: 23
[t=133.357213s, 51012 KB] New best heuristic value for ff: 18
[t=133.357213s, 51012 KB] g=31, 53419 evaluated, 43579 expanded, 1575 reopened
[t=133.357213s, 51012 KB] New best heuristic value for landmark_sum_heuristic: 21
[t=133.357213s, 51012 KB] New best heuristic value for ff: 17
[t=133.357213s, 51012 KB] g=31, 53420 evaluated, 43580 expanded, 1575 reopened
[t=133.357213s, 51012 KB] New best heuristic value for ff: 14
[t=133.357213s, 51012 KB] g=32, 53422 evaluated, 43582 expanded, 1575 reopened
[t=133.357213s, 51012 KB] New best heuristic value for landmark_sum_heuristic: 20
[t=133.357213s, 51012 KB] New best heuristic value for ff: 13
[t=133.357213s, 51012 KB] g=32, 53423 evaluated, 43583 expanded, 1575 reopened
[t=133.357213s, 51012 KB] New best heuristic value for landmark_sum_heuristic: 19
[t=133.357213s, 51012 KB] New best heuristic value for ff: 12
[t=133.357213s, 51012 KB] g=32, 53424 evaluated, 43584 expanded, 1575 reopened
[t=133.361236s, 51012 KB] New best heuristic value for landmark_sum_heuristic: 18
[t=133.361236s, 51012 KB] g=33, 53425 evaluated, 43585 expanded, 1575 reopened
[t=133.365226s, 51012 KB] New best heuristic value for landmark_sum_heuristic: 17
[t=133.365226s, 51012 KB] New best heuristic value for ff: 11
[t=133.365226s, 51012 KB] g=33, 53432 evaluated, 43591 expanded, 1575 reopened
[t=133.365226s, 51012 KB] New best heuristic value for landmark_sum_heuristic: 16
[t=133.365226s, 51012 KB] New best heuristic value for ff: 10
[t=133.365226s, 51012 KB] g=33, 53433 evaluated, 43592 expanded, 1575 reopened
[t=168.270256s, 62932 KB] New best heuristic value for landmark_sum_heuristic: 12
[t=168.270256s, 62932 KB] New best heuristic value for ff: 6
[t=168.270256s, 62932 KB] g=33, 118982 evaluated, 101379 expanded, 2872 reopened
[t=168.270256s, 62932 KB] New best heuristic value for landmark_sum_heuristic: 10
[t=168.270256s, 62932 KB] New best heuristic value for ff: 5
[t=168.270256s, 62932 KB] g=33, 118983 evaluated, 101380 expanded, 2872 reopened
[t=168.270256s, 62932 KB] New best heuristic value for landmark_sum_heuristic: 8
[t=168.270256s, 62932 KB] New best heuristic value for ff: 4
[t=168.270256s, 62932 KB] g=33, 118984 evaluated, 101381 expanded, 2872 reopened
[t=168.270256s, 62932 KB] New best heuristic value for landmark_sum_heuristic: 6
[t=168.270256s, 62932 KB] New best heuristic value for ff: 3
[t=168.270256s, 62932 KB] g=33, 118985 evaluated, 101382 expanded, 2872 reopened
[t=168.270256s, 62932 KB] New best heuristic value for landmark_sum_heuristic: 4
[t=168.270256s, 62932 KB] New best heuristic value for ff: 2
[t=168.270256s, 62932 KB] g=33, 118986 evaluated, 101383 expanded, 2872 reopened
[t=168.270256s, 62932 KB] New best heuristic value for landmark_sum_heuristic: 2
[t=168.270256s, 62932 KB] New best heuristic value for ff: 1
[t=168.270256s, 62932 KB] g=33, 118987 evaluated, 101384 expanded, 2872 reopened
[t=168.270256s, 62932 KB] Solution found!
[t=168.270256s, 62932 KB] Actual search time: 69.309134s
move-to-card card-d1-s0-v3 card-d0-s1-v0 card-d1-s1-v4 pile-3 (1)
change-tableau-and-stop card-d1-s0-v3 pile-0 pile-3 (0)
make-unmovable-and-continue card-d1-s1-v4 card-d1-s1-v5 (0)
make-unmovable-and-stop-at-unmovable card-d1-s1-v5 card-d0-s0-v4 (0)
make-movable-and-stop card-d0-s1-v0 card-d0-s0-v0 (0)
start-dealing  (1)
deal-card card-d1-s1-v1 card-d1-s0-v2 deal-0 card-d0-s1-v0 pile-0 (0)
make-unmovable-and-stop-at-unmovable card-d0-s1-v0 card-d0-s0-v0 (0)
deal-card card-d1-s0-v2 card-d0-s0-v5 deal-0 card-d1-s1-v3 pile-1 (0)
make-unmovable-and-continue card-d1-s1-v3 card-d0-s1-v4 (0)
make-unmovable-and-stop-at-unmovable card-d0-s1-v4 card-d0-s0-v1 (0)
deal-card card-d0-s0-v5 card-d0-s0-v3 deal-0 card-d1-s0-v1 pile-2 (0)
make-unmovable-and-stop-at-unmovable card-d1-s0-v1 card-d1-s0-v5 (0)
deal-card card-d0-s0-v3 deal-0 deal-0 card-d1-s0-v3 pile-3 (0)
make-unmovable-and-stop-at-unmovable card-d1-s0-v3 card-d1-s1-v4 (0)
finish-dealing deal-0 deal-1 (0)
move-to-card card-d1-s0-v2 card-d1-s1-v3 card-d0-s0-v3 pile-3 (1)
change-tableau-and-stop card-d1-s0-v2 pile-1 pile-3 (0)
make-movable-and-continue card-d1-s1-v3 card-d0-s1-v4 (0)
make-movable-and-stop card-d0-s1-v4 card-d0-s0-v1 (0)
move-to-card card-d0-s1-v4 card-d0-s0-v1 card-d0-s0-v5 pile-2 (1)
change-tableau-and-continue card-d0-s1-v4 pile-1 pile-2 card-d1-s1-v3 (0)
change-tableau-and-stop card-d1-s1-v3 pile-1 pile-2 (0)
make-unmovable-and-stop-at-unmovable card-d0-s0-v5 card-d1-s0-v1 (0)
make-movable-and-stop card-d0-s0-v1 card-d1-s0-v4 (0)
move-to-card card-d1-s1-v1 card-d0-s1-v0 card-d1-s0-v2 pile-3 (1)
change-tableau-and-stop card-d1-s1-v1 pile-0 pile-3 (0)
make-unmovable-and-continue card-d1-s0-v2 card-d0-s0-v3 (0)
make-unmovable-and-stop-at-unmovable card-d0-s0-v3 card-d1-s0-v3 (0)
make-movable-and-stop card-d0-s1-v0 card-d0-s0-v0 (0)
move-to-card card-d0-s1-v0 card-d0-s0-v0 card-d1-s1-v1 pile-3 (1)
change-tableau-and-stop card-d0-s1-v0 pile-0 pile-3 (0)
make-movable-and-stop card-d0-s0-v0 card-d1-s1-v2 (0)
move-to-card card-d0-s0-v0 card-d1-s1-v2 card-d0-s0-v1 pile-1 (1)
change-tableau-and-stop card-d0-s0-v0 pile-0 pile-1 (0)
make-movable-and-stop card-d1-s1-v2 pile-0 (0)
move-to-card card-d1-s1-v1 card-d1-s0-v2 card-d1-s1-v2 pile-0 (1)
change-tableau-and-continue card-d1-s1-v1 pile-3 pile-0 card-d0-s1-v0 (0)
change-tableau-and-stop card-d0-s1-v0 pile-3 pile-0 (0)
make-movable-and-continue card-d1-s0-v2 card-d0-s0-v3 (0)
make-movable-and-stop card-d0-s0-v3 card-d1-s0-v3 (0)
move-to-card card-d0-s0-v1 card-d1-s0-v4 card-d1-s0-v2 pile-3 (1)
change-tableau-and-continue card-d0-s0-v1 pile-1 pile-3 card-d0-s0-v0 (0)
change-tableau-and-stop card-d0-s0-v0 pile-1 pile-3 (0)
make-movable-and-stop card-d1-s0-v4 pile-1 (0)
move-to-card card-d1-s1-v2 pile-0 card-d1-s1-v3 pile-2 (1)
change-tableau-and-continue card-d1-s1-v2 pile-0 pile-2 card-d1-s1-v1 (0)
change-tableau-and-continue card-d1-s1-v1 pile-0 pile-2 card-d0-s1-v0 (0)
change-tableau-and-stop card-d0-s1-v0 pile-0 pile-2 (0)
make-movable-ignore-pile pile-0 (0)
move-to-tableau card-d0-s1-v4 card-d0-s0-v5 pile-0 (1)
change-tableau-and-continue card-d0-s1-v4 pile-2 pile-0 card-d1-s1-v3 (0)
change-tableau-and-continue card-d1-s1-v3 pile-2 pile-0 card-d1-s1-v2 (0)
change-tableau-and-continue card-d1-s1-v2 pile-2 pile-0 card-d1-s1-v1 (0)
change-tableau-and-continue card-d1-s1-v1 pile-2 pile-0 card-d0-s1-v0 (0)
change-tableau-and-stop card-d0-s1-v0 pile-2 pile-0 (0)
make-movable-and-stop card-d0-s0-v5 card-d1-s0-v1 (0)
move-to-card card-d0-s0-v3 card-d1-s0-v3 card-d1-s0-v4 pile-1 (1)
change-tableau-and-continue card-d0-s0-v3 pile-3 pile-1 card-d1-s0-v2 (0)
change-tableau-and-continue card-d1-s0-v2 pile-3 pile-1 card-d0-s0-v1 (0)
change-tableau-and-continue card-d0-s0-v1 pile-3 pile-1 card-d0-s0-v0 (0)
change-tableau-and-stop card-d0-s0-v0 pile-3 pile-1 (0)
make-movable-and-stop card-d1-s0-v3 card-d1-s1-v4 (0)
move-to-card card-d1-s0-v2 card-d0-s0-v3 card-d1-s0-v3 pile-3 (1)
change-tableau-and-continue card-d1-s0-v2 pile-1 pile-3 card-d0-s0-v1 (0)
change-tableau-and-continue card-d0-s0-v1 pile-1 pile-3 card-d0-s0-v0 (0)
change-tableau-and-stop card-d0-s0-v0 pile-1 pile-3 (0)
move-to-card card-d1-s0-v4 pile-1 card-d0-s0-v5 pile-2 (1)
change-tableau-and-continue card-d1-s0-v4 pile-1 pile-2 card-d0-s0-v3 (0)
change-tableau-and-stop card-d0-s0-v3 pile-1 pile-2 (0)
make-movable-ignore-pile pile-1 (0)
move-to-tableau card-d0-s0-v3 card-d1-s0-v4 pile-1 (1)
change-tableau-and-stop card-d0-s0-v3 pile-2 pile-1 (0)
move-to-card card-d1-s0-v3 card-d1-s1-v4 card-d1-s0-v4 pile-2 (1)
change-tableau-and-continue card-d1-s0-v3 pile-3 pile-2 card-d1-s0-v2 (0)
change-tableau-and-continue card-d1-s0-v2 pile-3 pile-2 card-d0-s0-v1 (0)
change-tableau-and-continue card-d0-s0-v1 pile-3 pile-2 card-d0-s0-v0 (0)
change-tableau-and-stop card-d0-s0-v0 pile-3 pile-2 (0)
make-movable-and-continue card-d1-s1-v4 card-d1-s1-v5 (0)
make-movable-and-stop card-d1-s1-v5 card-d0-s0-v4 (0)
start-collecting-deck card-d0-s0-v0 (1)
collect-card card-d0-s0-v0 card-d0-s0-v1 pile-2 (0)
collect-card card-d0-s0-v1 card-d1-s0-v2 pile-2 (0)
collect-card card-d1-s0-v2 card-d1-s0-v3 pile-2 (0)
collect-card card-d1-s0-v3 card-d1-s0-v4 pile-2 (0)
collect-card card-d1-s0-v4 card-d0-s0-v5 pile-2 (0)
finish-collecting-deck card-d0-s0-v5 card-d1-s0-v1 pile-2 (0)
make-movable-and-stop card-d1-s0-v1 card-d1-s0-v5 (0)
move-to-card card-d1-s1-v3 card-d0-s1-v4 card-d1-s1-v4 pile-3 (1)
change-tableau-and-continue card-d1-s1-v3 pile-0 pile-3 card-d1-s1-v2 (0)
change-tableau-and-continue card-d1-s1-v2 pile-0 pile-3 card-d1-s1-v1 (0)
change-tableau-and-continue card-d1-s1-v1 pile-0 pile-3 card-d0-s1-v0 (0)
change-tableau-and-stop card-d0-s1-v0 pile-0 pile-3 (0)
start-collecting-deck card-d0-s1-v0 (1)
collect-card card-d0-s1-v0 card-d1-s1-v1 pile-3 (0)
collect-card card-d1-s1-v1 card-d1-s1-v2 pile-3 (0)
collect-card card-d1-s1-v2 card-d1-s1-v3 pile-3 (0)
collect-card card-d1-s1-v3 card-d1-s1-v4 pile-3 (0)
collect-card card-d1-s1-v4 card-d1-s1-v5 pile-3 (0)
finish-collecting-deck card-d1-s1-v5 card-d0-s0-v4 pile-3 (0)
make-movable-and-stop card-d0-s0-v4 card-d0-s1-v3 (0)
start-dealing  (1)
deal-card card-d0-s1-v1 card-d0-s0-v2 deal-1 card-d0-s1-v4 pile-0 (0)
make-unmovable-and-stop-at-tableau card-d0-s1-v4 pile-0 (0)
deal-card card-d0-s0-v2 card-d0-s1-v2 deal-1 card-d0-s0-v3 pile-1 (0)
deal-card card-d0-s1-v2 card-d1-s0-v0 deal-1 card-d1-s0-v1 pile-2 (0)
make-unmovable-and-stop-at-unmovable card-d1-s0-v1 card-d1-s0-v5 (0)
deal-card card-d1-s0-v0 deal-1 deal-1 card-d0-s0-v4 pile-3 (0)
make-unmovable-and-stop-at-unmovable card-d0-s0-v4 card-d0-s1-v3 (0)
finish-dealing deal-1 deal-2 (0)
move-to-card card-d1-s0-v0 card-d0-s0-v4 card-d0-s1-v1 pile-0 (1)
change-tableau-and-stop card-d1-s0-v0 pile-3 pile-0 (0)
make-unmovable-and-stop-at-unmovable card-d0-s1-v1 card-d0-s1-v4 (0)
make-movable-and-stop card-d0-s0-v4 card-d0-s1-v3 (0)
move-to-card card-d0-s0-v3 pile-1 card-d0-s0-v4 pile-3 (1)
change-tableau-and-continue card-d0-s0-v3 pile-1 pile-3 card-d0-s0-v2 (0)
change-tableau-and-stop card-d0-s0-v2 pile-1 pile-3 (0)
make-movable-ignore-pile pile-1 (0)
move-to-tableau card-d0-s0-v4 card-d0-s1-v3 pile-1 (1)
change-tableau-and-continue card-d0-s0-v4 pile-3 pile-1 card-d0-s0-v3 (0)
change-tableau-and-continue card-d0-s0-v3 pile-3 pile-1 card-d0-s0-v2 (0)
change-tableau-and-stop card-d0-s0-v2 pile-3 pile-1 (0)
make-movable-and-stop card-d0-s1-v3 pile-3 (0)
move-to-card card-d0-s1-v2 card-d1-s0-v1 card-d0-s1-v3 pile-3 (1)
change-tableau-and-stop card-d0-s1-v2 pile-2 pile-3 (0)
make-movable-and-stop card-d1-s0-v1 card-d1-s0-v5 (0)
move-to-card card-d1-s0-v1 card-d1-s0-v5 card-d0-s0-v2 pile-1 (1)
change-tableau-and-stop card-d1-s0-v1 pile-2 pile-1 (0)
make-movable-and-stop card-d1-s0-v5 card-d1-s1-v0 (0)
move-to-card card-d1-s0-v0 card-d0-s1-v1 card-d1-s0-v1 pile-1 (1)
change-tableau-and-stop card-d1-s0-v0 pile-0 pile-1 (0)
make-movable-and-stop card-d0-s1-v1 card-d0-s1-v4 (0)
move-to-card card-d0-s0-v4 pile-1 card-d1-s0-v5 pile-2 (1)
change-tableau-and-continue card-d0-s0-v4 pile-1 pile-2 card-d0-s0-v3 (0)
change-tableau-and-continue card-d0-s0-v3 pile-1 pile-2 card-d0-s0-v2 (0)
change-tableau-and-continue card-d0-s0-v2 pile-1 pile-2 card-d1-s0-v1 (0)
change-tableau-and-continue card-d1-s0-v1 pile-1 pile-2 card-d1-s0-v0 (0)
change-tableau-and-stop card-d1-s0-v0 pile-1 pile-2 (0)
make-movable-ignore-pile pile-1 (0)
start-collecting-deck card-d1-s0-v0 (1)
collect-card card-d1-s0-v0 card-d1-s0-v1 pile-2 (0)
collect-card card-d1-s0-v1 card-d0-s0-v2 pile-2 (0)
collect-card card-d0-s0-v2 card-d0-s0-v3 pile-2 (0)
collect-card card-d0-s0-v3 card-d0-s0-v4 pile-2 (0)
collect-card card-d0-s0-v4 card-d1-s0-v5 pile-2 (0)
finish-collecting-deck card-d1-s0-v5 card-d1-s1-v0 pile-2 (0)
make-movable-and-stop card-d1-s1-v0 card-d0-s1-v5 (0)
move-to-card card-d1-s1-v0 card-d0-s1-v5 card-d0-s1-v1 pile-0 (1)
change-tableau-and-stop card-d1-s1-v0 pile-2 pile-0 (0)
make-movable-and-stop card-d0-s1-v5 pile-2 (0)
move-to-card card-d0-s1-v1 card-d0-s1-v4 card-d0-s1-v2 pile-3 (1)
change-tableau-and-continue card-d0-s1-v1 pile-0 pile-3 card-d1-s1-v0 (0)
change-tableau-and-stop card-d1-s1-v0 pile-0 pile-3 (0)
make-movable-and-stop card-d0-s1-v4 pile-0 (0)
move-to-card card-d0-s1-v4 pile-0 card-d0-s1-v5 pile-2 (1)
change-tableau-and-stop card-d0-s1-v4 pile-0 pile-2 (0)
make-movable-ignore-pile pile-0 (0)
move-to-card card-d0-s1-v3 pile-3 card-d0-s1-v4 pile-2 (1)
change-tableau-and-continue card-d0-s1-v3 pile-3 pile-2 card-d0-s1-v2 (0)
change-tableau-and-continue card-d0-s1-v2 pile-3 pile-2 card-d0-s1-v1 (0)
change-tableau-and-continue card-d0-s1-v1 pile-3 pile-2 card-d1-s1-v0 (0)
change-tableau-and-stop card-d1-s1-v0 pile-3 pile-2 (0)
make-movable-ignore-pile pile-3 (0)
start-collecting-deck card-d1-s1-v0 (1)
collect-card card-d1-s1-v0 card-d0-s1-v1 pile-2 (0)
collect-card card-d0-s1-v1 card-d0-s1-v2 pile-2 (0)
collect-card card-d0-s1-v2 card-d0-s1-v3 pile-2 (0)
collect-card card-d0-s1-v3 card-d0-s1-v4 pile-2 (0)
collect-card card-d0-s1-v4 card-d0-s1-v5 pile-2 (0)
finish-collecting-deck card-d0-s1-v5 pile-2 pile-2 (0)
[t=168.270256s, 62932 KB] Plan length: 170 step(s).
[t=168.270256s, 62932 KB] Plan cost: 33
[t=168.270256s, 62932 KB] Expanded 101385 state(s).
[t=168.270256s, 62932 KB] Reopened 2872 state(s).
[t=168.270256s, 62932 KB] Evaluated 118988 state(s).
[t=168.270256s, 62932 KB] Evaluations: 217502
[t=168.270256s, 62932 KB] Generated 175975 state(s).
[t=168.270256s, 62932 KB] Dead ends: 17602 state(s).
[t=168.270256s, 62932 KB] Number of registered states: 116116
[t=168.270256s, 62932 KB] Int hash set load factor: 116116/262144 = 0.442947
[t=168.270256s, 62932 KB] Int hash set resizes: 18
[t=168.270256s, 62932 KB] Best solution cost so far: 33
[t=168.270256s, 62932 KB] Solution found - keep searching
[t=168.274260s, 62932 KB] Building successor generator...done!
[t=168.274260s, 62932 KB] peak memory difference for successor generator creation: 0 KB
[t=168.274260s, 62932 KB] time for successor generation creation: 0.000000s
[t=168.274260s, 62932 KB] Variables: 376
[t=168.274260s, 62932 KB] FactPairs: 1081
[t=168.274260s, 62932 KB] Bytes per state: 60
[t=168.274260s, 62932 KB] Starting search: lazy_wastar
[t=168.274260s, 62932 KB] Conducting lazy best first search, (real) bound = 33
[t=168.278264s, 62932 KB] New best heuristic value for landmark_sum_heuristic: 151
[t=168.278264s, 62932 KB] New best heuristic value for ff: 144
[t=168.278264s, 62932 KB] g=0, 1 evaluated, 0 expanded
[t=168.278264s, 62932 KB] Initial heuristic value for landmark_sum_heuristic: 151
[t=168.278264s, 62932 KB] Initial heuristic value for ff: 144
[t=168.278264s, 62932 KB] New best heuristic value for landmark_sum_heuristic: 146
[t=168.278264s, 62932 KB] g=1, 2 evaluated, 1 expanded
[t=168.278264s, 62932 KB] New best heuristic value for landmark_sum_heuristic: 145
[t=168.278264s, 62932 KB] g=1, 3 evaluated, 2 expanded
[t=168.282266s, 62932 KB] New best heuristic value for ff: 137
[t=168.282266s, 62932 KB] g=1, 6 evaluated, 5 expanded
[t=168.286284s, 62932 KB] New best heuristic value for landmark_sum_heuristic: 141
[t=168.286284s, 62932 KB] g=2, 11 evaluated, 10 expanded
[t=168.286284s, 62932 KB] New best heuristic value for landmark_sum_heuristic: 140
[t=168.286284s, 62932 KB] g=2, 13 evaluated, 12 expanded
[t=168.290256s, 62932 KB] New best heuristic value for ff: 136
[t=168.290256s, 62932 KB] g=1, 18 evaluated, 17 expanded
[t=168.294259s, 62932 KB] New best heuristic value for landmark_sum_heuristic: 139
[t=168.294259s, 62932 KB] g=3, 24 evaluated, 21 expanded
[t=168.298265s, 62932 KB] New best heuristic value for landmark_sum_heuristic: 137
[t=168.298265s, 62932 KB] g=3, 27 evaluated, 24 expanded
[t=168.302269s, 62932 KB] New best heuristic value for landmark_sum_heuristic: 136
[t=168.302269s, 62932 KB] g=2, 34 evaluated, 31 expanded
[t=168.306275s, 62932 KB] New best heuristic value for landmark_sum_heuristic: 135
[t=168.306275s, 62932 KB] g=3, 37 evaluated, 34 expanded
[t=168.306275s, 62932 KB] New best heuristic value for landmark_sum_heuristic: 134
[t=168.306275s, 62932 KB] g=3, 40 evaluated, 37 expanded
[t=168.310314s, 62932 KB] New best heuristic value for landmark_sum_heuristic: 133
[t=168.310314s, 62932 KB] g=3, 42 evaluated, 39 expanded
[t=168.310314s, 62932 KB] New best heuristic value for landmark_sum_heuristic: 128
[t=168.310314s, 62932 KB] g=4, 46 evaluated, 43 expanded
[t=168.314285s, 62932 KB] New best heuristic value for landmark_sum_heuristic: 127
[t=168.314285s, 62932 KB] g=4, 47 evaluated, 44 expanded
[t=168.314285s, 62932 KB] New best heuristic value for ff: 135
[t=168.314285s, 62932 KB] g=5, 51 evaluated, 48 expanded
[t=168.318288s, 62932 KB] New best heuristic value for ff: 134
[t=168.318288s, 62932 KB] g=5, 53 evaluated, 50 expanded
[t=168.318288s, 62932 KB] New best heuristic value for landmark_sum_heuristic: 126
[t=168.318288s, 62932 KB] g=5, 54 evaluated, 51 expanded
[t=168.318288s, 62932 KB] New best heuristic value for landmark_sum_heuristic: 124
[t=168.318288s, 62932 KB] g=5, 56 evaluated, 53 expanded
[t=168.322293s, 62932 KB] New best heuristic value for landmark_sum_heuristic: 123
[t=168.322293s, 62932 KB] g=5, 57 evaluated, 54 expanded
[t=168.322293s, 62932 KB] New best heuristic value for landmark_sum_heuristic: 122
[t=168.322293s, 62932 KB] g=5, 58 evaluated, 55 expanded
[t=168.322293s, 62932 KB] New best heuristic value for landmark_sum_heuristic: 118
[t=168.322293s, 62932 KB] g=5, 61 evaluated, 58 expanded
[t=168.326299s, 62932 KB] New best heuristic value for landmark_sum_heuristic: 114
[t=168.326299s, 62932 KB] g=5, 63 evaluated, 60 expanded
[t=168.326299s, 62932 KB] New best heuristic value for landmark_sum_heuristic: 113
[t=168.326299s, 62932 KB] New best heuristic value for ff: 131
[t=168.326299s, 62932 KB] g=5, 64 evaluated, 61 expanded
[t=168.326299s, 62932 KB] New best heuristic value for ff: 128
[t=168.326299s, 62932 KB] g=6, 65 evaluated, 62 expanded
[t=168.326299s, 62932 KB] New best heuristic value for ff: 127
[t=168.326299s, 62932 KB] g=6, 66 evaluated, 63 expanded
[t=168.330303s, 62932 KB] New best heuristic value for ff: 126
[t=168.330303s, 62932 KB] g=6, 68 evaluated, 65 expanded
[t=168.330303s, 62932 KB] New best heuristic value for landmark_sum_heuristic: 112
[t=168.330303s, 62932 KB] g=6, 73 evaluated, 69 expanded
[t=168.334308s, 62932 KB] New best heuristic value for landmark_sum_heuristic: 111
[t=168.334308s, 62932 KB] g=6, 75 evaluated, 70 expanded
[t=168.370391s, 62932 KB] New best heuristic value for landmark_sum_heuristic: 109
[t=168.374361s, 62932 KB] g=9, 130 evaluated, 118 expanded
[t=168.374361s, 62932 KB] New best heuristic value for landmark_sum_heuristic: 108
[t=168.374361s, 62932 KB] g=9, 133 evaluated, 121 expanded
[t=168.374361s, 62932 KB] New best heuristic value for ff: 114
[t=168.374361s, 62932 KB] g=9, 134 evaluated, 122 expanded
[t=168.374361s, 62932 KB] New best heuristic value for landmark_sum_heuristic: 103
[t=168.378368s, 62932 KB] g=10, 135 evaluated, 123 expanded
[t=168.382370s, 62932 KB] New best heuristic value for landmark_sum_heuristic: 102
[t=168.382370s, 62932 KB] g=10, 142 evaluated, 129 expanded
[t=168.382370s, 62932 KB] New best heuristic value for ff: 104
[t=168.382370s, 62932 KB] g=10, 144 evaluated, 131 expanded
[t=168.382370s, 62932 KB] New best heuristic value for landmark_sum_heuristic: 96
[t=168.382370s, 62932 KB] g=11, 145 evaluated, 132 expanded
[t=168.386373s, 62932 KB] New best heuristic value for landmark_sum_heuristic: 95
[t=168.386373s, 62932 KB] g=11, 146 evaluated, 133 expanded
[t=168.386373s, 62932 KB] New best heuristic value for ff: 102
[t=168.386373s, 62932 KB] g=11, 148 evaluated, 135 expanded
[t=168.386373s, 62932 KB] New best heuristic value for landmark_sum_heuristic: 94
[t=168.386373s, 62932 KB] g=12, 149 evaluated, 136 expanded
[t=168.386373s, 62932 KB] New best heuristic value for landmark_sum_heuristic: 93
[t=168.386373s, 62932 KB] g=12, 150 evaluated, 137 expanded
[t=168.390376s, 62932 KB] New best heuristic value for landmark_sum_heuristic: 92
[t=168.390376s, 62932 KB] g=12, 152 evaluated, 138 expanded
[t=168.414405s, 62932 KB] New best heuristic value for landmark_sum_heuristic: 91
[t=168.414405s, 62932 KB] g=13, 196 evaluated, 169 expanded
[t=168.442441s, 62932 KB] New best heuristic value for landmark_sum_heuristic: 90
[t=168.442441s, 62932 KB] g=15, 252 evaluated, 203 expanded, 1 reopened
[t=169.455619s, 62932 KB] New best heuristic value for landmark_sum_heuristic: 89
[t=169.455619s, 62932 KB] New best heuristic value for ff: 101
[t=169.455619s, 62932 KB] g=14, 1872 evaluated, 1463 expanded, 40 reopened
[t=169.455619s, 62932 KB] New best heuristic value for landmark_sum_heuristic: 86
[t=169.455619s, 62932 KB] g=14, 1873 evaluated, 1464 expanded, 40 reopened
[t=173.191483s, 62932 KB] New best heuristic value for ff: 98
[t=173.191483s, 62932 KB] g=15, 7473 evaluated, 6124 expanded, 110 reopened
[t=173.191483s, 62932 KB] New best heuristic value for ff: 92
[t=173.191483s, 62932 KB] g=15, 7474 evaluated, 6125 expanded, 110 reopened
[t=173.191483s, 62932 KB] New best heuristic value for ff: 84
[t=173.191483s, 62932 KB] g=15, 7475 evaluated, 6126 expanded, 110 reopened
[t=173.195478s, 62932 KB] New best heuristic value for landmark_sum_heuristic: 84
[t=173.195478s, 62932 KB] g=15, 7476 evaluated, 6127 expanded, 110 reopened
[t=173.195478s, 62932 KB] New best heuristic value for landmark_sum_heuristic: 81
[t=173.195478s, 62932 KB] g=15, 7477 evaluated, 6128 expanded, 110 reopened
[t=173.195478s, 62932 KB] New best heuristic value for landmark_sum_heuristic: 80
[t=173.195478s, 62932 KB] g=16, 7479 evaluated, 6130 expanded, 110 reopened
[t=173.195478s, 62932 KB] New best heuristic value for landmark_sum_heuristic: 79
[t=173.195478s, 62932 KB] g=16, 7480 evaluated, 6131 expanded, 110 reopened
[t=173.199486s, 62932 KB] New best heuristic value for landmark_sum_heuristic: 78
[t=173.199486s, 62932 KB] g=16, 7481 evaluated, 6132 expanded, 110 reopened
[t=173.199486s, 62932 KB] New best heuristic value for landmark_sum_heuristic: 76
[t=173.199486s, 62932 KB] g=17, 7485 evaluated, 6135 expanded, 110 reopened
[t=173.203502s, 62932 KB] New best heuristic value for ff: 83
[t=173.203502s, 62932 KB] g=17, 7488 evaluated, 6138 expanded, 110 reopened
[t=173.203502s, 62932 KB] New best heuristic value for landmark_sum_heuristic: 75
[t=173.203502s, 62932 KB] New best heuristic value for ff: 82
[t=173.203502s, 62932 KB] g=17, 7489 evaluated, 6139 expanded, 110 reopened
[t=173.207522s, 62932 KB] New best heuristic value for ff: 76
[t=173.207522s, 62932 KB] g=18, 7497 evaluated, 6145 expanded, 110 reopened
[t=173.215504s, 62932 KB] New best heuristic value for ff: 75
[t=173.215504s, 62932 KB] g=16, 7512 evaluated, 6156 expanded, 110 reopened
[t=173.219510s, 62932 KB] New best heuristic value for landmark_sum_heuristic: 74
[t=173.219510s, 62932 KB] g=18, 7522 evaluated, 6164 expanded, 111 reopened
[t=189.140234s, 62932 KB] New best heuristic value for landmark_sum_heuristic: 73
[t=189.140234s, 62932 KB] g=19, 32155 evaluated, 25453 expanded, 648 reopened
[t=189.144242s, 62932 KB] New best heuristic value for landmark_sum_heuristic: 72
[t=189.144242s, 62932 KB] g=20, 32159 evaluated, 25456 expanded, 648 reopened
[t=189.144242s, 62932 KB] New best heuristic value for landmark_sum_heuristic: 71
[t=189.144242s, 62932 KB] g=20, 32160 evaluated, 25457 expanded, 648 reopened
[t=189.148240s, 62932 KB] New best heuristic value for landmark_sum_heuristic: 68
[t=189.148240s, 62932 KB] g=21, 32164 evaluated, 25459 expanded, 648 reopened
[t=189.148240s, 62932 KB] New best heuristic value for landmark_sum_heuristic: 67
[t=189.148240s, 62932 KB] g=21, 32165 evaluated, 25460 expanded, 648 reopened
[t=189.152248s, 62932 KB] New best heuristic value for landmark_sum_heuristic: 66
[t=189.152248s, 62932 KB] g=22, 32177 evaluated, 25470 expanded, 648 reopened
[t=189.160246s, 62932 KB] New best heuristic value for ff: 74
[t=189.160246s, 62932 KB] g=23, 32188 evaluated, 25480 expanded, 648 reopened
[t=189.160246s, 62932 KB] New best heuristic value for ff: 73
[t=189.160246s, 62932 KB] g=23, 32190 evaluated, 25482 expanded, 648 reopened
[t=189.180250s, 62932 KB] New best heuristic value for ff: 72
[t=189.180250s, 62932 KB] g=23, 32225 evaluated, 25510 expanded, 648 reopened
[t=189.180250s, 62932 KB] New best heuristic value for ff: 71
[t=189.180250s, 62932 KB] g=23, 32227 evaluated, 25511 expanded, 648 reopened
[t=189.200258s, 62932 KB] New best heuristic value for landmark_sum_heuristic: 65
[t=189.200258s, 62932 KB] New best heuristic value for ff: 56
[t=189.200258s, 62932 KB] g=27, 32267 evaluated, 25544 expanded, 648 reopened
[t=189.204260s, 62932 KB] New best heuristic value for landmark_sum_heuristic: 63
[t=189.204260s, 62932 KB] g=27, 32268 evaluated, 25545 expanded, 648 reopened
[t=189.204260s, 62932 KB] New best heuristic value for landmark_sum_heuristic: 61
[t=189.204260s, 62932 KB] New best heuristic value for ff: 51
[t=189.204260s, 62932 KB] g=27, 32269 evaluated, 25546 expanded, 648 reopened
[t=189.204260s, 62932 KB] New best heuristic value for landmark_sum_heuristic: 59
[t=189.204260s, 62932 KB] New best heuristic value for ff: 50
[t=189.204260s, 62932 KB] g=27, 32270 evaluated, 25547 expanded, 648 reopened
[t=189.204260s, 62932 KB] New best heuristic value for landmark_sum_heuristic: 57
[t=189.204260s, 62932 KB] New best heuristic value for ff: 45
[t=189.204260s, 62932 KB] g=27, 32271 evaluated, 25548 expanded, 648 reopened
[t=189.204260s, 62932 KB] New best heuristic value for landmark_sum_heuristic: 54
[t=189.204260s, 62932 KB] g=27, 32272 evaluated, 25549 expanded, 648 reopened
[t=189.204260s, 62932 KB] New best heuristic value for landmark_sum_heuristic: 52
[t=189.204260s, 62932 KB] g=27, 32273 evaluated, 25550 expanded, 648 reopened
[t=189.208279s, 62932 KB] New best heuristic value for ff: 44
[t=189.208279s, 62932 KB] g=27, 32274 evaluated, 25551 expanded, 648 reopened
[t=189.208279s, 62932 KB] New best heuristic value for landmark_sum_heuristic: 49
[t=189.208279s, 62932 KB] g=28, 32275 evaluated, 25552 expanded, 648 reopened
[t=189.208279s, 62932 KB] New best heuristic value for ff: 43
[t=189.208279s, 62932 KB] g=28, 32278 evaluated, 25554 expanded, 648 reopened
[t=189.208279s, 62932 KB] New best heuristic value for ff: 42
[t=189.208279s, 62932 KB] g=28, 32279 evaluated, 25555 expanded, 648 reopened
[t=189.208279s, 62932 KB] New best heuristic value for landmark_sum_heuristic: 48
[t=189.208279s, 62932 KB] New best heuristic value for ff: 41
[t=189.208279s, 62932 KB] g=28, 32280 evaluated, 25556 expanded, 648 reopened
[t=189.208279s, 62932 KB] New best heuristic value for ff: 40
[t=189.208279s, 62932 KB] g=28, 32281 evaluated, 25557 expanded, 648 reopened
[t=189.212276s, 62932 KB] New best heuristic value for ff: 39
[t=189.212276s, 62932 KB] g=29, 32285 evaluated, 25561 expanded, 648 reopened
[t=189.212276s, 62932 KB] New best heuristic value for ff: 38
[t=189.212276s, 62932 KB] g=29, 32286 evaluated, 25562 expanded, 648 reopened
[t=189.212276s, 62932 KB] New best heuristic value for ff: 37
[t=189.212276s, 62932 KB] g=29, 32287 evaluated, 25563 expanded, 648 reopened
[t=189.212276s, 62932 KB] New best heuristic value for landmark_sum_heuristic: 47
[t=189.212276s, 62932 KB] New best heuristic value for ff: 36
[t=189.212276s, 62932 KB] g=29, 32288 evaluated, 25564 expanded, 648 reopened
[t=189.216265s, 62932 KB] New best heuristic value for landmark_sum_heuristic: 43
[t=189.216265s, 62932 KB] g=30, 32290 evaluated, 25566 expanded, 648 reopened
[t=189.216265s, 62932 KB] New best heuristic value for landmark_sum_heuristic: 42
[t=189.216265s, 62932 KB] g=30, 32291 evaluated, 25567 expanded, 648 reopened
[t=189.216265s, 62932 KB] New best heuristic value for ff: 35
[t=189.216265s, 62932 KB] g=30, 32292 evaluated, 25568 expanded, 648 reopened
[t=189.216265s, 62932 KB] New best heuristic value for ff: 33
[t=189.216265s, 62932 KB] g=31, 32294 evaluated, 25570 expanded, 648 reopened
[t=189.216265s, 62932 KB] New best heuristic value for ff: 32
[t=189.216265s, 62932 KB] g=31, 32295 evaluated, 25571 expanded, 648 reopened
[t=189.216265s, 62932 KB] New best heuristic value for landmark_sum_heuristic: 41
[t=189.216265s, 62932 KB] New best heuristic value for ff: 31
[t=189.216265s, 62932 KB] g=31, 32296 evaluated, 25572 expanded, 648 reopened
[t=189.216265s, 62932 KB] New best heuristic value for ff: 30
[t=189.216265s, 62932 KB] g=31, 32297 evaluated, 25573 expanded, 648 reopened
[t=189.220267s, 62932 KB] New best heuristic value for landmark_sum_heuristic: 39
[t=189.220267s, 62932 KB] g=32, 32298 evaluated, 25574 expanded, 648 reopened
[t=189.220267s, 62932 KB] New best heuristic value for landmark_sum_heuristic: 38
[t=189.224278s, 62932 KB] New best heuristic value for ff: 29
[t=189.224278s, 62932 KB] g=32, 32306 evaluated, 25581 expanded, 648 reopened
[t=189.224278s, 62932 KB] New best heuristic value for ff: 28
[t=189.224278s, 62932 KB] g=32, 32307 evaluated, 25582 expanded, 648 reopened
[t=189.244280s, 62932 KB] New best heuristic value for ff: 26
[t=189.244280s, 62932 KB] g=32, 32346 evaluated, 25619 expanded, 648 reopened
[t=189.244280s, 62932 KB] New best heuristic value for ff: 25
[t=189.244280s, 62932 KB] g=32, 32347 evaluated, 25620 expanded, 648 reopened
[t=189.244280s, 62932 KB] New best heuristic value for landmark_sum_heuristic: 36
[t=189.244280s, 62932 KB] New best heuristic value for ff: 24
[t=189.244280s, 62932 KB] g=32, 32348 evaluated, 25621 expanded, 648 reopened
[t=189.244280s, 62932 KB] New best heuristic value for landmark_sum_heuristic: 34
[t=189.244280s, 62932 KB] New best heuristic value for ff: 23
[t=189.244280s, 62932 KB] g=32, 32349 evaluated, 25622 expanded, 648 reopened
[t=189.244280s, 62932 KB] New best heuristic value for landmark_sum_heuristic: 32
[t=189.244280s, 62932 KB] g=32, 32350 evaluated, 25623 expanded, 648 reopened
[t=189.244280s, 62932 KB] New best heuristic value for landmark_sum_heuristic: 30
[t=189.244280s, 62932 KB] New best heuristic value for ff: 21
[t=189.244280s, 62932 KB] g=32, 32351 evaluated, 25624 expanded, 648 reopened
[t=189.244280s, 62932 KB] New best heuristic value for landmark_sum_heuristic: 27
[t=189.244280s, 62932 KB] New best heuristic value for ff: 20
[t=189.244280s, 62932 KB] g=32, 32352 evaluated, 25625 expanded, 648 reopened
[t=189.248281s, 62932 KB] New best heuristic value for landmark_sum_heuristic: 26
[t=189.248281s, 62932 KB] New best heuristic value for ff: 19
[t=189.248281s, 62932 KB] g=32, 32353 evaluated, 25626 expanded, 648 reopened
[t=189.288305s, 62932 KB] New best heuristic value for landmark_sum_heuristic: 25
[t=189.288305s, 62932 KB] g=32, 32434 evaluated, 25701 expanded, 648 reopened
[t=189.288305s, 62932 KB] New best heuristic value for landmark_sum_heuristic: 23
[t=189.288305s, 62932 KB] g=32, 32435 evaluated, 25702 expanded, 648 reopened
[t=189.296304s, 62932 KB] New best heuristic value for ff: 18
[t=189.296304s, 62932 KB] g=32, 32453 evaluated, 25720 expanded, 648 reopened
[t=189.300305s, 62932 KB] New best heuristic value for ff: 17
[t=189.300305s, 62932 KB] g=32, 32455 evaluated, 25722 expanded, 648 reopened
[t=189.300305s, 62932 KB] New best heuristic value for ff: 16
[t=189.300305s, 62932 KB] g=32, 32456 evaluated, 25723 expanded, 648 reopened
[t=200.397198s, 62932 KB] New best heuristic value for ff: 15
[t=200.397198s, 62932 KB] g=32, 52638 evaluated, 43300 expanded, 1051 reopened
[t=200.397198s, 62932 KB] New best heuristic value for landmark_sum_heuristic: 22
[t=200.397198s, 62932 KB] New best heuristic value for ff: 14
[t=200.397198s, 62932 KB] g=32, 52639 evaluated, 43301 expanded, 1051 reopened
[t=200.397198s, 62932 KB] New best heuristic value for landmark_sum_heuristic: 20
[t=200.397198s, 62932 KB] New best heuristic value for ff: 13
[t=200.397198s, 62932 KB] g=32, 52640 evaluated, 43302 expanded, 1051 reopened
[t=200.397198s, 62932 KB] New best heuristic value for landmark_sum_heuristic: 19
[t=200.397198s, 62932 KB] New best heuristic value for ff: 12
[t=200.397198s, 62932 KB] g=32, 52642 evaluated, 43304 expanded, 1051 reopened
[t=200.421165s, 62932 KB] New best heuristic value for landmark_sum_heuristic: 18
[t=200.421165s, 62932 KB] g=32, 52695 evaluated, 43353 expanded, 1051 reopened
[t=205.482247s, 62932 KB] New best heuristic value for landmark_sum_heuristic: 17
[t=205.482247s, 62932 KB] New best heuristic value for ff: 11
[t=205.482247s, 62932 KB] g=31, 62044 evaluated, 51452 expanded, 1252 reopened
[t=205.482247s, 62932 KB] New best heuristic value for landmark_sum_heuristic: 16
[t=205.482247s, 62932 KB] New best heuristic value for ff: 10
[t=205.482247s, 62932 KB] g=31, 62045 evaluated, 51453 expanded, 1252 reopened
[t=205.486244s, 62932 KB] New best heuristic value for landmark_sum_heuristic: 12
[t=205.486244s, 62932 KB] New best heuristic value for ff: 6
[t=205.486244s, 62932 KB] g=32, 62046 evaluated, 51454 expanded, 1252 reopened
[t=205.486244s, 62932 KB] New best heuristic value for landmark_sum_heuristic: 10
[t=205.486244s, 62932 KB] New best heuristic value for ff: 5
[t=205.486244s, 62932 KB] g=32, 62047 evaluated, 51455 expanded, 1252 reopened
[t=205.486244s, 62932 KB] New best heuristic value for landmark_sum_heuristic: 8
[t=205.486244s, 62932 KB] New best heuristic value for ff: 4
[t=205.486244s, 62932 KB] g=32, 62048 evaluated, 51456 expanded, 1252 reopened
[t=205.486244s, 62932 KB] New best heuristic value for landmark_sum_heuristic: 6
[t=205.486244s, 62932 KB] New best heuristic value for ff: 3
[t=205.486244s, 62932 KB] g=32, 62049 evaluated, 51457 expanded, 1252 reopened
[t=205.486244s, 62932 KB] New best heuristic value for landmark_sum_heuristic: 4
[t=205.486244s, 62932 KB] New best heuristic value for ff: 2
[t=205.486244s, 62932 KB] g=32, 62050 evaluated, 51458 expanded, 1252 reopened
[t=205.486244s, 62932 KB] New best heuristic value for landmark_sum_heuristic: 2
[t=205.486244s, 62932 KB] New best heuristic value for ff: 1
[t=205.486244s, 62932 KB] g=32, 62051 evaluated, 51459 expanded, 1252 reopened
[t=205.486244s, 62932 KB] Solution found!
[t=205.486244s, 62932 KB] Actual search time: 37.211984s
move-to-card card-d1-s0-v3 card-d0-s1-v0 card-d1-s1-v4 pile-3 (1)
change-tableau-and-stop card-d1-s0-v3 pile-0 pile-3 (0)
make-unmovable-and-continue card-d1-s1-v4 card-d1-s1-v5 (0)
make-unmovable-and-stop-at-unmovable card-d1-s1-v5 card-d0-s0-v4 (0)
make-movable-and-stop card-d0-s1-v0 card-d0-s0-v0 (0)
start-dealing  (1)
deal-card card-d1-s1-v1 card-d1-s0-v2 deal-0 card-d0-s1-v0 pile-0 (0)
make-unmovable-and-stop-at-unmovable card-d0-s1-v0 card-d0-s0-v0 (0)
deal-card card-d1-s0-v2 card-d0-s0-v5 deal-0 card-d1-s1-v3 pile-1 (0)
make-unmovable-and-continue card-d1-s1-v3 card-d0-s1-v4 (0)
make-unmovable-and-stop-at-unmovable card-d0-s1-v4 card-d0-s0-v1 (0)
deal-card card-d0-s0-v5 card-d0-s0-v3 deal-0 card-d1-s0-v1 pile-2 (0)
make-unmovable-and-stop-at-unmovable card-d1-s0-v1 card-d1-s0-v5 (0)
deal-card card-d0-s0-v3 deal-0 deal-0 card-d1-s0-v3 pile-3 (0)
make-unmovable-and-stop-at-unmovable card-d1-s0-v3 card-d1-s1-v4 (0)
finish-dealing deal-0 deal-1 (0)
move-to-card card-d1-s0-v2 card-d1-s1-v3 card-d0-s0-v3 pile-3 (1)
change-tableau-and-stop card-d1-s0-v2 pile-1 pile-3 (0)
make-movable-and-continue card-d1-s1-v3 card-d0-s1-v4 (0)
make-movable-and-stop card-d0-s1-v4 card-d0-s0-v1 (0)
move-to-card card-d0-s1-v4 card-d0-s0-v1 card-d0-s0-v5 pile-2 (1)
change-tableau-and-continue card-d0-s1-v4 pile-1 pile-2 card-d1-s1-v3 (0)
change-tableau-and-stop card-d1-s1-v3 pile-1 pile-2 (0)
make-unmovable-and-stop-at-unmovable card-d0-s0-v5 card-d1-s0-v1 (0)
make-movable-and-stop card-d0-s0-v1 card-d1-s0-v4 (0)
move-to-card card-d1-s1-v1 card-d0-s1-v0 card-d1-s0-v2 pile-3 (1)
change-tableau-and-stop card-d1-s1-v1 pile-0 pile-3 (0)
make-unmovable-and-continue card-d1-s0-v2 card-d0-s0-v3 (0)
make-unmovable-and-stop-at-unmovable card-d0-s0-v3 card-d1-s0-v3 (0)
make-movable-and-stop card-d0-s1-v0 card-d0-s0-v0 (0)
move-to-card card-d0-s1-v0 card-d0-s0-v0 card-d1-s1-v1 pile-3 (1)
change-tableau-and-stop card-d0-s1-v0 pile-0 pile-3 (0)
make-movable-and-stop card-d0-s0-v0 card-d1-s1-v2 (0)
move-to-card card-d0-s0-v0 card-d1-s1-v2 card-d0-s0-v1 pile-1 (1)
change-tableau-and-stop card-d0-s0-v0 pile-0 pile-1 (0)
make-movable-and-stop card-d1-s1-v2 pile-0 (0)
move-to-card card-d1-s1-v1 card-d1-s0-v2 card-d1-s1-v2 pile-0 (1)
change-tableau-and-continue card-d1-s1-v1 pile-3 pile-0 card-d0-s1-v0 (0)
change-tableau-and-stop card-d0-s1-v0 pile-3 pile-0 (0)
make-movable-and-continue card-d1-s0-v2 card-d0-s0-v3 (0)
make-movable-and-stop card-d0-s0-v3 card-d1-s0-v3 (0)
move-to-card card-d0-s0-v1 card-d1-s0-v4 card-d1-s0-v2 pile-3 (1)
change-tableau-and-continue card-d0-s0-v1 pile-1 pile-3 card-d0-s0-v0 (0)
change-tableau-and-stop card-d0-s0-v0 pile-1 pile-3 (0)
make-movable-and-stop card-d1-s0-v4 pile-1 (0)
move-to-card card-d1-s1-v2 pile-0 card-d1-s1-v3 pile-2 (1)
change-tableau-and-continue card-d1-s1-v2 pile-0 pile-2 card-d1-s1-v1 (0)
change-tableau-and-continue card-d1-s1-v1 pile-0 pile-2 card-d0-s1-v0 (0)
change-tableau-and-stop card-d0-s1-v0 pile-0 pile-2 (0)
make-movable-ignore-pile pile-0 (0)
move-to-tableau card-d0-s1-v4 card-d0-s0-v5 pile-0 (1)
change-tableau-and-continue card-d0-s1-v4 pile-2 pile-0 card-d1-s1-v3 (0)
change-tableau-and-continue card-d1-s1-v3 pile-2 pile-0 card-d1-s1-v2 (0)
change-tableau-and-continue card-d1-s1-v2 pile-2 pile-0 card-d1-s1-v1 (0)
change-tableau-and-continue card-d1-s1-v1 pile-2 pile-0 card-d0-s1-v0 (0)
change-tableau-and-stop card-d0-s1-v0 pile-2 pile-0 (0)
make-movable-and-stop card-d0-s0-v5 card-d1-s0-v1 (0)
move-to-card card-d1-s0-v4 pile-1 card-d0-s0-v5 pile-2 (1)
change-tableau-and-stop card-d1-s0-v4 pile-1 pile-2 (0)
make-movable-ignore-pile pile-1 (0)
move-to-tableau card-d0-s0-v5 card-d1-s0-v1 pile-1 (1)
change-tableau-and-continue card-d0-s0-v5 pile-2 pile-1 card-d1-s0-v4 (0)
change-tableau-and-stop card-d1-s0-v4 pile-2 pile-1 (0)
make-movable-and-stop card-d1-s0-v1 card-d1-s0-v5 (0)
move-to-card card-d0-s0-v3 card-d1-s0-v3 card-d1-s0-v4 pile-1 (1)
change-tableau-and-continue card-d0-s0-v3 pile-3 pile-1 card-d1-s0-v2 (0)
change-tableau-and-continue card-d1-s0-v2 pile-3 pile-1 card-d0-s0-v1 (0)
change-tableau-and-continue card-d0-s0-v1 pile-3 pile-1 card-d0-s0-v0 (0)
change-tableau-and-stop card-d0-s0-v0 pile-3 pile-1 (0)
make-movable-and-stop card-d1-s0-v3 card-d1-s1-v4 (0)
start-collecting-deck card-d0-s0-v0 (1)
collect-card card-d0-s0-v0 card-d0-s0-v1 pile-1 (0)
collect-card card-d0-s0-v1 card-d1-s0-v2 pile-1 (0)
collect-card card-d1-s0-v2 card-d0-s0-v3 pile-1 (0)
collect-card card-d0-s0-v3 card-d1-s0-v4 pile-1 (0)
collect-card card-d1-s0-v4 card-d0-s0-v5 pile-1 (0)
finish-collecting-deck card-d0-s0-v5 pile-1 pile-1 (0)
make-movable-ignore-pile pile-1 (0)
move-to-tableau card-d1-s0-v3 card-d1-s1-v4 pile-1 (1)
change-tableau-and-stop card-d1-s0-v3 pile-3 pile-1 (0)
make-movable-and-continue card-d1-s1-v4 card-d1-s1-v5 (0)
make-movable-and-stop card-d1-s1-v5 card-d0-s0-v4 (0)
move-to-card card-d1-s1-v3 card-d0-s1-v4 card-d1-s1-v4 pile-3 (1)
change-tableau-and-continue card-d1-s1-v3 pile-0 pile-3 card-d1-s1-v2 (0)
change-tableau-and-continue card-d1-s1-v2 pile-0 pile-3 card-d1-s1-v1 (0)
change-tableau-and-continue card-d1-s1-v1 pile-0 pile-3 card-d0-s1-v0 (0)
change-tableau-and-stop card-d0-s1-v0 pile-0 pile-3 (0)
start-collecting-deck card-d0-s1-v0 (1)
collect-card card-d0-s1-v0 card-d1-s1-v1 pile-3 (0)
collect-card card-d1-s1-v1 card-d1-s1-v2 pile-3 (0)
collect-card card-d1-s1-v2 card-d1-s1-v3 pile-3 (0)
collect-card card-d1-s1-v3 card-d1-s1-v4 pile-3 (0)
collect-card card-d1-s1-v4 card-d1-s1-v5 pile-3 (0)
finish-collecting-deck card-d1-s1-v5 card-d0-s0-v4 pile-3 (0)
make-movable-and-stop card-d0-s0-v4 card-d0-s1-v3 (0)
move-to-card card-d1-s0-v3 pile-1 card-d0-s0-v4 pile-3 (1)
change-tableau-and-stop card-d1-s0-v3 pile-1 pile-3 (0)
make-movable-ignore-pile pile-1 (0)
move-to-tableau card-d0-s0-v4 card-d0-s1-v3 pile-1 (1)
change-tableau-and-continue card-d0-s0-v4 pile-3 pile-1 card-d1-s0-v3 (0)
change-tableau-and-stop card-d1-s0-v3 pile-3 pile-1 (0)
make-movable-and-stop card-d0-s1-v3 pile-3 (0)
start-dealing  (1)
deal-card card-d0-s1-v1 card-d0-s0-v2 deal-1 card-d0-s1-v4 pile-0 (0)
make-unmovable-and-stop-at-tableau card-d0-s1-v4 pile-0 (0)
deal-card card-d0-s0-v2 card-d0-s1-v2 deal-1 card-d1-s0-v3 pile-1 (0)
deal-card card-d0-s1-v2 card-d1-s0-v0 deal-1 card-d1-s0-v1 pile-2 (0)
make-unmovable-and-stop-at-unmovable card-d1-s0-v1 card-d1-s0-v5 (0)
deal-card card-d1-s0-v0 deal-1 deal-1 card-d0-s1-v3 pile-3 (0)
make-unmovable-and-stop-at-tableau card-d0-s1-v3 pile-3 (0)
finish-dealing deal-1 deal-2 (0)
move-to-card card-d1-s0-v0 card-d0-s1-v3 card-d0-s1-v1 pile-0 (1)
change-tableau-and-stop card-d1-s0-v0 pile-3 pile-0 (0)
make-unmovable-and-stop-at-unmovable card-d0-s1-v1 card-d0-s1-v4 (0)
make-movable-and-stop card-d0-s1-v3 pile-3 (0)
move-to-card card-d0-s1-v2 card-d1-s0-v1 card-d0-s1-v3 pile-3 (1)
change-tableau-and-stop card-d0-s1-v2 pile-2 pile-3 (0)
make-movable-and-stop card-d1-s0-v1 card-d1-s0-v5 (0)
move-to-card card-d1-s0-v1 card-d1-s0-v5 card-d0-s0-v2 pile-1 (1)
change-tableau-and-stop card-d1-s0-v1 pile-2 pile-1 (0)
make-movable-and-stop card-d1-s0-v5 card-d1-s1-v0 (0)
move-to-card card-d1-s0-v0 card-d0-s1-v1 card-d1-s0-v1 pile-1 (1)
change-tableau-and-stop card-d1-s0-v0 pile-0 pile-1 (0)
make-movable-and-stop card-d0-s1-v1 card-d0-s1-v4 (0)
move-to-card card-d0-s0-v4 pile-1 card-d1-s0-v5 pile-2 (1)
change-tableau-and-continue card-d0-s0-v4 pile-1 pile-2 card-d1-s0-v3 (0)
change-tableau-and-continue card-d1-s0-v3 pile-1 pile-2 card-d0-s0-v2 (0)
change-tableau-and-continue card-d0-s0-v2 pile-1 pile-2 card-d1-s0-v1 (0)
change-tableau-and-continue card-d1-s0-v1 pile-1 pile-2 card-d1-s0-v0 (0)
change-tableau-and-stop card-d1-s0-v0 pile-1 pile-2 (0)
make-movable-ignore-pile pile-1 (0)
start-collecting-deck card-d1-s0-v0 (1)
collect-card card-d1-s0-v0 card-d1-s0-v1 pile-2 (0)
collect-card card-d1-s0-v1 card-d0-s0-v2 pile-2 (0)
collect-card card-d0-s0-v2 card-d1-s0-v3 pile-2 (0)
collect-card card-d1-s0-v3 card-d0-s0-v4 pile-2 (0)
collect-card card-d0-s0-v4 card-d1-s0-v5 pile-2 (0)
finish-collecting-deck card-d1-s0-v5 card-d1-s1-v0 pile-2 (0)
make-movable-and-stop card-d1-s1-v0 card-d0-s1-v5 (0)
move-to-card card-d1-s1-v0 card-d0-s1-v5 card-d0-s1-v1 pile-0 (1)
change-tableau-and-stop card-d1-s1-v0 pile-2 pile-0 (0)
make-movable-and-stop card-d0-s1-v5 pile-2 (0)
move-to-card card-d0-s1-v1 card-d0-s1-v4 card-d0-s1-v2 pile-3 (1)
change-tableau-and-continue card-d0-s1-v1 pile-0 pile-3 card-d1-s1-v0 (0)
change-tableau-and-stop card-d1-s1-v0 pile-0 pile-3 (0)
make-movable-and-stop card-d0-s1-v4 pile-0 (0)
move-to-card card-d0-s1-v4 pile-0 card-d0-s1-v5 pile-2 (1)
change-tableau-and-stop card-d0-s1-v4 pile-0 pile-2 (0)
make-movable-ignore-pile pile-0 (0)
move-to-card card-d0-s1-v3 pile-3 card-d0-s1-v4 pile-2 (1)
change-tableau-and-continue card-d0-s1-v3 pile-3 pile-2 card-d0-s1-v2 (0)
change-tableau-and-continue card-d0-s1-v2 pile-3 pile-2 card-d0-s1-v1 (0)
change-tableau-and-continue card-d0-s1-v1 pile-3 pile-2 card-d1-s1-v0 (0)
change-tableau-and-stop card-d1-s1-v0 pile-3 pile-2 (0)
make-movable-ignore-pile pile-3 (0)
start-collecting-deck card-d1-s1-v0 (1)
collect-card card-d1-s1-v0 card-d0-s1-v1 pile-2 (0)
collect-card card-d0-s1-v1 card-d0-s1-v2 pile-2 (0)
collect-card card-d0-s1-v2 card-d0-s1-v3 pile-2 (0)
collect-card card-d0-s1-v3 card-d0-s1-v4 pile-2 (0)
collect-card card-d0-s1-v4 card-d0-s1-v5 pile-2 (0)
finish-collecting-deck card-d0-s1-v5 pile-2 pile-2 (0)
[t=205.486244s, 62932 KB] Plan length: 162 step(s).
[t=205.486244s, 62932 KB] Plan cost: 32
[t=205.486244s, 62932 KB] Expanded 51460 state(s).
[t=205.486244s, 62932 KB] Reopened 1252 state(s).
[t=205.486244s, 62932 KB] Evaluated 62052 state(s).
[t=205.486244s, 62932 KB] Evaluations: 112261
[t=205.486244s, 62932 KB] Generated 87310 state(s).
[t=205.486244s, 62932 KB] Dead ends: 10591 state(s).
[t=205.486244s, 62932 KB] Number of registered states: 60800
[t=205.486244s, 62932 KB] Int hash set load factor: 60800/131072 = 0.463867
[t=205.486244s, 62932 KB] Int hash set resizes: 17
[t=205.486244s, 62932 KB] Best solution cost so far: 32
[t=205.486244s, 62932 KB] Solution found - keep searching
[t=205.486244s, 62932 KB] Building successor generator...done!
[t=205.486244s, 62932 KB] peak memory difference for successor generator creation: 0 KB
[t=205.486244s, 62932 KB] time for successor generation creation: 0.000000s
[t=205.486244s, 62932 KB] Variables: 376
[t=205.486244s, 62932 KB] FactPairs: 1081
[t=205.486244s, 62932 KB] Bytes per state: 60
[t=205.486244s, 62932 KB] Starting search: lazy_wastar
[t=205.486244s, 62932 KB] Conducting lazy best first search, (real) bound = 32
[t=205.490247s, 62932 KB] New best heuristic value for landmark_sum_heuristic: 151
[t=205.490247s, 62932 KB] New best heuristic value for ff: 144
[t=205.490247s, 62932 KB] g=0, 1 evaluated, 0 expanded
[t=205.490247s, 62932 KB] Initial heuristic value for landmark_sum_heuristic: 151
[t=205.490247s, 62932 KB] Initial heuristic value for ff: 144
[t=205.490247s, 62932 KB] New best heuristic value for landmark_sum_heuristic: 146
[t=205.490247s, 62932 KB] g=1, 2 evaluated, 1 expanded
[t=205.490247s, 62932 KB] New best heuristic value for landmark_sum_heuristic: 145
[t=205.490247s, 62932 KB] g=1, 3 evaluated, 2 expanded
[t=205.494248s, 62932 KB] New best heuristic value for ff: 137
[t=205.494248s, 62932 KB] g=1, 6 evaluated, 5 expanded
[t=205.498256s, 62932 KB] New best heuristic value for landmark_sum_heuristic: 141
[t=205.498256s, 62932 KB] g=2, 11 evaluated, 10 expanded
[t=205.498256s, 62932 KB] New best heuristic value for landmark_sum_heuristic: 140
[t=205.498256s, 62932 KB] g=2, 13 evaluated, 12 expanded
[t=205.502254s, 62932 KB] New best heuristic value for ff: 136
[t=205.502254s, 62932 KB] g=1, 18 evaluated, 17 expanded
[t=205.506255s, 62932 KB] New best heuristic value for landmark_sum_heuristic: 139
[t=205.506255s, 62932 KB] g=3, 24 evaluated, 21 expanded
[t=205.510256s, 62932 KB] New best heuristic value for landmark_sum_heuristic: 137
[t=205.510256s, 62932 KB] g=3, 30 evaluated, 27 expanded
[t=205.514258s, 62932 KB] New best heuristic value for landmark_sum_heuristic: 136
[t=205.514258s, 62932 KB] g=2, 32 evaluated, 29 expanded
[t=205.514258s, 62932 KB] New best heuristic value for landmark_sum_heuristic: 135
[t=205.514258s, 62932 KB] g=3, 35 evaluated, 32 expanded
[t=205.518260s, 62932 KB] New best heuristic value for landmark_sum_heuristic: 133
[t=205.518260s, 62932 KB] g=3, 39 evaluated, 36 expanded
[t=205.518260s, 62932 KB] New best heuristic value for landmark_sum_heuristic: 132
[t=205.518260s, 62932 KB] g=3, 40 evaluated, 37 expanded
[t=205.518260s, 62932 KB] New best heuristic value for landmark_sum_heuristic: 130
[t=205.518260s, 62932 KB] g=3, 41 evaluated, 38 expanded
[t=205.522261s, 62932 KB] New best heuristic value for ff: 135
[t=205.522261s, 62932 KB] g=3, 42 evaluated, 39 expanded
[t=205.522261s, 62932 KB] New best heuristic value for landmark_sum_heuristic: 128
[t=205.522261s, 62932 KB] g=3, 44 evaluated, 41 expanded
[t=205.522261s, 62932 KB] New best heuristic value for landmark_sum_heuristic: 127
[t=205.522261s, 62932 KB] g=3, 45 evaluated, 42 expanded
[t=205.522261s, 62932 KB] New best heuristic value for landmark_sum_heuristic: 125
[t=205.522261s, 62932 KB] g=3, 46 evaluated, 43 expanded
[t=205.526264s, 62932 KB] New best heuristic value for landmark_sum_heuristic: 124
[t=205.526264s, 62932 KB] g=3, 48 evaluated, 45 expanded
[t=205.526264s, 62932 KB] New best heuristic value for landmark_sum_heuristic: 123
[t=205.526264s, 62932 KB] g=3, 49 evaluated, 46 expanded
[t=205.530269s, 62932 KB] New best heuristic value for landmark_sum_heuristic: 122
[t=205.530269s, 62932 KB] g=4, 53 evaluated, 49 expanded
[t=205.530269s, 62932 KB] New best heuristic value for landmark_sum_heuristic: 121
[t=205.530269s, 62932 KB] g=4, 54 evaluated, 50 expanded
[t=205.550282s, 62932 KB] New best heuristic value for ff: 134
[t=205.550282s, 62932 KB] g=4, 83 evaluated, 76 expanded
[t=205.566286s, 62932 KB] New best heuristic value for landmark_sum_heuristic: 120
[t=205.566286s, 62932 KB] g=6, 107 evaluated, 95 expanded
[t=205.626329s, 62932 KB] New best heuristic value for ff: 133
[t=205.626329s, 62932 KB] g=3, 181 evaluated, 161 expanded
[t=205.686417s, 62932 KB] New best heuristic value for landmark_sum_heuristic: 119
[t=205.686417s, 62932 KB] g=7, 273 evaluated, 239 expanded
[t=205.686417s, 62932 KB] New best heuristic value for ff: 132
[t=205.686417s, 62932 KB] g=7, 274 evaluated, 240 expanded
[t=205.690344s, 62932 KB] New best heuristic value for ff: 131
[t=205.690344s, 62932 KB] g=7, 275 evaluated, 241 expanded
[t=205.694350s, 62932 KB] New best heuristic value for landmark_sum_heuristic: 118
[t=205.694350s, 62932 KB] g=8, 282 evaluated, 246 expanded
[t=205.694350s, 62932 KB] New best heuristic value for ff: 130
[t=205.694350s, 62932 KB] g=8, 284 evaluated, 248 expanded
[t=205.702350s, 62932 KB] New best heuristic value for landmark_sum_heuristic: 117
[t=205.702350s, 62932 KB] g=9, 298 evaluated, 260 expanded
[t=205.710354s, 62932 KB] New best heuristic value for landmark_sum_heuristic: 116
[t=205.710354s, 62932 KB] g=10, 311 evaluated, 272 expanded
[t=205.714354s, 62932 KB] New best heuristic value for landmark_sum_heuristic: 115
[t=205.714354s, 62932 KB] g=10, 313 evaluated, 274 expanded
[t=205.714354s, 62932 KB] New best heuristic value for ff: 120
[t=205.714354s, 62932 KB] g=10, 315 evaluated, 276 expanded
[t=205.714354s, 62932 KB] New best heuristic value for landmark_sum_heuristic: 110
[t=205.714354s, 62932 KB] g=11, 316 evaluated, 277 expanded
[t=205.718406s, 62932 KB] New best heuristic value for landmark_sum_heuristic: 109
[t=205.718406s, 62932 KB] g=11, 317 evaluated, 278 expanded
[t=205.718406s, 62932 KB] New best heuristic value for ff: 117
[t=205.718406s, 62932 KB] g=11, 319 evaluated, 280 expanded
[t=205.718406s, 62932 KB] New best heuristic value for landmark_sum_heuristic: 108
[t=205.718406s, 62932 KB] g=12, 320 evaluated, 281 expanded
[t=205.718406s, 62932 KB] New best heuristic value for landmark_sum_heuristic: 104
[t=205.718406s, 62932 KB] g=12, 321 evaluated, 282 expanded
[t=205.722359s, 62932 KB] New best heuristic value for landmark_sum_heuristic: 103
[t=205.722359s, 62932 KB] g=12, 326 evaluated, 286 expanded
[t=205.726361s, 62932 KB] New best heuristic value for ff: 108
[t=205.726361s, 62932 KB] g=12, 328 evaluated, 287 expanded
[t=205.726361s, 62932 KB] New best heuristic value for landmark_sum_heuristic: 100
[t=205.726361s, 62932 KB] g=13, 329 evaluated, 288 expanded
[t=205.726361s, 62932 KB] New best heuristic value for landmark_sum_heuristic: 99
[t=205.726361s, 62932 KB] g=13, 330 evaluated, 289 expanded
[t=205.726361s, 62932 KB] New best heuristic value for landmark_sum_heuristic: 97
[t=205.726361s, 62932 KB] g=13, 333 evaluated, 292 expanded
[t=205.730364s, 62932 KB] New best heuristic value for landmark_sum_heuristic: 96
[t=205.730364s, 62932 KB] g=13, 334 evaluated, 293 expanded
[t=205.730364s, 62932 KB] New best heuristic value for landmark_sum_heuristic: 92
[t=205.730364s, 62932 KB] g=14, 338 evaluated, 295 expanded
[t=205.730364s, 62932 KB] New best heuristic value for landmark_sum_heuristic: 91
[t=205.730364s, 62932 KB] g=14, 339 evaluated, 296 expanded
[t=205.750372s, 62932 KB] New best heuristic value for ff: 102
[t=205.750372s, 62932 KB] g=14, 370 evaluated, 315 expanded
[t=205.798403s, 62932 KB] New best heuristic value for landmark_sum_heuristic: 90
[t=205.798403s, 62932 KB] g=18, 453 evaluated, 370 expanded
[t=207.563507s, 62932 KB] New best heuristic value for landmark_sum_heuristic: 89
[t=207.563507s, 62932 KB] New best heuristic value for ff: 101
[t=207.563507s, 62932 KB] g=13, 3202 evaluated, 2590 expanded, 25 reopened
[t=207.567310s, 62932 KB] New best heuristic value for landmark_sum_heuristic: 86
[t=207.567310s, 62932 KB] g=13, 3203 evaluated, 2591 expanded, 25 reopened
[t=209.663816s, 62932 KB] New best heuristic value for ff: 98
[t=209.663816s, 62932 KB] g=15, 6366 evaluated, 5200 expanded, 75 reopened
[t=209.663816s, 62932 KB] New best heuristic value for ff: 92
[t=209.663816s, 62932 KB] g=15, 6367 evaluated, 5201 expanded, 75 reopened
[t=209.663816s, 62932 KB] New best heuristic value for ff: 84
[t=209.663816s, 62932 KB] g=15, 6368 evaluated, 5202 expanded, 75 reopened
[t=209.667786s, 62932 KB] New best heuristic value for landmark_sum_heuristic: 84
[t=209.667786s, 62932 KB] g=15, 6369 evaluated, 5203 expanded, 75 reopened
[t=209.667786s, 62932 KB] New best heuristic value for landmark_sum_heuristic: 81
[t=209.667786s, 62932 KB] g=15, 6370 evaluated, 5204 expanded, 75 reopened
[t=209.667786s, 62932 KB] New best heuristic value for landmark_sum_heuristic: 80
[t=209.667786s, 62932 KB] g=16, 6372 evaluated, 5206 expanded, 75 reopened
[t=209.671767s, 62932 KB] New best heuristic value for landmark_sum_heuristic: 79
[t=209.671767s, 62932 KB] g=16, 6373 evaluated, 5207 expanded, 75 reopened
[t=209.671767s, 62932 KB] New best heuristic value for landmark_sum_heuristic: 78
[t=209.671767s, 62932 KB] g=16, 6374 evaluated, 5208 expanded, 75 reopened
[t=209.671767s, 62932 KB] New best heuristic value for landmark_sum_heuristic: 76
[t=209.671767s, 62932 KB] g=17, 6378 evaluated, 5211 expanded, 75 reopened
[t=209.675744s, 62932 KB] New best heuristic value for ff: 83
[t=209.675744s, 62932 KB] g=17, 6382 evaluated, 5214 expanded, 75 reopened
[t=209.675744s, 62932 KB] New best heuristic value for landmark_sum_heuristic: 75
[t=209.675744s, 62932 KB] New best heuristic value for ff: 82
[t=209.675744s, 62932 KB] g=17, 6383 evaluated, 5215 expanded, 75 reopened
[t=209.679723s, 62932 KB] New best heuristic value for ff: 76
[t=209.679723s, 62932 KB] g=18, 6392 evaluated, 5221 expanded, 75 reopened
[t=209.683701s, 62932 KB] New best heuristic value for ff: 75
[t=209.683701s, 62932 KB] g=16, 6402 evaluated, 5229 expanded, 75 reopened
[t=209.691667s, 62932 KB] New best heuristic value for landmark_sum_heuristic: 74
[t=209.691667s, 62932 KB] g=18, 6413 evaluated, 5237 expanded, 75 reopened
[t=220.396865s, 62932 KB] New best heuristic value for landmark_sum_heuristic: 73
[t=220.396865s, 62932 KB] g=19, 23434 evaluated, 18765 expanded, 450 reopened
[t=220.396865s, 62932 KB] New best heuristic value for landmark_sum_heuristic: 72
[t=220.396865s, 62932 KB] g=20, 23438 evaluated, 18768 expanded, 450 reopened
[t=220.396865s, 62932 KB] New best heuristic value for landmark_sum_heuristic: 71
[t=220.396865s, 62932 KB] g=20, 23440 evaluated, 18769 expanded, 450 reopened
[t=220.400859s, 62932 KB] New best heuristic value for landmark_sum_heuristic: 68
[t=220.400859s, 62932 KB] g=21, 23443 evaluated, 18771 expanded, 450 reopened
[t=220.400859s, 62932 KB] New best heuristic value for landmark_sum_heuristic: 67
[t=220.400859s, 62932 KB] g=21, 23444 evaluated, 18772 expanded, 450 reopened
[t=220.412844s, 62932 KB] New best heuristic value for landmark_sum_heuristic: 66
[t=220.412844s, 62932 KB] g=22, 23464 evaluated, 18788 expanded, 450 reopened
[t=220.420835s, 62932 KB] New best heuristic value for ff: 74
[t=220.420835s, 62932 KB] g=23, 23478 evaluated, 18799 expanded, 450 reopened
[t=220.420835s, 62932 KB] New best heuristic value for ff: 73
[t=220.420835s, 62932 KB] g=23, 23480 evaluated, 18801 expanded, 450 reopened
[t=220.440807s, 62932 KB] New best heuristic value for ff: 72
[t=220.440807s, 62932 KB] g=23, 23510 evaluated, 18826 expanded, 450 reopened
[t=220.440807s, 62932 KB] New best heuristic value for ff: 71
[t=220.440807s, 62932 KB] g=23, 23512 evaluated, 18828 expanded, 450 reopened
[t=220.456784s, 62932 KB] New best heuristic value for landmark_sum_heuristic: 65
[t=220.456784s, 62932 KB] New best heuristic value for ff: 56
[t=220.456784s, 62932 KB] g=25, 23544 evaluated, 18853 expanded, 450 reopened
[t=220.460782s, 62932 KB] New best heuristic value for landmark_sum_heuristic: 63
[t=220.460782s, 62932 KB] g=25, 23545 evaluated, 18854 expanded, 450 reopened
[t=220.460782s, 62932 KB] New best heuristic value for landmark_sum_heuristic: 61
[t=220.460782s, 62932 KB] New best heuristic value for ff: 51
[t=220.460782s, 62932 KB] g=25, 23546 evaluated, 18855 expanded, 450 reopened
[t=220.460782s, 62932 KB] New best heuristic value for landmark_sum_heuristic: 59
[t=220.460782s, 62932 KB] New best heuristic value for ff: 50
[t=220.460782s, 62932 KB] g=25, 23547 evaluated, 18856 expanded, 450 reopened
[t=220.460782s, 62932 KB] New best heuristic value for landmark_sum_heuristic: 57
[t=220.460782s, 62932 KB] New best heuristic value for ff: 45
[t=220.460782s, 62932 KB] g=25, 23548 evaluated, 18857 expanded, 450 reopened
[t=220.460782s, 62932 KB] New best heuristic value for landmark_sum_heuristic: 54
[t=220.460782s, 62932 KB] g=25, 23549 evaluated, 18858 expanded, 450 reopened
[t=220.460782s, 62932 KB] New best heuristic value for landmark_sum_heuristic: 52
[t=220.460782s, 62932 KB] g=25, 23550 evaluated, 18859 expanded, 450 reopened
[t=220.460782s, 62932 KB] New best heuristic value for ff: 44
[t=220.460782s, 62932 KB] g=25, 23551 evaluated, 18860 expanded, 450 reopened
[t=220.464775s, 62932 KB] New best heuristic value for landmark_sum_heuristic: 49
[t=220.464775s, 62932 KB] g=26, 23552 evaluated, 18861 expanded, 450 reopened
[t=220.464775s, 62932 KB] New best heuristic value for ff: 43
[t=220.464775s, 62932 KB] g=26, 23555 evaluated, 18863 expanded, 450 reopened
[t=220.464775s, 62932 KB] New best heuristic value for ff: 42
[t=220.464775s, 62932 KB] g=26, 23556 evaluated, 18864 expanded, 450 reopened
[t=220.464775s, 62932 KB] New best heuristic value for landmark_sum_heuristic: 48
[t=220.464775s, 62932 KB] New best heuristic value for ff: 41
[t=220.464775s, 62932 KB] g=26, 23557 evaluated, 18865 expanded, 450 reopened
[t=220.464775s, 62932 KB] New best heuristic value for ff: 40
[t=220.464775s, 62932 KB] g=26, 23558 evaluated, 18866 expanded, 450 reopened
[t=220.468781s, 62932 KB] New best heuristic value for ff: 38
[t=220.468781s, 62932 KB] g=27, 23562 evaluated, 18869 expanded, 450 reopened
[t=220.468781s, 62932 KB] New best heuristic value for ff: 37
[t=220.468781s, 62932 KB] g=27, 23563 evaluated, 18870 expanded, 450 reopened
[t=220.468781s, 62932 KB] New best heuristic value for ff: 36
[t=220.468781s, 62932 KB] g=27, 23564 evaluated, 18871 expanded, 450 reopened
[t=220.468781s, 62932 KB] New best heuristic value for ff: 35
[t=220.468781s, 62932 KB] g=27, 23566 evaluated, 18873 expanded, 450 reopened
[t=220.472763s, 62932 KB] New best heuristic value for landmark_sum_heuristic: 46
[t=220.472763s, 62932 KB] g=28, 23568 evaluated, 18875 expanded, 450 reopened
[t=220.472763s, 62932 KB] New best heuristic value for ff: 34
[t=220.472763s, 62932 KB] g=28, 23574 evaluated, 18880 expanded, 450 reopened
[t=220.472763s, 62932 KB] New best heuristic value for landmark_sum_heuristic: 45
[t=220.472763s, 62932 KB] New best heuristic value for ff: 33
[t=220.472763s, 62932 KB] g=28, 23575 evaluated, 18881 expanded, 450 reopened
[t=220.476766s, 62932 KB] New best heuristic value for ff: 32
[t=220.476766s, 62932 KB] g=28, 23576 evaluated, 18882 expanded, 450 reopened
[t=220.476766s, 62932 KB] New best heuristic value for landmark_sum_heuristic: 41
[t=220.476766s, 62932 KB] g=29, 23577 evaluated, 18883 expanded, 450 reopened
[t=220.476766s, 62932 KB] New best heuristic value for landmark_sum_heuristic: 40
[t=220.476766s, 62932 KB] New best heuristic value for ff: 31
[t=220.476766s, 62932 KB] g=29, 23578 evaluated, 18884 expanded, 450 reopened
[t=220.476766s, 62932 KB] New best heuristic value for ff: 30
[t=220.476766s, 62932 KB] g=29, 23580 evaluated, 18886 expanded, 450 reopened
[t=220.476766s, 62932 KB] New best heuristic value for landmark_sum_heuristic: 39
[t=220.476766s, 62932 KB] g=30, 23581 evaluated, 18887 expanded, 450 reopened
[t=220.480725s, 62932 KB] New best heuristic value for landmark_sum_heuristic: 38
[t=220.480725s, 62932 KB] New best heuristic value for ff: 29
[t=220.480725s, 62932 KB] g=30, 23584 evaluated, 18890 expanded, 450 reopened
[t=220.480725s, 62932 KB] New best heuristic value for ff: 28
[t=220.480725s, 62932 KB] g=30, 23586 evaluated, 18892 expanded, 450 reopened
[t=220.480725s, 62932 KB] New best heuristic value for landmark_sum_heuristic: 36
[t=220.480725s, 62932 KB] New best heuristic value for ff: 24
[t=220.480725s, 62932 KB] g=31, 23589 evaluated, 18895 expanded, 450 reopened
[t=220.480725s, 62932 KB] New best heuristic value for landmark_sum_heuristic: 34
[t=220.480725s, 62932 KB] New best heuristic value for ff: 23
[t=220.480725s, 62932 KB] g=31, 23590 evaluated, 18896 expanded, 450 reopened
[t=220.484720s, 62932 KB] New best heuristic value for landmark_sum_heuristic: 32
[t=220.484720s, 62932 KB] New best heuristic value for ff: 22
[t=220.484720s, 62932 KB] g=31, 23591 evaluated, 18897 expanded, 450 reopened
[t=220.484720s, 62932 KB] New best heuristic value for landmark_sum_heuristic: 30
[t=220.484720s, 62932 KB] New best heuristic value for ff: 21
[t=220.484720s, 62932 KB] g=31, 23592 evaluated, 18898 expanded, 450 reopened
[t=220.484720s, 62932 KB] New best heuristic value for landmark_sum_heuristic: 28
[t=220.484720s, 62932 KB] New best heuristic value for ff: 20
[t=220.484720s, 62932 KB] g=31, 23593 evaluated, 18899 expanded, 450 reopened
[t=220.484720s, 62932 KB] New best heuristic value for landmark_sum_heuristic: 26
[t=220.484720s, 62932 KB] New best heuristic value for ff: 19
[t=220.484720s, 62932 KB] g=31, 23594 evaluated, 18900 expanded, 450 reopened
[t=220.484720s, 62932 KB] New best heuristic value for landmark_sum_heuristic: 23
[t=220.484720s, 62932 KB] New best heuristic value for ff: 18
[t=220.484720s, 62932 KB] g=31, 23595 evaluated, 18901 expanded, 450 reopened
[t=220.484720s, 62932 KB] New best heuristic value for landmark_sum_heuristic: 21
[t=220.484720s, 62932 KB] New best heuristic value for ff: 17
[t=220.484720s, 62932 KB] g=31, 23596 evaluated, 18902 expanded, 450 reopened
[t=220.488714s, 62932 KB] New best heuristic value for ff: 16
[t=220.488714s, 62932 KB] g=31, 23607 evaluated, 18913 expanded, 450 reopened
[t=220.488714s, 62932 KB] New best heuristic value for ff: 15
[t=220.488714s, 62932 KB] g=31, 23608 evaluated, 18914 expanded, 450 reopened
[t=220.492711s, 62932 KB] New best heuristic value for ff: 14
[t=220.492711s, 62932 KB] g=31, 23610 evaluated, 18915 expanded, 450 reopened
[t=232.973976s, 62932 KB] New best heuristic value for landmark_sum_heuristic: 20
[t=232.973976s, 62932 KB] New best heuristic value for ff: 13
[t=232.973976s, 62932 KB] g=31, 46273 evaluated, 38509 expanded, 644 reopened
[t=232.973976s, 62932 KB] New best heuristic value for landmark_sum_heuristic: 19
[t=232.973976s, 62932 KB] New best heuristic value for ff: 12
[t=232.973976s, 62932 KB] g=31, 46274 evaluated, 38510 expanded, 644 reopened
[t=233.530986s, 62932 KB] New best heuristic value for landmark_sum_heuristic: 18
[t=233.530986s, 62932 KB] g=30, 47470 evaluated, 39598 expanded, 680 reopened
[t=233.534994s, 62932 KB] New best heuristic value for landmark_sum_heuristic: 17
[t=233.534994s, 62932 KB] New best heuristic value for ff: 11
[t=233.534994s, 62932 KB] g=31, 47476 evaluated, 39603 expanded, 680 reopened
[t=233.534994s, 62932 KB] New best heuristic value for landmark_sum_heuristic: 16
[t=233.534994s, 62932 KB] New best heuristic value for ff: 10
[t=233.534994s, 62932 KB] g=31, 47477 evaluated, 39604 expanded, 680 reopened
[t=272.612534s, 62932 KB] New best heuristic value for landmark_sum_heuristic: 12
[t=272.612534s, 62932 KB] New best heuristic value for ff: 6
[t=272.612534s, 62932 KB] g=31, 122773 evaluated, 105484 expanded, 2809 reopened
[t=272.612534s, 62932 KB] New best heuristic value for landmark_sum_heuristic: 10
[t=272.612534s, 62932 KB] New best heuristic value for ff: 5
[t=272.612534s, 62932 KB] g=31, 122774 evaluated, 105485 expanded, 2809 reopened
[t=272.612534s, 62932 KB] New best heuristic value for landmark_sum_heuristic: 8
[t=272.612534s, 62932 KB] New best heuristic value for ff: 4
[t=272.612534s, 62932 KB] g=31, 122775 evaluated, 105486 expanded, 2809 reopened
[t=272.612534s, 62932 KB] New best heuristic value for landmark_sum_heuristic: 6
[t=272.612534s, 62932 KB] New best heuristic value for ff: 3
[t=272.612534s, 62932 KB] g=31, 122776 evaluated, 105487 expanded, 2809 reopened
[t=272.612534s, 62932 KB] New best heuristic value for landmark_sum_heuristic: 4
[t=272.612534s, 62932 KB] New best heuristic value for ff: 2
[t=272.612534s, 62932 KB] g=31, 122777 evaluated, 105488 expanded, 2809 reopened
[t=272.616505s, 62932 KB] New best heuristic value for landmark_sum_heuristic: 2
[t=272.616505s, 62932 KB] New best heuristic value for ff: 1
[t=272.616505s, 62932 KB] g=31, 122778 evaluated, 105489 expanded, 2809 reopened
[t=272.616505s, 62932 KB] Solution found!
[t=272.616505s, 62932 KB] Actual search time: 67.130261s
move-to-card card-d1-s0-v3 card-d0-s1-v0 card-d1-s1-v4 pile-3 (1)
change-tableau-and-stop card-d1-s0-v3 pile-0 pile-3 (0)
make-unmovable-and-continue card-d1-s1-v4 card-d1-s1-v5 (0)
make-unmovable-and-stop-at-unmovable card-d1-s1-v5 card-d0-s0-v4 (0)
make-movable-and-stop card-d0-s1-v0 card-d0-s0-v0 (0)
start-dealing  (1)
deal-card card-d1-s1-v1 card-d1-s0-v2 deal-0 card-d0-s1-v0 pile-0 (0)
make-unmovable-and-stop-at-unmovable card-d0-s1-v0 card-d0-s0-v0 (0)
deal-card card-d1-s0-v2 card-d0-s0-v5 deal-0 card-d1-s1-v3 pile-1 (0)
make-unmovable-and-continue card-d1-s1-v3 card-d0-s1-v4 (0)
make-unmovable-and-stop-at-unmovable card-d0-s1-v4 card-d0-s0-v1 (0)
deal-card card-d0-s0-v5 card-d0-s0-v3 deal-0 card-d1-s0-v1 pile-2 (0)
make-unmovable-and-stop-at-unmovable card-d1-s0-v1 card-d1-s0-v5 (0)
deal-card card-d0-s0-v3 deal-0 deal-0 card-d1-s0-v3 pile-3 (0)
make-unmovable-and-stop-at-unmovable card-d1-s0-v3 card-d1-s1-v4 (0)
finish-dealing deal-0 deal-1 (0)
move-to-card card-d1-s0-v2 card-d1-s1-v3 card-d0-s0-v3 pile-3 (1)
change-tableau-and-stop card-d1-s0-v2 pile-1 pile-3 (0)
make-movable-and-continue card-d1-s1-v3 card-d0-s1-v4 (0)
make-movable-and-stop card-d0-s1-v4 card-d0-s0-v1 (0)
move-to-card card-d1-s1-v1 card-d0-s1-v0 card-d1-s0-v2 pile-3 (1)
change-tableau-and-stop card-d1-s1-v1 pile-0 pile-3 (0)
make-unmovable-and-continue card-d1-s0-v2 card-d0-s0-v3 (0)
make-unmovable-and-stop-at-unmovable card-d0-s0-v3 card-d1-s0-v3 (0)
make-movable-and-stop card-d0-s1-v0 card-d0-s0-v0 (0)
move-to-card card-d0-s1-v4 card-d0-s0-v1 card-d0-s0-v5 pile-2 (1)
change-tableau-and-continue card-d0-s1-v4 pile-1 pile-2 card-d1-s1-v3 (0)
change-tableau-and-stop card-d1-s1-v3 pile-1 pile-2 (0)
make-unmovable-and-stop-at-unmovable card-d0-s0-v5 card-d1-s0-v1 (0)
make-movable-and-stop card-d0-s0-v1 card-d1-s0-v4 (0)
move-to-card card-d0-s1-v0 card-d0-s0-v0 card-d1-s1-v1 pile-3 (1)
change-tableau-and-stop card-d0-s1-v0 pile-0 pile-3 (0)
make-movable-and-stop card-d0-s0-v0 card-d1-s1-v2 (0)
move-to-card card-d0-s0-v0 card-d1-s1-v2 card-d0-s0-v1 pile-1 (1)
change-tableau-and-stop card-d0-s0-v0 pile-0 pile-1 (0)
make-movable-and-stop card-d1-s1-v2 pile-0 (0)
move-to-card card-d1-s1-v1 card-d1-s0-v2 card-d1-s1-v2 pile-0 (1)
change-tableau-and-continue card-d1-s1-v1 pile-3 pile-0 card-d0-s1-v0 (0)
change-tableau-and-stop card-d0-s1-v0 pile-3 pile-0 (0)
make-movable-and-continue card-d1-s0-v2 card-d0-s0-v3 (0)
make-movable-and-stop card-d0-s0-v3 card-d1-s0-v3 (0)
move-to-card card-d0-s0-v1 card-d1-s0-v4 card-d1-s0-v2 pile-3 (1)
change-tableau-and-continue card-d0-s0-v1 pile-1 pile-3 card-d0-s0-v0 (0)
change-tableau-and-stop card-d0-s0-v0 pile-1 pile-3 (0)
make-movable-and-stop card-d1-s0-v4 pile-1 (0)
move-to-card card-d1-s1-v2 pile-0 card-d1-s1-v3 pile-2 (1)
change-tableau-and-continue card-d1-s1-v2 pile-0 pile-2 card-d1-s1-v1 (0)
change-tableau-and-continue card-d1-s1-v1 pile-0 pile-2 card-d0-s1-v0 (0)
change-tableau-and-stop card-d0-s1-v0 pile-0 pile-2 (0)
make-movable-ignore-pile pile-0 (0)
move-to-tableau card-d0-s1-v4 card-d0-s0-v5 pile-0 (1)
change-tableau-and-continue card-d0-s1-v4 pile-2 pile-0 card-d1-s1-v3 (0)
change-tableau-and-continue card-d1-s1-v3 pile-2 pile-0 card-d1-s1-v2 (0)
change-tableau-and-continue card-d1-s1-v2 pile-2 pile-0 card-d1-s1-v1 (0)
change-tableau-and-continue card-d1-s1-v1 pile-2 pile-0 card-d0-s1-v0 (0)
change-tableau-and-stop card-d0-s1-v0 pile-2 pile-0 (0)
make-movable-and-stop card-d0-s0-v5 card-d1-s0-v1 (0)
move-to-card card-d1-s0-v4 pile-1 card-d0-s0-v5 pile-2 (1)
change-tableau-and-stop card-d1-s0-v4 pile-1 pile-2 (0)
make-movable-ignore-pile pile-1 (0)
move-to-tableau card-d0-s0-v5 card-d1-s0-v1 pile-1 (1)
change-tableau-and-continue card-d0-s0-v5 pile-2 pile-1 card-d1-s0-v4 (0)
change-tableau-and-stop card-d1-s0-v4 pile-2 pile-1 (0)
make-movable-and-stop card-d1-s0-v1 card-d1-s0-v5 (0)
move-to-card card-d0-s0-v3 card-d1-s0-v3 card-d1-s0-v4 pile-1 (1)
change-tableau-and-continue card-d0-s0-v3 pile-3 pile-1 card-d1-s0-v2 (0)
change-tableau-and-continue card-d1-s0-v2 pile-3 pile-1 card-d0-s0-v1 (0)
change-tableau-and-continue card-d0-s0-v1 pile-3 pile-1 card-d0-s0-v0 (0)
change-tableau-and-stop card-d0-s0-v0 pile-3 pile-1 (0)
make-movable-and-stop card-d1-s0-v3 card-d1-s1-v4 (0)
start-collecting-deck card-d0-s0-v0 (1)
collect-card card-d0-s0-v0 card-d0-s0-v1 pile-1 (0)
collect-card card-d0-s0-v1 card-d1-s0-v2 pile-1 (0)
collect-card card-d1-s0-v2 card-d0-s0-v3 pile-1 (0)
collect-card card-d0-s0-v3 card-d1-s0-v4 pile-1 (0)
collect-card card-d1-s0-v4 card-d0-s0-v5 pile-1 (0)
finish-collecting-deck card-d0-s0-v5 pile-1 pile-1 (0)
make-movable-ignore-pile pile-1 (0)
move-to-tableau card-d1-s0-v3 card-d1-s1-v4 pile-1 (1)
change-tableau-and-stop card-d1-s0-v3 pile-3 pile-1 (0)
make-movable-and-continue card-d1-s1-v4 card-d1-s1-v5 (0)
make-movable-and-stop card-d1-s1-v5 card-d0-s0-v4 (0)
move-to-card card-d1-s1-v3 card-d0-s1-v4 card-d1-s1-v4 pile-3 (1)
change-tableau-and-continue card-d1-s1-v3 pile-0 pile-3 card-d1-s1-v2 (0)
change-tableau-and-continue card-d1-s1-v2 pile-0 pile-3 card-d1-s1-v1 (0)
change-tableau-and-continue card-d1-s1-v1 pile-0 pile-3 card-d0-s1-v0 (0)
change-tableau-and-stop card-d0-s1-v0 pile-0 pile-3 (0)
start-collecting-deck card-d0-s1-v0 (1)
collect-card card-d0-s1-v0 card-d1-s1-v1 pile-3 (0)
collect-card card-d1-s1-v1 card-d1-s1-v2 pile-3 (0)
collect-card card-d1-s1-v2 card-d1-s1-v3 pile-3 (0)
collect-card card-d1-s1-v3 card-d1-s1-v4 pile-3 (0)
collect-card card-d1-s1-v4 card-d1-s1-v5 pile-3 (0)
finish-collecting-deck card-d1-s1-v5 card-d0-s0-v4 pile-3 (0)
make-movable-and-stop card-d0-s0-v4 card-d0-s1-v3 (0)
move-to-card card-d1-s0-v3 pile-1 card-d0-s0-v4 pile-3 (1)
change-tableau-and-stop card-d1-s0-v3 pile-1 pile-3 (0)
make-movable-ignore-pile pile-1 (0)
move-to-tableau card-d0-s0-v4 card-d0-s1-v3 pile-1 (1)
change-tableau-and-continue card-d0-s0-v4 pile-3 pile-1 card-d1-s0-v3 (0)
change-tableau-and-stop card-d1-s0-v3 pile-3 pile-1 (0)
make-movable-and-stop card-d0-s1-v3 pile-3 (0)
move-to-card card-d0-s1-v3 pile-3 card-d0-s1-v4 pile-0 (1)
change-tableau-and-stop card-d0-s1-v3 pile-3 pile-0 (0)
make-movable-ignore-pile pile-3 (0)
move-to-tableau card-d1-s0-v1 card-d1-s0-v5 pile-3 (1)
change-tableau-and-stop card-d1-s0-v1 pile-2 pile-3 (0)
make-movable-and-stop card-d1-s0-v5 card-d1-s1-v0 (0)
start-dealing  (1)
deal-card card-d0-s1-v1 card-d0-s0-v2 deal-1 card-d0-s1-v3 pile-0 (0)
make-unmovable-and-continue card-d0-s1-v3 card-d0-s1-v4 (0)
make-unmovable-and-stop-at-tableau card-d0-s1-v4 pile-0 (0)
deal-card card-d0-s0-v2 card-d0-s1-v2 deal-1 card-d1-s0-v3 pile-1 (0)
deal-card card-d0-s1-v2 card-d1-s0-v0 deal-1 card-d1-s0-v5 pile-2 (0)
make-unmovable-and-stop-at-unmovable card-d1-s0-v5 card-d1-s1-v0 (0)
deal-card card-d1-s0-v0 deal-1 deal-1 card-d1-s0-v1 pile-3 (0)
finish-dealing deal-1 deal-2 (0)
move-to-card card-d1-s0-v1 pile-3 card-d0-s0-v2 pile-1 (1)
change-tableau-and-continue card-d1-s0-v1 pile-3 pile-1 card-d1-s0-v0 (0)
change-tableau-and-stop card-d1-s0-v0 pile-3 pile-1 (0)
make-movable-ignore-pile pile-3 (0)
move-to-card card-d0-s1-v1 card-d0-s1-v3 card-d0-s1-v2 pile-2 (1)
change-tableau-and-stop card-d0-s1-v1 pile-0 pile-2 (0)
make-movable-and-continue card-d0-s1-v3 card-d0-s1-v4 (0)
make-movable-and-stop card-d0-s1-v4 pile-0 (0)
move-to-card card-d0-s1-v2 card-d1-s0-v5 card-d0-s1-v3 pile-0 (1)
change-tableau-and-continue card-d0-s1-v2 pile-2 pile-0 card-d0-s1-v1 (0)
change-tableau-and-stop card-d0-s1-v1 pile-2 pile-0 (0)
make-movable-and-stop card-d1-s0-v5 card-d1-s1-v0 (0)
move-to-card card-d0-s0-v4 pile-1 card-d1-s0-v5 pile-2 (1)
change-tableau-and-continue card-d0-s0-v4 pile-1 pile-2 card-d1-s0-v3 (0)
change-tableau-and-continue card-d1-s0-v3 pile-1 pile-2 card-d0-s0-v2 (0)
change-tableau-and-continue card-d0-s0-v2 pile-1 pile-2 card-d1-s0-v1 (0)
change-tableau-and-continue card-d1-s0-v1 pile-1 pile-2 card-d1-s0-v0 (0)
change-tableau-and-stop card-d1-s0-v0 pile-1 pile-2 (0)
make-movable-ignore-pile pile-1 (0)
start-collecting-deck card-d1-s0-v0 (1)
collect-card card-d1-s0-v0 card-d1-s0-v1 pile-2 (0)
collect-card card-d1-s0-v1 card-d0-s0-v2 pile-2 (0)
collect-card card-d0-s0-v2 card-d1-s0-v3 pile-2 (0)
collect-card card-d1-s0-v3 card-d0-s0-v4 pile-2 (0)
collect-card card-d0-s0-v4 card-d1-s0-v5 pile-2 (0)
finish-collecting-deck card-d1-s0-v5 card-d1-s1-v0 pile-2 (0)
make-movable-and-stop card-d1-s1-v0 card-d0-s1-v5 (0)
move-to-card card-d1-s1-v0 card-d0-s1-v5 card-d0-s1-v1 pile-0 (1)
change-tableau-and-stop card-d1-s1-v0 pile-2 pile-0 (0)
make-movable-and-stop card-d0-s1-v5 pile-2 (0)
move-to-card card-d0-s1-v4 pile-0 card-d0-s1-v5 pile-2 (1)
change-tableau-and-continue card-d0-s1-v4 pile-0 pile-2 card-d0-s1-v3 (0)
change-tableau-and-continue card-d0-s1-v3 pile-0 pile-2 card-d0-s1-v2 (0)
change-tableau-and-continue card-d0-s1-v2 pile-0 pile-2 card-d0-s1-v1 (0)
change-tableau-and-continue card-d0-s1-v1 pile-0 pile-2 card-d1-s1-v0 (0)
change-tableau-and-stop card-d1-s1-v0 pile-0 pile-2 (0)
make-movable-ignore-pile pile-0 (0)
start-collecting-deck card-d1-s1-v0 (1)
collect-card card-d1-s1-v0 card-d0-s1-v1 pile-2 (0)
collect-card card-d0-s1-v1 card-d0-s1-v2 pile-2 (0)
collect-card card-d0-s1-v2 card-d0-s1-v3 pile-2 (0)
collect-card card-d0-s1-v3 card-d0-s1-v4 pile-2 (0)
collect-card card-d0-s1-v4 card-d0-s1-v5 pile-2 (0)
finish-collecting-deck card-d0-s1-v5 pile-2 pile-2 (0)
[t=272.616505s, 62932 KB] Plan length: 161 step(s).
[t=272.616505s, 62932 KB] Plan cost: 31
[t=272.616505s, 62932 KB] Expanded 105490 state(s).
[t=272.616505s, 62932 KB] Reopened 2809 state(s).
[t=272.616505s, 62932 KB] Evaluated 122779 state(s).
[t=272.616505s, 62932 KB] Evaluations: 225461
[t=272.616505s, 62932 KB] Generated 185609 state(s).
[t=272.616505s, 62932 KB] Dead ends: 17288 state(s).
[t=272.616505s, 62932 KB] Number of registered states: 119970
[t=272.616505s, 62932 KB] Int hash set load factor: 119970/262144 = 0.457649
[t=272.616505s, 62932 KB] Int hash set resizes: 18
[t=272.616505s, 62932 KB] Best solution cost so far: 31
[t=272.616505s, 62932 KB] Solution found - keep searching
[t=272.616505s, 62932 KB] Building successor generator...done!
[t=272.616505s, 62932 KB] peak memory difference for successor generator creation: 0 KB
[t=272.616505s, 62932 KB] time for successor generation creation: 0.000000s
[t=272.616505s, 62932 KB] Variables: 376
[t=272.616505s, 62932 KB] FactPairs: 1081
[t=272.616505s, 62932 KB] Bytes per state: 60
[t=272.616505s, 62932 KB] Starting search: lazy_wastar
[t=272.616505s, 62932 KB] Conducting lazy best first search, (real) bound = 31
[t=272.616505s, 62932 KB] New best heuristic value for landmark_sum_heuristic: 151
[t=272.616505s, 62932 KB] New best heuristic value for ff: 144
[t=272.616505s, 62932 KB] g=0, 1 evaluated, 0 expanded
[t=272.616505s, 62932 KB] Initial heuristic value for landmark_sum_heuristic: 151
[t=272.616505s, 62932 KB] Initial heuristic value for ff: 144
[t=272.616505s, 62932 KB] New best heuristic value for landmark_sum_heuristic: 146
[t=272.616505s, 62932 KB] g=1, 2 evaluated, 1 expanded
[t=272.620478s, 62932 KB] New best heuristic value for landmark_sum_heuristic: 145
[t=272.620478s, 62932 KB] g=1, 3 evaluated, 2 expanded
[t=272.620478s, 62932 KB] New best heuristic value for ff: 137
[t=272.620478s, 62932 KB] g=1, 6 evaluated, 5 expanded
[t=272.628444s, 62932 KB] New best heuristic value for landmark_sum_heuristic: 141
[t=272.628444s, 62932 KB] g=2, 11 evaluated, 10 expanded
[t=272.628444s, 62932 KB] New best heuristic value for landmark_sum_heuristic: 140
[t=272.628444s, 62932 KB] g=2, 13 evaluated, 12 expanded
[t=272.632416s, 62932 KB] New best heuristic value for ff: 136
[t=272.632416s, 62932 KB] g=1, 18 evaluated, 17 expanded
[t=272.636389s, 62932 KB] New best heuristic value for landmark_sum_heuristic: 139
[t=272.640362s, 62932 KB] g=3, 24 evaluated, 21 expanded
[t=272.644339s, 62932 KB] New best heuristic value for landmark_sum_heuristic: 137
[t=272.644339s, 62932 KB] g=3, 30 evaluated, 27 expanded
[t=272.644339s, 62932 KB] New best heuristic value for landmark_sum_heuristic: 136
[t=272.644339s, 62932 KB] g=2, 32 evaluated, 29 expanded
[t=272.648311s, 62932 KB] New best heuristic value for landmark_sum_heuristic: 135
[t=272.648311s, 62932 KB] g=3, 35 evaluated, 32 expanded
[t=272.652288s, 62932 KB] New best heuristic value for landmark_sum_heuristic: 133
[t=272.652288s, 62932 KB] g=3, 39 evaluated, 36 expanded
[t=272.652288s, 62932 KB] New best heuristic value for landmark_sum_heuristic: 132
[t=272.652288s, 62932 KB] g=3, 40 evaluated, 37 expanded
[t=272.652288s, 62932 KB] New best heuristic value for landmark_sum_heuristic: 130
[t=272.652288s, 62932 KB] g=3, 41 evaluated, 38 expanded
[t=272.652288s, 62932 KB] New best heuristic value for ff: 135
[t=272.652288s, 62932 KB] g=3, 42 evaluated, 39 expanded
[t=272.656265s, 62932 KB] New best heuristic value for landmark_sum_heuristic: 128
[t=272.656265s, 62932 KB] g=3, 44 evaluated, 41 expanded
[t=272.656265s, 62932 KB] New best heuristic value for landmark_sum_heuristic: 127
[t=272.656265s, 62932 KB] g=3, 45 evaluated, 42 expanded
[t=272.656265s, 62932 KB] New best heuristic value for landmark_sum_heuristic: 125
[t=272.656265s, 62932 KB] g=3, 46 evaluated, 43 expanded
[t=272.656265s, 62932 KB] New best heuristic value for landmark_sum_heuristic: 124
[t=272.656265s, 62932 KB] g=3, 48 evaluated, 45 expanded
[t=272.660242s, 62932 KB] New best heuristic value for landmark_sum_heuristic: 123
[t=272.660242s, 62932 KB] g=3, 49 evaluated, 46 expanded
[t=272.660242s, 62932 KB] New best heuristic value for landmark_sum_heuristic: 122
[t=272.660242s, 62932 KB] g=4, 53 evaluated, 49 expanded
[t=272.660242s, 62932 KB] New best heuristic value for landmark_sum_heuristic: 121
[t=272.660242s, 62932 KB] g=4, 54 evaluated, 50 expanded
[t=272.680118s, 62932 KB] New best heuristic value for ff: 134
[t=272.680118s, 62932 KB] g=4, 83 evaluated, 76 expanded
[t=272.696045s, 62932 KB] New best heuristic value for landmark_sum_heuristic: 120
[t=272.696045s, 62932 KB] g=6, 107 evaluated, 95 expanded
[t=272.747716s, 62932 KB] New best heuristic value for ff: 133
[t=272.747716s, 62932 KB] g=3, 181 evaluated, 161 expanded
[t=272.807353s, 62932 KB] New best heuristic value for landmark_sum_heuristic: 119
[t=272.807353s, 62932 KB] g=7, 273 evaluated, 239 expanded
[t=272.807353s, 62932 KB] New best heuristic value for ff: 132
[t=272.807353s, 62932 KB] g=7, 274 evaluated, 240 expanded
[t=272.807353s, 62932 KB] New best heuristic value for ff: 131
[t=272.807353s, 62932 KB] g=7, 275 evaluated, 241 expanded
[t=272.815311s, 62932 KB] New best heuristic value for landmark_sum_heuristic: 118
[t=272.815311s, 62932 KB] g=8, 282 evaluated, 246 expanded
[t=272.815311s, 62932 KB] New best heuristic value for ff: 130
[t=272.815311s, 62932 KB] g=8, 284 evaluated, 248 expanded
[t=272.823258s, 62932 KB] New best heuristic value for landmark_sum_heuristic: 117
[t=272.823258s, 62932 KB] g=9, 298 evaluated, 260 expanded
[t=272.831214s, 62932 KB] New best heuristic value for landmark_sum_heuristic: 116
[t=272.831214s, 62932 KB] g=10, 311 evaluated, 272 expanded
[t=272.835187s, 62932 KB] New best heuristic value for landmark_sum_heuristic: 115
[t=272.835187s, 62932 KB] g=10, 313 evaluated, 274 expanded
[t=272.835187s, 62932 KB] New best heuristic value for ff: 120
[t=272.835187s, 62932 KB] g=10, 315 evaluated, 276 expanded
[t=272.835187s, 62932 KB] New best heuristic value for landmark_sum_heuristic: 110
[t=272.835187s, 62932 KB] g=11, 316 evaluated, 277 expanded
[t=272.839181s, 62932 KB] New best heuristic value for landmark_sum_heuristic: 109
[t=272.839181s, 62932 KB] g=11, 317 evaluated, 278 expanded
[t=272.839181s, 62932 KB] New best heuristic value for ff: 117
[t=272.839181s, 62932 KB] g=11, 319 evaluated, 280 expanded
[t=272.839181s, 62932 KB] New best heuristic value for landmark_sum_heuristic: 108
[t=272.839181s, 62932 KB] g=12, 320 evaluated, 281 expanded
[t=272.843147s, 62932 KB] New best heuristic value for landmark_sum_heuristic: 104
[t=272.843147s, 62932 KB] g=12, 321 evaluated, 282 expanded
[t=272.847125s, 62932 KB] New best heuristic value for landmark_sum_heuristic: 103
[t=272.847125s, 62932 KB] g=12, 326 evaluated, 286 expanded
[t=272.847125s, 62932 KB] New best heuristic value for ff: 108
[t=272.847125s, 62932 KB] g=12, 328 evaluated, 287 expanded
[t=272.847125s, 62932 KB] New best heuristic value for landmark_sum_heuristic: 100
[t=272.847125s, 62932 KB] g=13, 329 evaluated, 288 expanded
[t=272.847125s, 62932 KB] New best heuristic value for landmark_sum_heuristic: 99
[t=272.847125s, 62932 KB] g=13, 330 evaluated, 289 expanded
[t=272.851095s, 62932 KB] New best heuristic value for landmark_sum_heuristic: 97
[t=272.851095s, 62932 KB] g=13, 333 evaluated, 292 expanded
[t=272.851095s, 62932 KB] New best heuristic value for landmark_sum_heuristic: 96
[t=272.851095s, 62932 KB] g=13, 334 evaluated, 293 expanded
[t=272.855069s, 62932 KB] New best heuristic value for landmark_sum_heuristic: 92
[t=272.855069s, 62932 KB] g=14, 338 evaluated, 295 expanded
[t=272.855069s, 62932 KB] New best heuristic value for landmark_sum_heuristic: 91
[t=272.855069s, 62932 KB] g=14, 339 evaluated, 296 expanded
[t=272.870973s, 62932 KB] New best heuristic value for ff: 102
[t=272.870973s, 62932 KB] g=14, 370 evaluated, 315 expanded
[t=272.918686s, 62932 KB] New best heuristic value for landmark_sum_heuristic: 90
[t=272.922697s, 62932 KB] g=18, 453 evaluated, 370 expanded
[t=274.668958s, 62932 KB] New best heuristic value for landmark_sum_heuristic: 89
[t=274.672940s, 62932 KB] New best heuristic value for ff: 101
[t=274.672940s, 62932 KB] g=13, 3202 evaluated, 2590 expanded, 25 reopened
[t=274.672940s, 62932 KB] New best heuristic value for landmark_sum_heuristic: 86
[t=274.672940s, 62932 KB] g=13, 3203 evaluated, 2591 expanded, 25 reopened
[t=276.699458s, 62932 KB] New best heuristic value for ff: 98
[t=276.699458s, 62932 KB] g=15, 6366 evaluated, 5200 expanded, 75 reopened
[t=276.699458s, 62932 KB] New best heuristic value for ff: 92
[t=276.699458s, 62932 KB] g=15, 6367 evaluated, 5201 expanded, 75 reopened
[t=276.703443s, 62932 KB] New best heuristic value for ff: 84
[t=276.703443s, 62932 KB] g=15, 6368 evaluated, 5202 expanded, 75 reopened
[t=276.703443s, 62932 KB] New best heuristic value for landmark_sum_heuristic: 84
[t=276.703443s, 62932 KB] g=15, 6369 evaluated, 5203 expanded, 75 reopened
[t=276.703443s, 62932 KB] New best heuristic value for landmark_sum_heuristic: 81
[t=276.703443s, 62932 KB] g=15, 6370 evaluated, 5204 expanded, 75 reopened
[t=276.703443s, 62932 KB] New best heuristic value for landmark_sum_heuristic: 80
[t=276.703443s, 62932 KB] g=16, 6372 evaluated, 5206 expanded, 75 reopened
[t=276.703443s, 62932 KB] New best heuristic value for landmark_sum_heuristic: 79
[t=276.707425s, 62932 KB] g=16, 6373 evaluated, 5207 expanded, 75 reopened
[t=276.707425s, 62932 KB] New best heuristic value for landmark_sum_heuristic: 78
[t=276.707425s, 62932 KB] g=16, 6374 evaluated, 5208 expanded, 75 reopened
[t=276.707425s, 62932 KB] New best heuristic value for landmark_sum_heuristic: 76
[t=276.707425s, 62932 KB] g=17, 6378 evaluated, 5211 expanded, 75 reopened
[t=276.711412s, 62932 KB] New best heuristic value for ff: 83
[t=276.711412s, 62932 KB] g=17, 6382 evaluated, 5214 expanded, 75 reopened
[t=276.711412s, 62932 KB] New best heuristic value for landmark_sum_heuristic: 75
[t=276.711412s, 62932 KB] New best heuristic value for ff: 82
[t=276.711412s, 62932 KB] g=17, 6383 evaluated, 5215 expanded, 75 reopened
[t=276.715396s, 62932 KB] New best heuristic value for ff: 76
[t=276.715396s, 62932 KB] g=18, 6392 evaluated, 5221 expanded, 75 reopened
[t=276.723364s, 62932 KB] New best heuristic value for ff: 75
[t=276.723364s, 62932 KB] g=16, 6402 evaluated, 5229 expanded, 75 reopened
[t=276.727350s, 62932 KB] New best heuristic value for landmark_sum_heuristic: 74
[t=276.727350s, 62932 KB] g=18, 6413 evaluated, 5237 expanded, 75 reopened
[t=287.270519s, 62932 KB] New best heuristic value for landmark_sum_heuristic: 73
[t=287.270519s, 62932 KB] g=19, 23434 evaluated, 18765 expanded, 450 reopened
[t=287.270519s, 62932 KB] New best heuristic value for landmark_sum_heuristic: 72
[t=287.270519s, 62932 KB] g=20, 23438 evaluated, 18768 expanded, 450 reopened
[t=287.274545s, 62932 KB] New best heuristic value for landmark_sum_heuristic: 71
[t=287.274545s, 62932 KB] g=20, 23440 evaluated, 18769 expanded, 450 reopened
[t=287.274545s, 62932 KB] New best heuristic value for landmark_sum_heuristic: 68
[t=287.274545s, 62932 KB] g=21, 23443 evaluated, 18771 expanded, 450 reopened
[t=287.274545s, 62932 KB] New best heuristic value for landmark_sum_heuristic: 67
[t=287.274545s, 62932 KB] g=21, 23444 evaluated, 18772 expanded, 450 reopened
[t=287.286624s, 62932 KB] New best heuristic value for landmark_sum_heuristic: 66
[t=287.286624s, 62932 KB] g=22, 23464 evaluated, 18788 expanded, 450 reopened
[t=287.294678s, 62932 KB] New best heuristic value for ff: 74
[t=287.294678s, 62932 KB] g=23, 23478 evaluated, 18799 expanded, 450 reopened
[t=287.294678s, 62932 KB] New best heuristic value for ff: 73
[t=287.294678s, 62932 KB] g=23, 23480 evaluated, 18801 expanded, 450 reopened
[t=287.310785s, 62932 KB] New best heuristic value for ff: 72
[t=287.310785s, 62932 KB] g=23, 23510 evaluated, 18826 expanded, 450 reopened
[t=287.310785s, 62932 KB] New best heuristic value for ff: 71
[t=287.310785s, 62932 KB] g=23, 23512 evaluated, 18828 expanded, 450 reopened
[t=287.330918s, 62932 KB] New best heuristic value for landmark_sum_heuristic: 65
[t=287.330918s, 62932 KB] New best heuristic value for ff: 56
[t=287.330918s, 62932 KB] g=25, 23544 evaluated, 18853 expanded, 450 reopened
[t=287.330918s, 62932 KB] New best heuristic value for landmark_sum_heuristic: 63
[t=287.330918s, 62932 KB] g=25, 23545 evaluated, 18854 expanded, 450 reopened
[t=287.330918s, 62932 KB] New best heuristic value for landmark_sum_heuristic: 61
[t=287.330918s, 62932 KB] New best heuristic value for ff: 51
[t=287.330918s, 62932 KB] g=25, 23546 evaluated, 18855 expanded, 450 reopened
[t=287.330918s, 62932 KB] New best heuristic value for landmark_sum_heuristic: 59
[t=287.330918s, 62932 KB] New best heuristic value for ff: 50
[t=287.330918s, 62932 KB] g=25, 23547 evaluated, 18856 expanded, 450 reopened
[t=287.330918s, 62932 KB] New best heuristic value for landmark_sum_heuristic: 57
[t=287.330918s, 62932 KB] New best heuristic value for ff: 45
[t=287.330918s, 62932 KB] g=25, 23548 evaluated, 18857 expanded, 450 reopened
[t=287.330918s, 62932 KB] New best heuristic value for landmark_sum_heuristic: 54
[t=287.330918s, 62932 KB] g=25, 23549 evaluated, 18858 expanded, 450 reopened
[t=287.334949s, 62932 KB] New best heuristic value for landmark_sum_heuristic: 52
[t=287.334949s, 62932 KB] g=25, 23550 evaluated, 18859 expanded, 450 reopened
[t=287.334949s, 62932 KB] New best heuristic value for ff: 44
[t=287.334949s, 62932 KB] g=25, 23551 evaluated, 18860 expanded, 450 reopened
[t=287.334949s, 62932 KB] New best heuristic value for landmark_sum_heuristic: 49
[t=287.334949s, 62932 KB] g=26, 23552 evaluated, 18861 expanded, 450 reopened
[t=287.334949s, 62932 KB] New best heuristic value for ff: 43
[t=287.334949s, 62932 KB] g=26, 23555 evaluated, 18863 expanded, 450 reopened
[t=287.338978s, 62932 KB] New best heuristic value for ff: 42
[t=287.338978s, 62932 KB] g=26, 23556 evaluated, 18864 expanded, 450 reopened
[t=287.338978s, 62932 KB] New best heuristic value for landmark_sum_heuristic: 48
[t=287.338978s, 62932 KB] New best heuristic value for ff: 41
[t=287.338978s, 62932 KB] g=26, 23557 evaluated, 18865 expanded, 450 reopened
[t=287.338978s, 62932 KB] New best heuristic value for ff: 40
[t=287.338978s, 62932 KB] g=26, 23558 evaluated, 18866 expanded, 450 reopened
[t=287.338978s, 62932 KB] New best heuristic value for ff: 38
[t=287.338978s, 62932 KB] g=27, 23562 evaluated, 18869 expanded, 450 reopened
[t=287.338978s, 62932 KB] New best heuristic value for ff: 37
[t=287.338978s, 62932 KB] g=27, 23563 evaluated, 18870 expanded, 450 reopened
[t=287.343001s, 62932 KB] New best heuristic value for ff: 36
[t=287.343001s, 62932 KB] g=27, 23564 evaluated, 18871 expanded, 450 reopened
[t=287.343001s, 62932 KB] New best heuristic value for ff: 35
[t=287.343001s, 62932 KB] g=27, 23566 evaluated, 18873 expanded, 450 reopened
[t=287.343001s, 62932 KB] New best heuristic value for landmark_sum_heuristic: 46
[t=287.343001s, 62932 KB] g=28, 23568 evaluated, 18875 expanded, 450 reopened
[t=287.347026s, 62932 KB] New best heuristic value for ff: 34
[t=287.347026s, 62932 KB] g=28, 23574 evaluated, 18880 expanded, 450 reopened
[t=287.347026s, 62932 KB] New best heuristic value for landmark_sum_heuristic: 45
[t=287.347026s, 62932 KB] New best heuristic value for ff: 33
[t=287.347026s, 62932 KB] g=28, 23575 evaluated, 18881 expanded, 450 reopened
[t=287.347026s, 62932 KB] New best heuristic value for ff: 32
[t=287.347026s, 62932 KB] g=28, 23576 evaluated, 18882 expanded, 450 reopened
[t=287.347026s, 62932 KB] New best heuristic value for landmark_sum_heuristic: 41
[t=287.347026s, 62932 KB] g=29, 23577 evaluated, 18883 expanded, 450 reopened
[t=287.347026s, 62932 KB] New best heuristic value for landmark_sum_heuristic: 40
[t=287.347026s, 62932 KB] New best heuristic value for ff: 31
[t=287.347026s, 62932 KB] g=29, 23578 evaluated, 18884 expanded, 450 reopened
[t=287.351150s, 62932 KB] New best heuristic value for ff: 30
[t=287.351150s, 62932 KB] g=29, 23580 evaluated, 18886 expanded, 450 reopened
[t=287.351150s, 62932 KB] New best heuristic value for landmark_sum_heuristic: 39
[t=287.351150s, 62932 KB] g=30, 23581 evaluated, 18887 expanded, 450 reopened
[t=287.351150s, 62932 KB] New best heuristic value for landmark_sum_heuristic: 38
[t=287.351150s, 62932 KB] New best heuristic value for ff: 29
[t=287.351150s, 62932 KB] g=30, 23584 evaluated, 18890 expanded, 450 reopened
[t=287.355079s, 62932 KB] New best heuristic value for ff: 28
[t=287.355079s, 62932 KB] g=30, 23586 evaluated, 18892 expanded, 450 reopened
[t=287.355079s, 62932 KB] New best heuristic value for ff: 26
[t=287.355079s, 62932 KB] g=30, 23587 evaluated, 18893 expanded, 450 reopened
[t=287.355079s, 62932 KB] New best heuristic value for landmark_sum_heuristic: 36
[t=287.355079s, 62932 KB] New best heuristic value for ff: 25
[t=287.355079s, 62932 KB] g=30, 23588 evaluated, 18894 expanded, 450 reopened
[t=287.355079s, 62932 KB] New best heuristic value for landmark_sum_heuristic: 34
[t=287.355079s, 62932 KB] New best heuristic value for ff: 24
[t=287.355079s, 62932 KB] g=30, 23589 evaluated, 18895 expanded, 450 reopened
[t=287.355079s, 62932 KB] New best heuristic value for landmark_sum_heuristic: 32
[t=287.355079s, 62932 KB] New best heuristic value for ff: 23
[t=287.355079s, 62932 KB] g=30, 23590 evaluated, 18896 expanded, 450 reopened
[t=287.355079s, 62932 KB] New best heuristic value for landmark_sum_heuristic: 30
[t=287.355079s, 62932 KB] New best heuristic value for ff: 22
[t=287.355079s, 62932 KB] g=30, 23591 evaluated, 18897 expanded, 450 reopened
[t=287.355079s, 62932 KB] New best heuristic value for landmark_sum_heuristic: 28
[t=287.355079s, 62932 KB] New best heuristic value for ff: 21
[t=287.355079s, 62932 KB] g=30, 23592 evaluated, 18898 expanded, 450 reopened
[t=287.355079s, 62932 KB] New best heuristic value for landmark_sum_heuristic: 25
[t=287.355079s, 62932 KB] New best heuristic value for ff: 20
[t=287.355079s, 62932 KB] g=30, 23593 evaluated, 18899 expanded, 450 reopened
[t=287.359110s, 62932 KB] New best heuristic value for landmark_sum_heuristic: 23
[t=287.359110s, 62932 KB] New best heuristic value for ff: 19
[t=287.359110s, 62932 KB] g=30, 23594 evaluated, 18900 expanded, 450 reopened
[t=287.363132s, 62932 KB] New best heuristic value for ff: 18
[t=287.363132s, 62932 KB] g=30, 23606 evaluated, 18912 expanded, 450 reopened
[t=287.363132s, 62932 KB] New best heuristic value for ff: 17
[t=287.363132s, 62932 KB] g=30, 23607 evaluated, 18913 expanded, 450 reopened
[t=287.363132s, 62932 KB] New best heuristic value for ff: 16
[t=287.363132s, 62932 KB] g=30, 23608 evaluated, 18914 expanded, 450 reopened
[t=297.785465s, 62932 KB] New best heuristic value for ff: 15
[t=297.785465s, 62932 KB] g=29, 42766 evaluated, 35445 expanded, 594 reopened
[t=297.785465s, 62932 KB] New best heuristic value for ff: 14
[t=297.785465s, 62932 KB] g=29, 42767 evaluated, 35446 expanded, 594 reopened
[t=297.789477s, 62932 KB] New best heuristic value for landmark_sum_heuristic: 21
[t=297.789477s, 62932 KB] g=30, 42768 evaluated, 35447 expanded, 594 reopened
[t=297.789477s, 62932 KB] New best heuristic value for landmark_sum_heuristic: 20
[t=297.789477s, 62932 KB] New best heuristic value for ff: 13
[t=297.789477s, 62932 KB] g=30, 42775 evaluated, 35453 expanded, 594 reopened
[t=297.789477s, 62932 KB] New best heuristic value for landmark_sum_heuristic: 19
[t=297.789477s, 62932 KB] New best heuristic value for ff: 12
[t=297.789477s, 62932 KB] g=30, 42776 evaluated, 35454 expanded, 594 reopened
Peak memory: 62932 KB
caught signal 24 -- exiting
Time limit has been reached.
Remove intermediate file output.sas
search exit code: 23

Driver aborting after search
INFO     Planner time: 299.75s
